product_id,titre,variant_id,ancien_prix,ancien_prix_barre,cout,statut,nouveau_prix
gid://shopify/Product/15790642626885,LÉYA,gid://shopify/ProductVariant/57603605365061,300.0,360.00,157.37,update,378
gid://shopify/Product/15790642626885,LÉYA,gid://shopify/ProductVariant/57603605397829,300.0,360.00,157.37,update,378
gid://shopify/Product/15790642626885,LÉYA,gid://shopify/ProductVariant/57603605299525,400.0,480.00,251.59,update,604
gid://shopify/Product/15790642626885,LÉYA,gid://shopify/ProductVariant/57603605332293,400.0,480.00,251.59,update,604
gid://shopify/Product/15790642626885,LÉYA,gid://shopify/ProductVariant/57603605233989,500.0,600.00,341.07,update,819
gid://shopify/Product/15790642626885,LÉYA,gid://shopify/ProductVariant/57603605266757,500.0,600.00,341.07,update,819
gid://shopify/Product/15790642626885,LÉYA,gid://shopify/ProductVariant/57603605168453,600.0,720.00,430.55,update,1033
gid://shopify/Product/15790642626885,LÉYA,gid://shopify/ProductVariant/57603605201221,600.0,720.00,430.55,update,1033
gid://shopify/Product/15790642659653,NEBA,gid://shopify/ProductVariant/57603606577477,150.0,180.00,54.86,update,132
gid://shopify/Product/15790642659653,NEBA,gid://shopify/ProductVariant/57603606446405,200.0,240.00,65.02,update,156
gid://shopify/Product/15790642659653,NEBA,gid://shopify/ProductVariant/57603606315333,220.0,264.00,75.76,update,182
gid://shopify/Product/15790642856261,BEAMY,gid://shopify/ProductVariant/57603608871237,3500.0,4200.00,1770.76,update,4250
gid://shopify/Product/15790642856261,BEAMY,gid://shopify/ProductVariant/57603608936773,5000.0,6000.00,2485.15,update,5964
gid://shopify/Product/15790642856261,BEAMY,gid://shopify/ProductVariant/57603608838469,6500.0,7800.00,3124.71,update,7499
gid://shopify/Product/15790642856261,BEAMY,gid://shopify/ProductVariant/57603608969541,8000.0,9600.00,3456.1,update,8295
gid://shopify/Product/15790642889029,SOLIS,gid://shopify/ProductVariant/57603609166149,280.0,336.00,98.85,update,237
gid://shopify/Product/15790642889029,SOLIS,gid://shopify/ProductVariant/57603609198917,350.0,420.00,110.26,update,265
gid://shopify/Product/15790642889029,SOLIS,gid://shopify/ProductVariant/57603609297221,420.0,504.00,133.07,update,319
gid://shopify/Product/15790642889029,SOLIS,gid://shopify/ProductVariant/57603609395525,280.0,336.00,110.26,update,265
gid://shopify/Product/15790642889029,SOLIS,gid://shopify/ProductVariant/57603609362757,350.0,420.00,121.66,update,292
gid://shopify/Product/15790642889029,SOLIS,gid://shopify/ProductVariant/57603609231685,420.0,504.00,144.47,update,347
gid://shopify/Product/15790642889029,SOLIS,gid://shopify/ProductVariant/57603609329989,280.0,336.00,98.85,update,237
gid://shopify/Product/15790642889029,SOLIS,gid://shopify/ProductVariant/57603609264453,350.0,420.00,110.26,update,265
gid://shopify/Product/15790642889029,SOLIS,gid://shopify/ProductVariant/57603609428293,420.0,504.00,133.07,update,319
gid://shopify/Product/15790643020101,VEYA,gid://shopify/ProductVariant/57603611427141,350.0,420.00,141.58,update,340
gid://shopify/Product/15790643020101,VEYA,gid://shopify/ProductVariant/57603611296069,400.0,480.00,174.59,update,419
gid://shopify/Product/15790643020101,VEYA,gid://shopify/ProductVariant/57603611164997,450.0,540.00,207.94,update,499
gid://shopify/Product/15790643020101,VEYA,gid://shopify/ProductVariant/57603611033925,500.0,600.00,190.16,update,456
gid://shopify/Product/15790643118405,ONDÉA,gid://shopify/ProductVariant/57603612574021,150.0,180.00,52.5,update,126
gid://shopify/Product/15790643118405,ONDÉA,gid://shopify/ProductVariant/57603612639557,150.0,180.00,52.5,update,126
gid://shopify/Product/15790643118405,ONDÉA,gid://shopify/ProductVariant/57603613294917,300.0,360.00,106.53,update,256
gid://shopify/Product/15790643118405,ONDÉA,gid://shopify/ProductVariant/57603613327685,300.0,360.00,106.53,update,256
gid://shopify/Product/15790643118405,ONDÉA,gid://shopify/ProductVariant/57603613360453,300.0,360.00,106.53,update,256
gid://shopify/Product/15790643118405,ONDÉA,gid://shopify/ProductVariant/57603613458757,300.0,360.00,106.53,update,256
gid://shopify/Product/15790643118405,ONDÉA,gid://shopify/ProductVariant/57603612770629,400.0,480.00,136.96,update,329
gid://shopify/Product/15790643118405,ONDÉA,gid://shopify/ProductVariant/57603613032773,400.0,480.00,136.96,update,329
gid://shopify/Product/15790643118405,ONDÉA,gid://shopify/ProductVariant/57603613098309,400.0,480.00,136.96,update,329
gid://shopify/Product/15790643118405,ONDÉA,gid://shopify/ProductVariant/57603613163845,400.0,480.00,136.96,update,329
gid://shopify/Product/15790643118405,ONDÉA,gid://shopify/ProductVariant/57603613229381,400.0,480.00,136.96,update,329
gid://shopify/Product/15790643118405,ONDÉA,gid://shopify/ProductVariant/57603612705093,500.0,600.00,235.88,update,566
gid://shopify/Product/15790643118405,ONDÉA,gid://shopify/ProductVariant/57603612836165,500.0,600.00,235.88,update,566
gid://shopify/Product/15790643118405,ONDÉA,gid://shopify/ProductVariant/57603612901701,500.0,600.00,235.88,update,566
gid://shopify/Product/15790643118405,ONDÉA,gid://shopify/ProductVariant/57603612967237,500.0,600.00,235.88,update,566
gid://shopify/Product/15790643151173,ORION,gid://shopify/ProductVariant/57603613720901,250.0,300.00,135.1,update,324
gid://shopify/Product/15790643151173,ORION,gid://shopify/ProductVariant/57603613655365,350.0,420.00,199.85,update,480
gid://shopify/Product/15790643151173,ORION,gid://shopify/ProductVariant/57603613589829,500.0,600.00,399.7,update,959
gid://shopify/Product/15790643151173,ORION,gid://shopify/ProductVariant/57603613917509,250.0,300.00,135.1,update,324
gid://shopify/Product/15790643151173,ORION,gid://shopify/ProductVariant/57603613851973,350.0,420.00,199.85,update,480
gid://shopify/Product/15790643151173,ORION,gid://shopify/ProductVariant/57603613786437,500.0,600.00,399.7,update,959
gid://shopify/Product/15790643151173,ORION,gid://shopify/ProductVariant/57603614114117,250.0,300.00,135.1,update,324
gid://shopify/Product/15790643151173,ORION,gid://shopify/ProductVariant/57603614048581,350.0,420.00,199.85,update,480
gid://shopify/Product/15790643151173,ORION,gid://shopify/ProductVariant/57603613983045,500.0,600.00,399.7,update,959
gid://shopify/Product/15790643216709,NOVA,gid://shopify/ProductVariant/57603614540101,250.0,300.00,106.3,update,255
gid://shopify/Product/15790643216709,NOVA,gid://shopify/ProductVariant/57603614605637,300.0,360.00,131.27,update,315
gid://shopify/Product/15790643249477,SOLÉA,gid://shopify/ProductVariant/57603614769477,120.0,140.00,50.81,update,122
gid://shopify/Product/15790643249477,SOLÉA,gid://shopify/ProductVariant/57603614736709,160.0,190.00,59.87,update,144
gid://shopify/Product/15790643249477,SOLÉA,gid://shopify/ProductVariant/57603614802245,200.0,240.00,67.53,update,162
gid://shopify/Product/15850271310149,LINA,gid://shopify/ProductVariant/57844642447685,274.9,55.99,43.68,update,105
gid://shopify/Product/15850271310149,LINA,gid://shopify/ProductVariant/57844642480453,274.9,58.99,43.68,update,105
gid://shopify/Product/15850271310149,LINA,gid://shopify/ProductVariant/57844642513221,274.9,58.99,43.68,update,105
gid://shopify/Product/15850271310149,LINA,gid://shopify/ProductVariant/57844642545989,374.9,84.99,60.67,update,146
gid://shopify/Product/15850271310149,LINA,gid://shopify/ProductVariant/57844642578757,374.9,79.99,60.67,update,146
gid://shopify/Product/15850271310149,LINA,gid://shopify/ProductVariant/57844642611525,499.9,105.99,80.03,update,192
gid://shopify/Product/15850271310149,LINA,gid://shopify/ProductVariant/57844642644293,374.9,78.99,60.67,update,146
gid://shopify/Product/15850271310149,LINA,gid://shopify/ProductVariant/57844642677061,499.9,105.99,80.03,update,192
gid://shopify/Product/15850271310149,LINA,gid://shopify/ProductVariant/57844642709829,499.9,107.99,80.03,update,192
gid://shopify/Product/15850271310149,LINA,gid://shopify/ProductVariant/57844642742597,674.9,141.99,109.32,update,262
gid://shopify/Product/15850271310149,LINA,gid://shopify/ProductVariant/57844642775365,269.9,140.99,109.32,update,262
gid://shopify/Product/15850271310149,LINA,gid://shopify/ProductVariant/57844642808133,269.9,147.99,109.32,update,262
gid://shopify/Product/15850271375685,GEMMA,gid://shopify/ProductVariant/57844644086085,954.9,199.99,152.91,update,367
gid://shopify/Product/15850271375685,GEMMA,gid://shopify/ProductVariant/57844644118853,954.9,199.99,152.91,update,367
gid://shopify/Product/15850271375685,GEMMA,gid://shopify/ProductVariant/57844644151621,954.9,209.99,152.91,update,367
gid://shopify/Product/15850271375685,GEMMA,gid://shopify/ProductVariant/57844644184389,634.9,131.99,101.77,update,244
gid://shopify/Product/15850271375685,GEMMA,gid://shopify/ProductVariant/57844644217157,634.9,132.99,101.77,update,244
gid://shopify/Product/15850271375685,GEMMA,gid://shopify/ProductVariant/57844644249925,324.9,-0.01,0.52,skipped(suspect),
gid://shopify/Product/15850271375685,GEMMA,gid://shopify/ProductVariant/57844644282693,634.9,124.99,101.77,update,244
gid://shopify/Product/15850271375685,GEMMA,gid://shopify/ProductVariant/57844644315461,324.9,-0.01,0.52,skipped(suspect),
gid://shopify/Product/15850271375685,GEMMA,gid://shopify/ProductVariant/57844644348229,634.9,134.99,101.77,update,244
gid://shopify/Product/15850271375685,GEMMA,gid://shopify/ProductVariant/57844644380997,324.9,-0.01,0.52,skipped(suspect),
gid://shopify/Product/15850271375685,GEMMA,gid://shopify/ProductVariant/57844644413765,129.9,-0.01,0.52,skipped(suspect),
gid://shopify/Product/15850271375685,GEMMA,gid://shopify/ProductVariant/57844644446533,513.9,253.99,205.55,update,493
gid://shopify/Product/15850271375685,GEMMA,gid://shopify/ProductVariant/57844644479301,513.9,253.99,205.55,update,493
gid://shopify/Product/15850271375685,GEMMA,gid://shopify/ProductVariant/57844644512069,513.9,245.99,205.55,update,493
gid://shopify/Product/15850271375685,GEMMA,gid://shopify/ProductVariant/57844644544837,513.9,251.99,205.55,update,493
gid://shopify/Product/15850271375685,GEMMA,gid://shopify/ProductVariant/57844644577605,381.9,208.99,152.91,update,367
gid://shopify/Product/15850271408453,ASTRAL,gid://shopify/ProductVariant/57844644643141,3299.9,661.99,573.6,update,1377
gid://shopify/Product/15850271408453,ASTRAL,gid://shopify/ProductVariant/57844644675909,3224.9,654.99,561.84,update,1348
gid://shopify/Product/15850271408453,ASTRAL,gid://shopify/ProductVariant/57844644708677,3674.9,805.99,638.32,update,1532
gid://shopify/Product/15850271408453,ASTRAL,gid://shopify/ProductVariant/57844644741445,3674.9,802.99,638.32,update,1532
gid://shopify/Product/15850271408453,ASTRAL,gid://shopify/ProductVariant/57844644774213,2699.9,586.99,471.24,update,1131
gid://shopify/Product/15850271408453,ASTRAL,gid://shopify/ProductVariant/57844644806981,2649.9,582.99,459.47,update,1103
gid://shopify/Product/15850271408453,ASTRAL,gid://shopify/ProductVariant/57844644839749,3224.9,665.99,561.84,update,1348
gid://shopify/Product/15850271408453,ASTRAL,gid://shopify/ProductVariant/57844644872517,3224.9,709.99,561.84,update,1348
gid://shopify/Product/15850271408453,ASTRAL,gid://shopify/ProductVariant/57844644905285,4474.9,955.99,777.75,update,1867
gid://shopify/Product/15850271408453,ASTRAL,gid://shopify/ProductVariant/57844644938053,4399.9,955.99,765.98,update,1838
gid://shopify/Product/15850271408453,ASTRAL,gid://shopify/ProductVariant/57844644970821,1499.9,768.99,650.08,update,1560
gid://shopify/Product/15850271408453,ASTRAL,gid://shopify/ProductVariant/57844645003589,1469.9,759.99,638.32,update,1532
gid://shopify/Product/15850271408453,ASTRAL,gid://shopify/ProductVariant/57844645036357,1759.9,968.99,765.98,update,1838
gid://shopify/Product/15850271408453,ASTRAL,gid://shopify/ProductVariant/57844645069125,1759.9,911.99,765.98,update,1838
gid://shopify/Product/15850271408453,ASTRAL,gid://shopify/ProductVariant/57844645101893,609.9,340.99,267.09,update,641
gid://shopify/Product/15850271408453,ASTRAL,gid://shopify/ProductVariant/57844645134661,589.9,317.99,255.33,update,613
gid://shopify/Product/15850271408453,ASTRAL,gid://shopify/ProductVariant/57844645167429,704.9,357.99,306.51,update,736
gid://shopify/Product/15850271408453,ASTRAL,gid://shopify/ProductVariant/57844645200197,704.9,385.99,306.51,update,736
gid://shopify/Product/15850271408453,ASTRAL,gid://shopify/ProductVariant/57844645232965,499.9,265.99,215.91,update,518
gid://shopify/Product/15850271408453,ASTRAL,gid://shopify/ProductVariant/57844645265733,469.9,254.99,204.14,update,490
gid://shopify/Product/15850271408453,ASTRAL,gid://shopify/ProductVariant/57844645298501,589.9,294.99,255.33,update,613
gid://shopify/Product/15850271408453,ASTRAL,gid://shopify/ProductVariant/57844645331269,589.9,297.99,255.33,update,613
gid://shopify/Product/15850271408453,ASTRAL,gid://shopify/ProductVariant/57844645364037,909.9,464.99,394.76,update,947
gid://shopify/Product/15850271408453,ASTRAL,gid://shopify/ProductVariant/57844645396805,879.9,441.99,382.99,update,919
gid://shopify/Product/15850271408453,ASTRAL,gid://shopify/ProductVariant/57844645429573,1059.9,542.99,459.47,update,1103
gid://shopify/Product/15850271408453,ASTRAL,gid://shopify/ProductVariant/57844645462341,1059.9,569.99,459.47,update,1103
gid://shopify/Product/15850271408453,ASTRAL,gid://shopify/ProductVariant/57844645495109,729.9,383.99,318.28,update,764
gid://shopify/Product/15850271408453,ASTRAL,gid://shopify/ProductVariant/57844645527877,704.9,391.99,306.51,update,736
gid://shopify/Product/15850271408453,ASTRAL,gid://shopify/ProductVariant/57844645560645,879.9,485.99,382.99,update,919
gid://shopify/Product/15850271408453,ASTRAL,gid://shopify/ProductVariant/57844645593413,879.9,441.99,382.99,update,919
gid://shopify/Product/15850271408453,ASTRAL,gid://shopify/ProductVariant/57844645626181,175.9,101.99,76.48,update,184
gid://shopify/Product/15850271408453,ASTRAL,gid://shopify/ProductVariant/57844645658949,103.9,62.99,45.3,update,109
gid://shopify/Product/15850271408453,ASTRAL,gid://shopify/ProductVariant/57844645691717,175.9,103.99,76.48,update,184
gid://shopify/Product/15850271408453,ASTRAL,gid://shopify/ProductVariant/57844645724485,175.9,103.99,76.48,update,184
gid://shopify/Product/15850271408453,ASTRAL,gid://shopify/ProductVariant/57844645757253,76.9,46.99,33.53,update,80
gid://shopify/Product/15850271408453,ASTRAL,gid://shopify/ProductVariant/57844645790021,76.9,46.99,33.53,update,80
gid://shopify/Product/15850271408453,ASTRAL,gid://shopify/ProductVariant/57844645822789,76.9,42.99,33.53,update,80
gid://shopify/Product/15850271408453,ASTRAL,gid://shopify/ProductVariant/57844645855557,469.9,236.99,204.14,update,490
gid://shopify/Product/15850271408453,ASTRAL,gid://shopify/ProductVariant/57844645888325,379.9,222.99,164.73,update,395
gid://shopify/Product/15850271408453,ASTRAL,gid://shopify/ProductVariant/57844645921093,469.9,238.99,204.14,update,490
gid://shopify/Product/15850271408453,ASTRAL,gid://shopify/ProductVariant/57844645953861,349.9,189.99,152.96,update,367
gid://shopify/Product/15850271408453,ASTRAL,gid://shopify/ProductVariant/57844645986629,202.9,113.99,88.25,update,212
gid://shopify/Product/15850271408453,ASTRAL,gid://shopify/ProductVariant/57844646019397,349.9,192.99,152.96,update,367
gid://shopify/Product/15850271408453,ASTRAL,gid://shopify/ProductVariant/57844646052165,349.9,207.99,152.96,update,367
gid://shopify/Product/15850271473989,ROKA,gid://shopify/ProductVariant/57844646510917,186.9,40.99,29.58,update,71
gid://shopify/Product/15850271473989,ROKA,gid://shopify/ProductVariant/57844646543685,186.9,41.99,29.87,update,72
gid://shopify/Product/15850271473989,ROKA,gid://shopify/ProductVariant/57844646576453,186.9,41.99,29.75,update,71
gid://shopify/Product/15850271539525,ORA,gid://shopify/ProductVariant/57844647264581,144.9,32.99,23.26,update,56
gid://shopify/Product/15850271539525,ORA,gid://shopify/ProductVariant/57844647297349,144.9,31.99,23.26,update,56
gid://shopify/Product/15850271539525,ORA,gid://shopify/ProductVariant/57844647330117,144.9,34.99,23.26,update,56
gid://shopify/Product/15850271539525,ORA,gid://shopify/ProductVariant/57844647362885,151.9,34.99,24.26,update,58
gid://shopify/Product/15850271539525,ORA,gid://shopify/ProductVariant/57844647395653,151.9,36.99,24.26,update,58
gid://shopify/Product/15850271539525,ORA,gid://shopify/ProductVariant/57844647428421,124.9,27.99,20.08,update,48
gid://shopify/Product/15850271539525,ORA,gid://shopify/ProductVariant/57844647461189,124.9,28.99,20.08,update,48
gid://shopify/Product/15850271539525,ORA,gid://shopify/ProductVariant/57844647493957,124.9,27.99,20.08,update,48
gid://shopify/Product/15850271539525,ORA,gid://shopify/ProductVariant/57844647526725,144.9,32.99,23.26,update,56
gid://shopify/Product/15850271539525,ORA,gid://shopify/ProductVariant/57844647559493,144.9,31.99,23.26,update,56
gid://shopify/Product/15850271539525,ORA,gid://shopify/ProductVariant/57844647592261,60.9,33.99,24.26,update,58
gid://shopify/Product/15850271539525,ORA,gid://shopify/ProductVariant/57844647625029,60.9,33.99,24.26,update,58
gid://shopify/Product/15850271539525,ORA,gid://shopify/ProductVariant/57844647657797,49.9,28.99,20.08,update,48
gid://shopify/Product/15850271539525,ORA,gid://shopify/ProductVariant/57844647690565,49.9,29.99,20.08,update,48
gid://shopify/Product/15850271539525,ORA,gid://shopify/ProductVariant/57844647723333,49.9,27.99,20.08,update,48
gid://shopify/Product/15850271539525,ORA,gid://shopify/ProductVariant/57844647756101,57.9,33.99,23.26,update,56
gid://shopify/Product/15850271539525,ORA,gid://shopify/ProductVariant/57844647788869,60.9,33.99,24.26,update,58
gid://shopify/Product/15850271539525,ORA,gid://shopify/ProductVariant/57844647821637,60.9,31.99,24.26,update,58
gid://shopify/Product/15850271539525,ORA,gid://shopify/ProductVariant/57844647854405,60.9,32.99,24.26,update,58
gid://shopify/Product/15850271539525,ORA,gid://shopify/ProductVariant/57844647887173,49.9,27.99,20.08,update,48
gid://shopify/Product/15850271539525,ORA,gid://shopify/ProductVariant/57844647919941,57.9,33.99,23.26,update,56
gid://shopify/Product/15850271539525,ORA,gid://shopify/ProductVariant/57844647952709,57.9,33.99,23.26,update,56
gid://shopify/Product/15850271539525,ORA,gid://shopify/ProductVariant/57844647985477,57.9,33.99,23.26,update,56
gid://shopify/Product/15850271539525,ORA,gid://shopify/ProductVariant/57844648018245,60.9,35.99,24.26,update,58
gid://shopify/Product/15850271539525,ORA,gid://shopify/ProductVariant/57844648051013,60.9,35.99,24.26,update,58
gid://shopify/Product/15850271539525,ORA,gid://shopify/ProductVariant/57844648083781,49.9,27.99,20.08,update,48
gid://shopify/Product/15850271539525,ORA,gid://shopify/ProductVariant/57844648116549,49.9,26.99,20.08,update,48
gid://shopify/Product/15850271572293,LUXOR,gid://shopify/ProductVariant/57844648182085,3871.9,809.99,673.5,update,1616
gid://shopify/Product/15850271572293,LUXOR,gid://shopify/ProductVariant/57844648214853,4024.9,880.99,699.84,update,1680
gid://shopify/Product/15850271572293,LUXOR,gid://shopify/ProductVariant/57844648247621,3971.9,858.99,691.07,update,1659
gid://shopify/Product/15850271572293,LUXOR,gid://shopify/ProductVariant/57844648280389,3871.9,850.99,673.5,update,1616
gid://shopify/Product/15850271572293,LUXOR,gid://shopify/ProductVariant/57844648313157,4024.9,878.99,699.84,update,1680
gid://shopify/Product/15850271572293,LUXOR,gid://shopify/ProductVariant/57844648345925,3971.9,867.99,691.07,update,1659
gid://shopify/Product/15850271572293,LUXOR,gid://shopify/ProductVariant/57844648378693,3871.9,834.99,673.5,update,1616
gid://shopify/Product/15850271572293,LUXOR,gid://shopify/ProductVariant/57844648411461,3231.9,682.99,562.36,update,1350
gid://shopify/Product/15850271572293,LUXOR,gid://shopify/ProductVariant/57844648444229,3384.9,702.99,588.71,update,1413
gid://shopify/Product/15850271572293,LUXOR,gid://shopify/ProductVariant/57844648476997,3334.9,711.99,579.92,update,1392
gid://shopify/Product/15850271572293,LUXOR,gid://shopify/ProductVariant/57844648509765,1292.9,705.99,562.36,update,1350
gid://shopify/Product/15850271572293,LUXOR,gid://shopify/ProductVariant/57844648542533,1292.9,699.99,562.36,update,1350
gid://shopify/Product/15850271572293,LUXOR,gid://shopify/ProductVariant/57844648575301,1353.9,710.99,588.71,update,1413
gid://shopify/Product/15850271572293,LUXOR,gid://shopify/ProductVariant/57844648608069,1333.9,667.99,579.92,update,1392
gid://shopify/Product/15850271572293,LUXOR,gid://shopify/ProductVariant/57844648640837,1292.9,649.99,562.36,update,1350
gid://shopify/Product/15850271572293,LUXOR,gid://shopify/ProductVariant/57844648673605,1548.9,829.99,673.5,update,1616
gid://shopify/Product/15850271572293,LUXOR,gid://shopify/ProductVariant/57844648706373,1353.9,724.99,588.71,update,1413
gid://shopify/Product/15850271572293,LUXOR,gid://shopify/ProductVariant/57844648739141,1333.9,725.99,579.92,update,1392
gid://shopify/Product/15850271572293,LUXOR,gid://shopify/ProductVariant/57844648771909,1292.9,655.99,562.36,update,1350
gid://shopify/Product/15850271572293,LUXOR,gid://shopify/ProductVariant/57844648804677,1548.9,808.99,673.5,update,1616
gid://shopify/Product/15850271572293,LUXOR,gid://shopify/ProductVariant/57844648837445,1609.9,860.99,699.84,update,1680
gid://shopify/Product/15850271572293,LUXOR,gid://shopify/ProductVariant/57844648870213,1588.9,821.99,691.07,update,1659
gid://shopify/Product/15850271572293,LUXOR,gid://shopify/ProductVariant/57844648902981,1548.9,780.99,673.5,update,1616
gid://shopify/Product/15850271572293,LUXOR,gid://shopify/ProductVariant/57844648935749,888.9,451.99,386.65,update,928
gid://shopify/Product/15850271572293,LUXOR,gid://shopify/ProductVariant/57844648968517,868.9,458.99,377.86,update,907
gid://shopify/Product/15850271572293,LUXOR,gid://shopify/ProductVariant/57844649001285,848.9,469.99,369.08,update,886
gid://shopify/Product/15850271572293,LUXOR,gid://shopify/ProductVariant/57844649034053,807.9,441.99,351.51,update,844
gid://shopify/Product/15850271572293,LUXOR,gid://shopify/ProductVariant/57844649066821,888.9,482.99,386.65,update,928
gid://shopify/Product/15850271572293,LUXOR,gid://shopify/ProductVariant/57844649099589,888.9,486.99,386.65,update,928
gid://shopify/Product/15850271572293,LUXOR,gid://shopify/ProductVariant/57844649132357,888.9,478.99,386.65,update,928
gid://shopify/Product/15850271572293,LUXOR,gid://shopify/ProductVariant/57844649165125,888.9,483.99,386.65,update,928
gid://shopify/Product/15850271572293,LUXOR,gid://shopify/ProductVariant/57844649197893,888.9,459.99,386.65,update,928
gid://shopify/Product/15850271572293,LUXOR,gid://shopify/ProductVariant/57844649230661,949.9,499.99,413.0,update,991
gid://shopify/Product/15850271572293,LUXOR,gid://shopify/ProductVariant/57844649263429,929.9,502.99,404.21,update,970
gid://shopify/Product/15850271572293,LUXOR,gid://shopify/ProductVariant/57844649296197,888.9,456.99,386.65,update,928
gid://shopify/Product/15850271572293,LUXOR,gid://shopify/ProductVariant/57844649328965,1292.9,695.99,562.36,update,1350
gid://shopify/Product/15850271572293,LUXOR,gid://shopify/ProductVariant/57844649361733,949.9,518.99,413.0,update,991
gid://shopify/Product/15850271572293,LUXOR,gid://shopify/ProductVariant/57844649394501,929.9,505.99,404.21,update,970
gid://shopify/Product/15850271572293,LUXOR,gid://shopify/ProductVariant/57844649427269,888.9,453.99,386.65,update,928
gid://shopify/Product/15850271572293,LUXOR,gid://shopify/ProductVariant/57844649460037,646.9,337.99,281.22,update,675
gid://shopify/Product/15850271572293,LUXOR,gid://shopify/ProductVariant/57844649492805,706.9,359.99,307.58,update,738
gid://shopify/Product/15850271572293,LUXOR,gid://shopify/ProductVariant/57844649525573,686.9,376.99,298.79,update,717
gid://shopify/Product/15850271572293,LUXOR,gid://shopify/ProductVariant/57844649558341,646.9,356.99,281.22,update,675
gid://shopify/Product/15850271572293,LUXOR,gid://shopify/ProductVariant/57844649591109,807.9,443.99,351.51,update,844
gid://shopify/Product/15850271572293,LUXOR,gid://shopify/ProductVariant/57844649623877,706.9,361.99,307.58,update,738
gid://shopify/Product/15850271572293,LUXOR,gid://shopify/ProductVariant/57844649656645,686.9,379.99,298.79,update,717
gid://shopify/Product/15850271572293,LUXOR,gid://shopify/ProductVariant/57844649689413,646.9,356.99,281.22,update,675
gid://shopify/Product/15850271572293,LUXOR,gid://shopify/ProductVariant/57844649722181,807.9,432.99,351.51,update,844
gid://shopify/Product/15850271572293,LUXOR,gid://shopify/ProductVariant/57844649754949,868.9,464.99,377.86,update,907
gid://shopify/Product/15850271572293,LUXOR,gid://shopify/ProductVariant/57844649787717,848.9,466.99,369.08,update,886
gid://shopify/Product/15850271572293,LUXOR,gid://shopify/ProductVariant/57844649820485,878.9,447.99,351.51,update,844
gid://shopify/Product/15850271572293,LUXOR,gid://shopify/ProductVariant/57844649853253,878.9,412.99,351.51,update,844
gid://shopify/Product/15850271572293,LUXOR,gid://shopify/ProductVariant/57844649886021,944.9,467.99,377.86,update,907
gid://shopify/Product/15850271572293,LUXOR,gid://shopify/ProductVariant/57844649918789,922.9,431.99,369.08,update,886
gid://shopify/Product/15850271572293,LUXOR,gid://shopify/ProductVariant/57844649951557,878.9,421.99,351.51,update,844
gid://shopify/Product/15850271572293,LUXOR,gid://shopify/ProductVariant/57844649984325,441.9,227.99,176.95,update,425
gid://shopify/Product/15850271572293,LUXOR,gid://shopify/ProductVariant/57844650017093,507.9,239.99,203.3,update,488
gid://shopify/Product/15850271572293,LUXOR,gid://shopify/ProductVariant/57844650049861,485.9,239.99,194.51,update,467
gid://shopify/Product/15850271572293,LUXOR,gid://shopify/ProductVariant/57844650082629,441.9,225.99,176.95,update,425
gid://shopify/Product/15850271572293,LUXOR,gid://shopify/ProductVariant/57844650115397,441.9,241.99,176.95,update,425
gid://shopify/Product/15850271572293,LUXOR,gid://shopify/ProductVariant/57844650148165,507.9,235.99,203.3,update,488
gid://shopify/Product/15850271572293,LUXOR,gid://shopify/ProductVariant/57844650180933,485.9,258.99,194.51,update,467
gid://shopify/Product/15850271572293,LUXOR,gid://shopify/ProductVariant/57844650213701,441.9,227.99,176.95,update,425
gid://shopify/Product/15850271572293,LUXOR,gid://shopify/ProductVariant/57844650246469,702.9,356.99,281.22,update,675
gid://shopify/Product/15850271572293,LUXOR,gid://shopify/ProductVariant/57844650279237,507.9,244.99,203.3,update,488
gid://shopify/Product/15850271572293,LUXOR,gid://shopify/ProductVariant/57844650312005,485.9,257.99,194.51,update,467
gid://shopify/Product/15850271572293,LUXOR,gid://shopify/ProductVariant/57844650344773,441.9,218.99,176.95,update,425
gid://shopify/Product/15850271572293,LUXOR,gid://shopify/ProductVariant/57844650377541,702.9,348.99,281.22,update,675
gid://shopify/Product/15850271572293,LUXOR,gid://shopify/ProductVariant/57844650410309,768.9,360.99,307.58,update,738
gid://shopify/Product/15850271572293,LUXOR,gid://shopify/ProductVariant/57844650443077,746.9,376.99,298.79,update,717
gid://shopify/Product/15850271572293,LUXOR,gid://shopify/ProductVariant/57844650475845,702.9,350.99,281.22,update,675
gid://shopify/Product/15850271572293,LUXOR,gid://shopify/ProductVariant/57844650508613,441.9,223.99,176.95,update,425
gid://shopify/Product/15850271736133,DUNE,gid://shopify/ProductVariant/57844654211397,659.9,141.99,105.44,update,253
gid://shopify/Product/15850271736133,DUNE,gid://shopify/ProductVariant/57844654244165,689.9,135.99,110.59,update,265
gid://shopify/Product/15850271736133,DUNE,gid://shopify/ProductVariant/57844654276933,689.9,139.99,110.59,update,265
gid://shopify/Product/15850271736133,DUNE,gid://shopify/ProductVariant/57844654309701,659.9,128.99,105.44,update,253
gid://shopify/Product/15850271736133,DUNE,gid://shopify/ProductVariant/57844654342469,659.9,141.99,105.44,update,253
gid://shopify/Product/15850271736133,DUNE,gid://shopify/ProductVariant/57844654375237,689.9,142.99,110.59,update,265
gid://shopify/Product/15850271736133,DUNE,gid://shopify/ProductVariant/57844654408005,659.9,131.99,105.44,update,253
gid://shopify/Product/15850271736133,DUNE,gid://shopify/ProductVariant/57844654440773,659.9,141.99,105.44,update,253
gid://shopify/Product/15850271736133,DUNE,gid://shopify/ProductVariant/57844654473541,689.9,145.99,110.59,update,265
gid://shopify/Product/15850271736133,DUNE,gid://shopify/ProductVariant/57844654506309,689.9,139.99,110.59,update,265
gid://shopify/Product/15850271736133,DUNE,gid://shopify/ProductVariant/57844654539077,263.9,141.99,105.44,update,253
gid://shopify/Product/15850271736133,DUNE,gid://shopify/ProductVariant/57844654571845,263.9,134.99,105.44,update,253
gid://shopify/Product/15850271736133,DUNE,gid://shopify/ProductVariant/57844654604613,275.9,143.99,110.59,update,265
gid://shopify/Product/15850271736133,DUNE,gid://shopify/ProductVariant/57844654637381,275.9,137.99,110.59,update,265
gid://shopify/Product/15850271736133,DUNE,gid://shopify/ProductVariant/57844654670149,263.9,134.99,105.44,update,253
gid://shopify/Product/15850271736133,DUNE,gid://shopify/ProductVariant/57844654702917,263.9,3.99,3.14,skipped(suspect),
gid://shopify/Product/15850271736133,DUNE,gid://shopify/ProductVariant/57844654735685,263.9,2.99,2.35,skipped(suspect),
gid://shopify/Product/15850271736133,DUNE,gid://shopify/ProductVariant/57844654768453,263.9,2.99,2.35,skipped(suspect),
gid://shopify/Product/15850271736133,DUNE,gid://shopify/ProductVariant/57844654801221,263.9,3.99,3.14,skipped(suspect),
gid://shopify/Product/15850271736133,DUNE,gid://shopify/ProductVariant/57844654833989,263.9,2.99,2.35,skipped(suspect),
gid://shopify/Product/15850271736133,DUNE,gid://shopify/ProductVariant/57844654866757,263.9,3.99,3.14,skipped(suspect),
gid://shopify/Product/15850271736133,DUNE,gid://shopify/ProductVariant/57844654899525,263.9,3.99,3.14,skipped(suspect),
gid://shopify/Product/15850271736133,DUNE,gid://shopify/ProductVariant/57844654932293,263.9,3.99,3.14,skipped(suspect),
gid://shopify/Product/15850271736133,DUNE,gid://shopify/ProductVariant/57844654965061,275.9,137.99,110.59,update,265
gid://shopify/Product/15850271736133,DUNE,gid://shopify/ProductVariant/57844654997829,263.9,3.99,3.14,skipped(suspect),
gid://shopify/Product/15850271736133,DUNE,gid://shopify/ProductVariant/57844655030597,263.9,3.99,3.14,skipped(suspect),
gid://shopify/Product/15850271736133,DUNE,gid://shopify/ProductVariant/57844655063365,263.9,3.99,3.14,skipped(suspect),
gid://shopify/Product/15850271736133,DUNE,gid://shopify/ProductVariant/57844655096133,263.9,2.99,2.35,skipped(suspect),
gid://shopify/Product/15850271736133,DUNE,gid://shopify/ProductVariant/57844655128901,263.9,2.99,2.35,skipped(suspect),
gid://shopify/Product/15850271736133,DUNE,gid://shopify/ProductVariant/57844655161669,263.9,2.99,2.35,skipped(suspect),
gid://shopify/Product/15850271736133,DUNE,gid://shopify/ProductVariant/57844655194437,263.9,2.99,2.35,skipped(suspect),
gid://shopify/Product/15850271736133,DUNE,gid://shopify/ProductVariant/57844655227205,263.9,2.99,2.35,skipped(suspect),
gid://shopify/Product/15850271768901,BULLE,gid://shopify/ProductVariant/57844655653189,214.9,46.99,34.53,update,83
gid://shopify/Product/15850271768901,BULLE,gid://shopify/ProductVariant/57844655685957,214.9,48.99,34.53,update,83
gid://shopify/Product/15850271768901,BULLE,gid://shopify/ProductVariant/57844655718725,214.9,47.99,34.53,update,83
gid://shopify/Product/15850271768901,BULLE,gid://shopify/ProductVariant/57844655751493,214.9,48.99,34.53,update,83
gid://shopify/Product/15850271768901,BULLE,gid://shopify/ProductVariant/57844655784261,419.9,91.99,67.33,update,162
gid://shopify/Product/15850271768901,BULLE,gid://shopify/ProductVariant/57844655817029,419.9,88.99,67.33,update,162
gid://shopify/Product/15850271768901,BULLE,gid://shopify/ProductVariant/57844655849797,214.9,43.99,34.53,update,83
gid://shopify/Product/15850271768901,BULLE,gid://shopify/ProductVariant/57844655882565,419.9,96.99,67.33,update,162
gid://shopify/Product/15850271768901,BULLE,gid://shopify/ProductVariant/57844655915333,214.9,45.99,34.53,update,83
gid://shopify/Product/15850271768901,BULLE,gid://shopify/ProductVariant/57844655948101,419.9,87.99,67.33,update,162
gid://shopify/Product/15850271768901,BULLE,gid://shopify/ProductVariant/57844655980869,167.9,93.99,67.33,update,162
gid://shopify/Product/15850271768901,BULLE,gid://shopify/ProductVariant/57844656013637,167.9,86.99,67.33,update,162
gid://shopify/Product/15850271801669,DUNA,gid://shopify/ProductVariant/57844656046405,194.9,40.99,31.04,update,74
gid://shopify/Product/15850271801669,DUNA,gid://shopify/ProductVariant/57844656079173,199.9,43.99,32.06,update,77
gid://shopify/Product/15850271801669,DUNA,gid://shopify/ProductVariant/57844656111941,199.9,44.99,32.06,update,77
gid://shopify/Product/15850271801669,DUNA,gid://shopify/ProductVariant/57844656144709,194.9,39.99,31.04,update,74
gid://shopify/Product/15850271801669,DUNA,gid://shopify/ProductVariant/57844656177477,199.9,43.99,32.06,update,77
gid://shopify/Product/15850271801669,DUNA,gid://shopify/ProductVariant/57844656210245,199.9,41.99,32.06,update,77
gid://shopify/Product/15850271801669,DUNA,gid://shopify/ProductVariant/57844656243013,194.9,41.99,31.04,update,74
gid://shopify/Product/15850271801669,DUNA,gid://shopify/ProductVariant/57844656275781,199.9,44.99,32.06,update,77
gid://shopify/Product/15850271801669,DUNA,gid://shopify/ProductVariant/57844656308549,199.9,41.99,32.06,update,77
gid://shopify/Product/15850271801669,DUNA,gid://shopify/ProductVariant/57844656341317,194.9,41.99,31.04,update,74
gid://shopify/Product/15850271801669,DUNA,gid://shopify/ProductVariant/57844656374085,79.9,42.99,32.06,update,77
gid://shopify/Product/15850271801669,DUNA,gid://shopify/ProductVariant/57844656406853,79.9,42.99,32.06,update,77
gid://shopify/Product/15850271834437,FILA,gid://shopify/ProductVariant/57844656505157,1106.9,236.99,177.05,update,425
gid://shopify/Product/15850271834437,FILA,gid://shopify/ProductVariant/57844656537925,1106.9,215.99,177.05,update,425
gid://shopify/Product/15850271834437,FILA,gid://shopify/ProductVariant/57844656570693,1206.9,262.99,193.12,update,463
gid://shopify/Product/15850271834437,FILA,gid://shopify/ProductVariant/57844656603461,726.9,147.99,116.47,update,280
gid://shopify/Product/15850271834437,FILA,gid://shopify/ProductVariant/57844656636229,726.9,142.99,116.47,update,280
gid://shopify/Product/15850271834437,FILA,gid://shopify/ProductVariant/57844656668997,826.9,168.99,132.53,update,318
gid://shopify/Product/15850271834437,FILA,gid://shopify/ProductVariant/57844656701765,921.9,187.99,147.58,update,354
gid://shopify/Product/15850271834437,FILA,gid://shopify/ProductVariant/57844656734533,1021.9,207.99,163.67,update,393
gid://shopify/Product/15850271834437,FILA,gid://shopify/ProductVariant/57844656767301,1106.9,233.99,177.05,update,425
gid://shopify/Product/15850271834437,FILA,gid://shopify/ProductVariant/57844656800069,1106.9,222.99,177.05,update,425
gid://shopify/Product/15850271834437,FILA,gid://shopify/ProductVariant/57844656832837,482.9,254.99,193.12,update,463
gid://shopify/Product/15850271834437,FILA,gid://shopify/ProductVariant/57844656865605,482.9,252.99,193.12,update,463
gid://shopify/Product/15850271834437,FILA,gid://shopify/ProductVariant/57844656898373,368.9,200.99,147.58,update,354
gid://shopify/Product/15850271834437,FILA,gid://shopify/ProductVariant/57844656931141,368.9,180.99,147.58,update,354
gid://shopify/Product/15850271834437,FILA,gid://shopify/ProductVariant/57844656963909,408.9,206.99,163.67,update,393
gid://shopify/Product/15850271834437,FILA,gid://shopify/ProductVariant/57844656996677,368.9,187.99,147.58,update,354
gid://shopify/Product/15850271834437,FILA,gid://shopify/ProductVariant/57844657029445,408.9,199.99,163.67,update,393
gid://shopify/Product/15850271834437,FILA,gid://shopify/ProductVariant/57844657062213,442.9,224.99,177.05,update,425
gid://shopify/Product/15850271834437,FILA,gid://shopify/ProductVariant/57844657094981,442.9,228.99,177.05,update,425
gid://shopify/Product/15850271834437,FILA,gid://shopify/ProductVariant/57844657127749,290.9,157.99,116.47,update,280
gid://shopify/Product/15850271834437,FILA,gid://shopify/ProductVariant/57844657160517,330.9,172.99,132.53,update,318
gid://shopify/Product/15850271834437,FILA,gid://shopify/ProductVariant/57844657193285,368.9,200.99,147.58,update,354
gid://shopify/Product/15850271834437,FILA,gid://shopify/ProductVariant/57844657226053,368.9,185.99,147.58,update,354
gid://shopify/Product/15850271834437,FILA,gid://shopify/ProductVariant/57844657258821,290.9,154.99,116.47,update,280
gid://shopify/Product/15850271834437,FILA,gid://shopify/ProductVariant/57844657291589,290.9,152.99,116.47,update,280
gid://shopify/Product/15850271834437,FILA,gid://shopify/ProductVariant/57844657324357,330.9,181.99,132.53,update,318
gid://shopify/Product/15850271834437,FILA,gid://shopify/ProductVariant/57844657357125,290.9,148.99,116.47,update,280
gid://shopify/Product/15850271867205,SIMIA,gid://shopify/ProductVariant/57844657389893,694.9,152.99,111.33,update,267
gid://shopify/Product/15850271867205,SIMIA,gid://shopify/ProductVariant/57844657422661,694.9,145.99,111.33,update,267
gid://shopify/Product/15850271867205,SIMIA,gid://shopify/ProductVariant/57844657455429,579.9,117.99,92.64,update,222
gid://shopify/Product/15850271867205,SIMIA,gid://shopify/ProductVariant/57844657488197,579.9,126.99,92.64,update,222
gid://shopify/Product/15850271867205,SIMIA,gid://shopify/ProductVariant/57844657520965,579.9,116.99,92.64,update,222
gid://shopify/Product/15850271867205,SIMIA,gid://shopify/ProductVariant/57844657553733,694.9,135.99,111.33,update,267
gid://shopify/Product/15850271867205,SIMIA,gid://shopify/ProductVariant/57844657586501,579.9,112.99,92.64,update,222
gid://shopify/Product/15850271867205,SIMIA,gid://shopify/ProductVariant/57844657619269,694.9,149.99,111.33,update,267
gid://shopify/Product/15850271867205,SIMIA,gid://shopify/ProductVariant/57844657652037,694.9,141.99,111.33,update,267
gid://shopify/Product/15850271899973,COUPOLE,gid://shopify/ProductVariant/57844657717573,524.9,114.99,84.16,update,202
gid://shopify/Product/15850271899973,COUPOLE,gid://shopify/ProductVariant/57844657750341,676.9,131.99,108.46,update,260
gid://shopify/Product/15850271899973,COUPOLE,gid://shopify/ProductVariant/57844657783109,676.9,138.99,108.46,update,260
gid://shopify/Product/15850271899973,COUPOLE,gid://shopify/ProductVariant/57844657815877,861.9,187.99,138.18,update,332
gid://shopify/Product/15850271899973,COUPOLE,gid://shopify/ProductVariant/57844657848645,861.9,176.99,138.18,update,332
gid://shopify/Product/15850271899973,COUPOLE,gid://shopify/ProductVariant/57844657881413,524.9,105.99,84.16,update,202
gid://shopify/Product/15850271899973,COUPOLE,gid://shopify/ProductVariant/57844657914181,861.9,175.99,138.18,update,332
gid://shopify/Product/15850271899973,COUPOLE,gid://shopify/ProductVariant/57844657946949,524.9,107.99,84.16,update,202
gid://shopify/Product/15850271899973,COUPOLE,gid://shopify/ProductVariant/57844657979717,524.9,102.99,84.16,update,202
gid://shopify/Product/15850271899973,COUPOLE,gid://shopify/ProductVariant/57844658012485,676.9,140.99,108.46,update,260
gid://shopify/Product/15850271899973,COUPOLE,gid://shopify/ProductVariant/57844658045253,209.9,113.99,84.16,update,202
gid://shopify/Product/15850271899973,COUPOLE,gid://shopify/ProductVariant/57844658078021,270.9,136.99,108.46,update,260
gid://shopify/Product/15850271899973,COUPOLE,gid://shopify/ProductVariant/57844658110789,270.9,143.99,108.46,update,260
gid://shopify/Product/15850271899973,COUPOLE,gid://shopify/ProductVariant/57844658143557,344.9,178.99,138.18,update,332
gid://shopify/Product/15850271899973,COUPOLE,gid://shopify/ProductVariant/57844658176325,270.9,133.99,108.46,update,260
gid://shopify/Product/15850271899973,COUPOLE,gid://shopify/ProductVariant/57844658209093,344.9,183.99,138.18,update,332
gid://shopify/Product/15850271899973,COUPOLE,gid://shopify/ProductVariant/57844658241861,344.9,178.99,138.18,update,332
gid://shopify/Product/15850271899973,COUPOLE,gid://shopify/ProductVariant/57844658274629,209.9,103.99,84.16,update,202
gid://shopify/Product/15850271899973,COUPOLE,gid://shopify/ProductVariant/57844658307397,344.9,182.99,138.18,update,332
gid://shopify/Product/15850271899973,COUPOLE,gid://shopify/ProductVariant/57844658340165,209.9,110.99,84.16,update,202
gid://shopify/Product/15850271899973,COUPOLE,gid://shopify/ProductVariant/57844658372933,209.9,110.99,84.16,update,202
gid://shopify/Product/15850271899973,COUPOLE,gid://shopify/ProductVariant/57844658405701,270.9,141.99,108.46,update,260
gid://shopify/Product/15850271899973,COUPOLE,gid://shopify/ProductVariant/57844658438469,209.9,108.99,84.16,update,202
gid://shopify/Product/15850271899973,COUPOLE,gid://shopify/ProductVariant/57844658471237,270.9,146.99,108.46,update,260
gid://shopify/Product/15850271899973,COUPOLE,gid://shopify/ProductVariant/57844658504005,270.9,140.99,108.46,update,260
gid://shopify/Product/15850271899973,COUPOLE,gid://shopify/ProductVariant/57844658536773,344.9,176.99,138.18,update,332
gid://shopify/Product/15850271899973,COUPOLE,gid://shopify/ProductVariant/57844658569541,344.9,178.99,138.18,update,332
gid://shopify/Product/15850271932741,TEKIO,gid://shopify/ProductVariant/57844658602309,5011.9,1044.99,871.69,update,2092
gid://shopify/Product/15850271932741,TEKIO,gid://shopify/ProductVariant/57844658635077,3994.9,859.99,694.97,update,1668
gid://shopify/Product/15850271932741,TEKIO,gid://shopify/ProductVariant/57844658667845,3699.9,752.99,643.69,update,1545
gid://shopify/Product/15850271932741,TEKIO,gid://shopify/ProductVariant/57844658700613,3699.9,791.99,643.69,update,1545
gid://shopify/Product/15850271932741,TEKIO,gid://shopify/ProductVariant/57844658733381,3994.9,806.99,694.97,update,1668
gid://shopify/Product/15850271932741,TEKIO,gid://shopify/ProductVariant/57844658766149,3981.9,802.99,692.41,update,1662
gid://shopify/Product/15850271932741,TEKIO,gid://shopify/ProductVariant/57844658798917,3699.9,802.99,643.69,update,1545
gid://shopify/Product/15850271932741,TEKIO,gid://shopify/ProductVariant/57844658831685,5011.9,1088.99,871.69,update,2092
gid://shopify/Product/15850271932741,TEKIO,gid://shopify/ProductVariant/57844658864453,3981.9,866.99,692.41,update,1662
gid://shopify/Product/15850271932741,TEKIO,gid://shopify/ProductVariant/57844658897221,1016.9,220.99,176.94,update,425
gid://shopify/Product/15850271932741,TEKIO,gid://shopify/ProductVariant/57844658929989,848.9,455.99,369.23,update,886
gid://shopify/Product/15850271932741,TEKIO,gid://shopify/ProductVariant/57844658962757,406.9,228.99,176.94,update,425
gid://shopify/Product/15850271932741,TEKIO,gid://shopify/ProductVariant/57844658995525,2004.9,1031.99,871.69,update,2092
gid://shopify/Product/15850271932741,TEKIO,gid://shopify/ProductVariant/57844659028293,848.9,440.99,369.23,update,886
gid://shopify/Product/15850271932741,TEKIO,gid://shopify/ProductVariant/57844659061061,1479.9,811.99,643.69,update,1545
gid://shopify/Product/15850271932741,TEKIO,gid://shopify/ProductVariant/57844659093829,2004.9,1063.99,871.69,update,2092
gid://shopify/Product/15850273276229,LUNA KIDS,gid://shopify/ProductVariant/57844665319749,971.9,190.99,155.67,update,374
gid://shopify/Product/15850273276229,LUNA KIDS,gid://shopify/ProductVariant/57844665352517,909.9,178.99,145.65,update,350
gid://shopify/Product/15850273276229,LUNA KIDS,gid://shopify/ProductVariant/57844665385285,724.9,153.99,116.17,update,279
gid://shopify/Product/15850273276229,LUNA KIDS,gid://shopify/ProductVariant/57844665418053,659.9,144.99,105.73,update,254
gid://shopify/Product/15850273308997,GRID,gid://shopify/ProductVariant/57844665483589,544.9,106.99,87.0,update,209
gid://shopify/Product/15850273308997,GRID,gid://shopify/ProductVariant/57844665516357,746.9,149.99,119.47,update,287
gid://shopify/Product/15850273308997,GRID,gid://shopify/ProductVariant/57844665549125,544.9,112.99,87.0,update,209
gid://shopify/Product/15850273308997,GRID,gid://shopify/ProductVariant/57844665581893,926.9,194.99,148.41,update,356
gid://shopify/Product/15850273308997,GRID,gid://shopify/ProductVariant/57844665614661,746.9,147.99,119.47,update,287
gid://shopify/Product/15850273308997,GRID,gid://shopify/ProductVariant/57844665647429,926.9,182.99,148.41,update,356
gid://shopify/Product/15850273341765,CUIVRE,gid://shopify/ProductVariant/57844665712965,554.9,113.99,88.75,update,213
gid://shopify/Product/15850273341765,CUIVRE,gid://shopify/ProductVariant/57844665745733,921.9,190.99,147.71,update,355
gid://shopify/Product/15850273341765,CUIVRE,gid://shopify/ProductVariant/57844665778501,1164.9,234.99,186.54,update,448
gid://shopify/Product/15850273341765,CUIVRE,gid://shopify/ProductVariant/57844665811269,1706.9,340.99,273.27,update,656
gid://shopify/Product/15850273407301,VETRO,gid://shopify/ProductVariant/57844666171717,181.9,39.99,29.27,update,70
gid://shopify/Product/15850273407301,VETRO,gid://shopify/ProductVariant/57844666204485,199.9,44.99,31.96,update,77
gid://shopify/Product/15850273407301,VETRO,gid://shopify/ProductVariant/57844666237253,194.9,42.99,31.03,update,74
gid://shopify/Product/15850273407301,VETRO,gid://shopify/ProductVariant/57844666270021,196.9,40.99,31.51,update,76
gid://shopify/Product/15850273440069,SPIRA,gid://shopify/ProductVariant/57844666433861,119.9,25.99,19.02,update,46
gid://shopify/Product/15850273440069,SPIRA,gid://shopify/ProductVariant/57844666466629,121.9,29.99,19.62,update,47
gid://shopify/Product/15850273440069,SPIRA,gid://shopify/ProductVariant/57844666499397,114.9,27.99,18.57,update,45
gid://shopify/Product/15850273440069,SPIRA,gid://shopify/ProductVariant/57844666532165,119.9,25.99,19.29,update,46
gid://shopify/Product/15850273440069,SPIRA,gid://shopify/ProductVariant/57844666564933,121.9,29.99,19.64,update,47
gid://shopify/Product/15850273440069,SPIRA,gid://shopify/ProductVariant/57844666597701,114.9,25.99,18.5,update,44
gid://shopify/Product/15850273440069,SPIRA,gid://shopify/ProductVariant/57844666630469,111.9,25.99,18.13,update,44
gid://shopify/Product/15850273440069,SPIRA,gid://shopify/ProductVariant/57844666663237,121.9,29.99,19.52,update,47
gid://shopify/Product/15850273505605,PLUME,gid://shopify/ProductVariant/57844667416901,824.9,164.99,131.89,update,317
gid://shopify/Product/15850273505605,PLUME,gid://shopify/ProductVariant/57844667449669,681.9,135.99,109.1,update,262
gid://shopify/Product/15850273505605,PLUME,gid://shopify/ProductVariant/57844667482437,1861.9,376.99,298.12,update,715
gid://shopify/Product/15850273505605,PLUME,gid://shopify/ProductVariant/57844667515205,1704.9,334.99,272.67,update,654
gid://shopify/Product/15850273505605,PLUME,gid://shopify/ProductVariant/57844667547973,1254.9,251.99,200.99,update,482
gid://shopify/Product/15850273505605,PLUME,gid://shopify/ProductVariant/57844667580741,1106.9,230.99,177.18,update,425
gid://shopify/Product/15850273505605,PLUME,gid://shopify/ProductVariant/57844667613509,2271.9,442.99,363.75,update,873
gid://shopify/Product/15850273505605,PLUME,gid://shopify/ProductVariant/57844667646277,1986.9,387.99,318.09,update,763
gid://shopify/Product/15850273505605,PLUME,gid://shopify/ProductVariant/57844667679045,2429.9,484.99,388.83,update,933
gid://shopify/Product/15850273505605,PLUME,gid://shopify/ProductVariant/57844667711813,2226.9,414.99,356.58,update,856
gid://shopify/Product/15850273505605,PLUME,gid://shopify/ProductVariant/57844667744581,744.9,359.99,298.12,update,715
gid://shopify/Product/15850273505605,PLUME,gid://shopify/ProductVariant/57844667777349,890.9,412.99,356.58,update,856
gid://shopify/Product/15850273505605,PLUME,gid://shopify/ProductVariant/57844667810117,681.9,341.99,272.67,update,654
gid://shopify/Product/15850273505605,PLUME,gid://shopify/ProductVariant/57844667842885,971.9,492.99,388.83,update,933
gid://shopify/Product/15850273505605,PLUME,gid://shopify/ProductVariant/57844667875653,501.9,242.99,200.99,update,482
gid://shopify/Product/15850273505605,PLUME,gid://shopify/ProductVariant/57844667908421,794.9,377.99,318.09,update,763
gid://shopify/Product/15850273505605,PLUME,gid://shopify/ProductVariant/57844667941189,442.9,225.99,177.18,update,425
gid://shopify/Product/15850273505605,PLUME,gid://shopify/ProductVariant/57844667973957,908.9,455.99,363.75,update,873
gid://shopify/Product/15850273505605,PLUME,gid://shopify/ProductVariant/57844668006725,908.9,459.99,363.75,update,873
gid://shopify/Product/15850273505605,PLUME,gid://shopify/ProductVariant/57844668039493,667.9,326.99,267.04,update,641
gid://shopify/Product/15850273505605,PLUME,gid://shopify/ProductVariant/57844668072261,794.9,396.99,318.09,update,763
gid://shopify/Product/15850273505605,PLUME,gid://shopify/ProductVariant/57844668105029,730.9,348.99,292.49,update,702
gid://shopify/Product/15850273505605,PLUME,gid://shopify/ProductVariant/57844668137797,971.9,482.99,388.83,update,933
gid://shopify/Product/15850273505605,PLUME,gid://shopify/ProductVariant/57844668170565,272.9,132.99,109.1,update,262
gid://shopify/Product/15850273505605,PLUME,gid://shopify/ProductVariant/57844668203333,890.9,446.99,356.58,update,856
gid://shopify/Product/15850273505605,PLUME,gid://shopify/ProductVariant/57844668236101,329.9,164.99,131.89,update,317
gid://shopify/Product/15850273505605,PLUME,gid://shopify/ProductVariant/57844668268869,329.9,177.99,131.89,update,317
gid://shopify/Product/15850273505605,PLUME,gid://shopify/ProductVariant/57844668301637,272.9,134.99,109.1,update,262
gid://shopify/Product/15850273505605,PLUME,gid://shopify/ProductVariant/57844668334405,730.9,343.99,292.49,update,702
gid://shopify/Product/15850273505605,PLUME,gid://shopify/ProductVariant/57844668367173,730.9,340.99,292.49,update,702
gid://shopify/Product/15850273505605,PLUME,gid://shopify/ProductVariant/57844668399941,272.9,134.99,109.1,update,262
gid://shopify/Product/15850273505605,PLUME,gid://shopify/ProductVariant/57844668432709,667.9,308.99,267.04,update,641
gid://shopify/Product/15850273505605,PLUME,gid://shopify/ProductVariant/57844668465477,329.9,174.99,131.89,update,317
gid://shopify/Product/15850273505605,PLUME,gid://shopify/ProductVariant/57844668498245,744.9,372.99,298.12,update,715
gid://shopify/Product/15850273505605,PLUME,gid://shopify/ProductVariant/57844668531013,442.9,217.99,177.18,update,425
gid://shopify/Product/15850273505605,PLUME,gid://shopify/ProductVariant/57844668563781,681.9,340.99,272.67,update,654
gid://shopify/Product/15850273505605,PLUME,gid://shopify/ProductVariant/57844668596549,501.9,249.99,200.99,update,482
gid://shopify/Product/15850273505605,PLUME,gid://shopify/ProductVariant/57844668629317,501.9,231.99,200.99,update,482
gid://shopify/Product/15850273505605,PLUME,gid://shopify/ProductVariant/57844668662085,681.9,316.99,272.67,update,654
gid://shopify/Product/15850273505605,PLUME,gid://shopify/ProductVariant/57844668694853,442.9,237.99,177.18,update,425
gid://shopify/Product/15850273505605,PLUME,gid://shopify/ProductVariant/57844668727621,744.9,361.99,298.12,update,715
gid://shopify/Product/15850273505605,PLUME,gid://shopify/ProductVariant/57844668760389,329.9,161.99,131.89,update,317
gid://shopify/Product/15850273505605,PLUME,gid://shopify/ProductVariant/57844668793157,272.9,134.99,109.1,update,262
gid://shopify/Product/15850273505605,PLUME,gid://shopify/ProductVariant/57844668825925,730.9,344.99,292.49,update,702
gid://shopify/Product/15850273505605,PLUME,gid://shopify/ProductVariant/57844668858693,667.9,308.99,267.04,update,641
gid://shopify/Product/15850273505605,PLUME,gid://shopify/ProductVariant/57844668891461,744.9,367.99,298.12,update,715
gid://shopify/Product/15850273505605,PLUME,gid://shopify/ProductVariant/57844668924229,681.9,339.99,272.67,update,654
gid://shopify/Product/15850273505605,PLUME,gid://shopify/ProductVariant/57844668956997,501.9,250.99,200.99,update,482
gid://shopify/Product/15850273505605,PLUME,gid://shopify/ProductVariant/57844668989765,442.9,241.99,177.18,update,425
gid://shopify/Product/15850273505605,PLUME,gid://shopify/ProductVariant/57844669022533,908.9,427.99,363.75,update,873
gid://shopify/Product/15850273505605,PLUME,gid://shopify/ProductVariant/57844669055301,794.9,402.99,318.09,update,763
gid://shopify/Product/15850273505605,PLUME,gid://shopify/ProductVariant/57844669088069,971.9,455.99,388.83,update,933
gid://shopify/Product/15850273505605,PLUME,gid://shopify/ProductVariant/57844669120837,890.9,425.99,356.58,update,856
gid://shopify/Product/15850273505605,PLUME,gid://shopify/ProductVariant/57844669153605,329.9,161.99,131.89,update,317
gid://shopify/Product/15850273505605,PLUME,gid://shopify/ProductVariant/57844669186373,272.9,146.99,109.1,update,262
gid://shopify/Product/15850273505605,PLUME,gid://shopify/ProductVariant/57844669219141,730.9,371.99,292.49,update,702
gid://shopify/Product/15850273505605,PLUME,gid://shopify/ProductVariant/57844669251909,667.9,339.99,267.04,update,641
gid://shopify/Product/15850273505605,PLUME,gid://shopify/ProductVariant/57844669284677,329.9,167.99,131.89,update,317
gid://shopify/Product/15850273505605,PLUME,gid://shopify/ProductVariant/57844669317445,272.9,134.99,109.1,update,262
gid://shopify/Product/15850273505605,PLUME,gid://shopify/ProductVariant/57844669350213,730.9,354.99,292.49,update,702
gid://shopify/Product/15850273505605,PLUME,gid://shopify/ProductVariant/57844669382981,667.9,331.99,267.04,update,641
gid://shopify/Product/15850273505605,PLUME,gid://shopify/ProductVariant/57844669415749,744.9,351.99,298.12,update,715
gid://shopify/Product/15850273505605,PLUME,gid://shopify/ProductVariant/57844669448517,681.9,332.99,272.67,update,654
gid://shopify/Product/15850273505605,PLUME,gid://shopify/ProductVariant/57844669481285,501.9,232.99,200.99,update,482
gid://shopify/Product/15850273505605,PLUME,gid://shopify/ProductVariant/57844669514053,442.9,231.99,177.18,update,425
gid://shopify/Product/15850273505605,PLUME,gid://shopify/ProductVariant/57844669546821,908.9,417.99,363.75,update,873
gid://shopify/Product/15850273505605,PLUME,gid://shopify/ProductVariant/57844669579589,794.9,373.99,318.09,update,763
gid://shopify/Product/15850273505605,PLUME,gid://shopify/ProductVariant/57844669612357,971.9,455.99,388.83,update,933
gid://shopify/Product/15850273505605,PLUME,gid://shopify/ProductVariant/57844669645125,890.9,422.99,356.58,update,856
gid://shopify/Product/15850273505605,PLUME,gid://shopify/ProductVariant/57844669677893,329.9,178.99,131.89,update,317
gid://shopify/Product/15850273505605,PLUME,gid://shopify/ProductVariant/57844669710661,272.9,141.99,109.1,update,262
gid://shopify/Product/15850273505605,PLUME,gid://shopify/ProductVariant/57844669743429,730.9,372.99,292.49,update,702
gid://shopify/Product/15850273505605,PLUME,gid://shopify/ProductVariant/57844669776197,667.9,309.99,267.04,update,641
gid://shopify/Product/15850273505605,PLUME,gid://shopify/ProductVariant/57844669808965,908.9,427.99,363.75,update,873
gid://shopify/Product/15850273505605,PLUME,gid://shopify/ProductVariant/57844669841733,667.9,323.99,267.04,update,641
gid://shopify/Product/15850273505605,PLUME,gid://shopify/ProductVariant/57844669874501,794.9,394.99,318.09,update,763
gid://shopify/Product/15850273505605,PLUME,gid://shopify/ProductVariant/57844669907269,730.9,349.99,292.49,update,702
gid://shopify/Product/15850273505605,PLUME,gid://shopify/ProductVariant/57844669940037,971.9,475.99,388.83,update,933
gid://shopify/Product/15850273505605,PLUME,gid://shopify/ProductVariant/57844669972805,890.9,429.99,356.58,update,856
gid://shopify/Product/15850273505605,PLUME,gid://shopify/ProductVariant/57844670005573,329.9,180.99,131.89,update,317
gid://shopify/Product/15850273505605,PLUME,gid://shopify/ProductVariant/57844670038341,272.9,135.99,109.1,update,262
gid://shopify/Product/15850273505605,PLUME,gid://shopify/ProductVariant/57844670071109,730.9,348.99,292.49,update,702
gid://shopify/Product/15850273505605,PLUME,gid://shopify/ProductVariant/57844670103877,667.9,319.99,267.04,update,641
gid://shopify/Product/15850273505605,PLUME,gid://shopify/ProductVariant/57844670136645,744.9,350.99,298.12,update,715
gid://shopify/Product/15850273505605,PLUME,gid://shopify/ProductVariant/57844670169413,442.9,221.99,177.18,update,425
gid://shopify/Product/15850273505605,PLUME,gid://shopify/ProductVariant/57844670202181,681.9,316.99,272.67,update,654
gid://shopify/Product/15850273505605,PLUME,gid://shopify/ProductVariant/57844670234949,501.9,255.99,200.99,update,482
gid://shopify/Product/15850273505605,PLUME,gid://shopify/ProductVariant/57844670267717,501.9,233.99,200.99,update,482
gid://shopify/Product/15850273505605,PLUME,gid://shopify/ProductVariant/57844670300485,681.9,316.99,272.67,update,654
gid://shopify/Product/15850273505605,PLUME,gid://shopify/ProductVariant/57844670333253,442.9,219.99,177.18,update,425
gid://shopify/Product/15850273505605,PLUME,gid://shopify/ProductVariant/57844670366021,744.9,371.99,298.12,update,715
gid://shopify/Product/15850273505605,PLUME,gid://shopify/ProductVariant/57844670398789,363.75,450.99,363.75,update,873
gid://shopify/Product/15850273505605,PLUME,gid://shopify/ProductVariant/57844670431557,890.9,434.99,356.58,update,856
gid://shopify/Product/15850273505605,PLUME,gid://shopify/ProductVariant/57844670464325,794.9,366.99,318.09,update,763
gid://shopify/Product/15850273505605,PLUME,gid://shopify/ProductVariant/57844670497093,971.9,462.99,388.83,update,933
gid://shopify/Product/15850273505605,PLUME,gid://shopify/ProductVariant/57844670529861,971.9,452.99,388.83,update,933
gid://shopify/Product/15850273505605,PLUME,gid://shopify/ProductVariant/57844670562629,794.9,376.99,318.09,update,763
gid://shopify/Product/15850273505605,PLUME,gid://shopify/ProductVariant/57844670595397,890.9,436.99,356.58,update,856
gid://shopify/Product/15850273505605,PLUME,gid://shopify/ProductVariant/57844670628165,908.9,432.99,363.75,update,873
gid://shopify/Product/15850273505605,PLUME,gid://shopify/ProductVariant/57844670660933,298.12,379.99,298.12,update,715
gid://shopify/Product/15850273505605,PLUME,gid://shopify/ProductVariant/57844670693701,272.67,328.99,272.67,update,654
gid://shopify/Product/15850273505605,PLUME,gid://shopify/ProductVariant/57844670726469,200.99,244.99,200.99,update,482
gid://shopify/Product/15850273505605,PLUME,gid://shopify/ProductVariant/57844670759237,177.18,223.99,177.18,update,425
gid://shopify/Product/15850273505605,PLUME,gid://shopify/ProductVariant/57844670792005,908.9,457.99,363.75,update,873
gid://shopify/Product/15850273505605,PLUME,gid://shopify/ProductVariant/57844670824773,794.9,372.99,318.09,update,763
gid://shopify/Product/15850273505605,PLUME,gid://shopify/ProductVariant/57844670857541,971.9,449.99,388.83,update,933
gid://shopify/Product/15850273505605,PLUME,gid://shopify/ProductVariant/57844670890309,890.9,448.99,356.58,update,856
gid://shopify/Product/15850273505605,PLUME,gid://shopify/ProductVariant/57844670923077,267.04,322.99,267.04,update,641
gid://shopify/Product/15850273505605,PLUME,gid://shopify/ProductVariant/57844670955845,1064.9,526.99,426.16,update,1023
gid://shopify/Product/15850273505605,PLUME,gid://shopify/ProductVariant/57844670988613,1064.9,499.99,426.16,update,1023
gid://shopify/Product/15850273505605,PLUME,gid://shopify/ProductVariant/57844671021381,1064.9,544.99,426.16,update,1023
gid://shopify/Product/15850273505605,PLUME,gid://shopify/ProductVariant/57844671054149,1064.9,516.99,426.16,update,1023
gid://shopify/Product/15850273505605,PLUME,gid://shopify/ProductVariant/57844671086917,1064.9,494.99,426.16,update,1023
gid://shopify/Product/15850273505605,PLUME,gid://shopify/ProductVariant/57844671119685,1064.9,513.99,426.16,update,1023
gid://shopify/Product/15850273505605,PLUME,gid://shopify/ProductVariant/57844671152453,1064.9,525.99,426.16,update,1023
gid://shopify/Product/15850273505605,PLUME,gid://shopify/ProductVariant/57844671185221,1064.9,493.99,426.16,update,1023
gid://shopify/Product/15850273505605,PLUME,gid://shopify/ProductVariant/57844671217989,1064.9,497.99,426.16,update,1023
gid://shopify/Product/15850273571141,VOLUTE,gid://shopify/ProductVariant/57844671250757,624.9,135.99,100.01,update,240
gid://shopify/Product/15850273571141,VOLUTE,gid://shopify/ProductVariant/57844671283525,624.9,126.99,100.01,update,240
gid://shopify/Product/15850273571141,VOLUTE,gid://shopify/ProductVariant/57844671316293,624.9,125.99,100.01,update,240
gid://shopify/Product/15850273571141,VOLUTE,gid://shopify/ProductVariant/57844671349061,681.9,141.99,109.12,update,262
gid://shopify/Product/15850273571141,VOLUTE,gid://shopify/ProductVariant/57844671381829,511.9,111.99,81.98,update,197
gid://shopify/Product/15850273571141,VOLUTE,gid://shopify/ProductVariant/57844671414597,624.9,129.99,100.01,update,240
gid://shopify/Product/15850273571141,VOLUTE,gid://shopify/ProductVariant/57844671447365,624.9,133.99,100.01,update,240
gid://shopify/Product/15850273571141,VOLUTE,gid://shopify/ProductVariant/57844671480133,681.9,135.99,109.12,update,262
gid://shopify/Product/15850273571141,VOLUTE,gid://shopify/ProductVariant/57844671512901,511.9,100.99,81.98,update,197
gid://shopify/Product/15850273571141,VOLUTE,gid://shopify/ProductVariant/57844671545669,511.9,108.99,81.98,update,197
gid://shopify/Product/15850273669445,CERAMA,gid://shopify/ProductVariant/57844672725317,297.9,63.99,47.41,update,114
gid://shopify/Product/15850273669445,CERAMA,gid://shopify/ProductVariant/57844672758085,297.9,64.99,47.41,update,114
gid://shopify/Product/15850273669445,CERAMA,gid://shopify/ProductVariant/57844672790853,297.9,65.99,47.41,update,114
gid://shopify/Product/15850273669445,CERAMA,gid://shopify/ProductVariant/57844672823621,297.9,65.99,47.41,update,114
gid://shopify/Product/15850273669445,CERAMA,gid://shopify/ProductVariant/57844672856389,297.9,60.99,47.41,update,114
gid://shopify/Product/15850273669445,CERAMA,gid://shopify/ProductVariant/57844672889157,296.9,61.99,47.41,update,114
gid://shopify/Product/15850273669445,CERAMA,gid://shopify/ProductVariant/57844672921925,296.9,62.99,47.41,update,114
gid://shopify/Product/15850273669445,CERAMA,gid://shopify/ProductVariant/57844672954693,296.9,64.99,47.41,update,114
gid://shopify/Product/15850273669445,CERAMA,gid://shopify/ProductVariant/57844672987461,296.9,60.99,47.41,update,114
gid://shopify/Product/15850273669445,CERAMA,gid://shopify/ProductVariant/57844673020229,296.9,66.99,47.41,update,114
gid://shopify/Product/15850273669445,CERAMA,gid://shopify/ProductVariant/57844673052997,118.9,66.99,47.41,update,114
gid://shopify/Product/15850273669445,CERAMA,gid://shopify/ProductVariant/57844673085765,118.9,62.99,47.41,update,114
gid://shopify/Product/15850273669445,CERAMA,gid://shopify/ProductVariant/57844673118533,118.9,64.99,47.41,update,114
gid://shopify/Product/15850273669445,CERAMA,gid://shopify/ProductVariant/57844673151301,118.9,63.99,47.41,update,114
gid://shopify/Product/15850273669445,CERAMA,gid://shopify/ProductVariant/57844673184069,118.9,59.99,47.41,update,114
gid://shopify/Product/15850273669445,CERAMA,gid://shopify/ProductVariant/57844673216837,118.9,59.99,47.41,update,114
gid://shopify/Product/15850273669445,CERAMA,gid://shopify/ProductVariant/57844673249605,118.9,61.99,47.41,update,114
gid://shopify/Product/15850273734981,GLOBA,gid://shopify/ProductVariant/57844673544517,689.9,142.99,110.4,update,265
gid://shopify/Product/15850273734981,GLOBA,gid://shopify/ProductVariant/57844673577285,689.9,136.99,110.4,update,265
gid://shopify/Product/15850273734981,GLOBA,gid://shopify/ProductVariant/57844673610053,689.9,141.99,110.4,update,265
gid://shopify/Product/15850273734981,GLOBA,gid://shopify/ProductVariant/57844673642821,544.9,109.99,87.25,update,209
gid://shopify/Product/15850273734981,GLOBA,gid://shopify/ProductVariant/57844673675589,544.9,105.99,87.25,update,209
gid://shopify/Product/15850273734981,GLOBA,gid://shopify/ProductVariant/57844673708357,544.9,115.99,87.25,update,209
gid://shopify/Product/15850273734981,GLOBA,gid://shopify/ProductVariant/57844673741125,306.9,70.99,49.31,update,118
gid://shopify/Product/15850273734981,GLOBA,gid://shopify/ProductVariant/57844673773893,306.9,64.99,49.31,update,118
gid://shopify/Product/15850273734981,GLOBA,gid://shopify/ProductVariant/57844673806661,306.9,68.99,49.31,update,118
gid://shopify/Product/15850273734981,GLOBA,gid://shopify/ProductVariant/57844673839429,1636.9,316.99,261.99,update,629
gid://shopify/Product/15850273734981,GLOBA,gid://shopify/ProductVariant/57844673872197,654.9,310.99,261.99,update,629
gid://shopify/Product/15850273734981,GLOBA,gid://shopify/ProductVariant/57844673904965,654.9,332.99,261.99,update,629
gid://shopify/Product/15850273734981,GLOBA,gid://shopify/ProductVariant/57844673937733,647.9,330.99,259.33,update,622
gid://shopify/Product/15850273734981,GLOBA,gid://shopify/ProductVariant/57844673970501,647.9,316.99,259.33,update,622
gid://shopify/Product/15850273734981,GLOBA,gid://shopify/ProductVariant/57844674003269,647.9,302.99,259.33,update,622
gid://shopify/Product/15850273734981,GLOBA,gid://shopify/ProductVariant/57844674036037,654.9,319.99,261.99,update,629
gid://shopify/Product/15850273734981,GLOBA,gid://shopify/ProductVariant/57844674068805,654.9,331.99,261.99,update,629
gid://shopify/Product/15850273734981,GLOBA,gid://shopify/ProductVariant/57844674101573,654.9,315.99,261.99,update,629
gid://shopify/Product/15850273734981,GLOBA,gid://shopify/ProductVariant/57844674134341,602.9,297.99,241.16,update,579
gid://shopify/Product/15850273734981,GLOBA,gid://shopify/ProductVariant/57844674167109,602.9,299.99,241.16,update,579
gid://shopify/Product/15850273734981,GLOBA,gid://shopify/ProductVariant/57844674199877,602.9,304.99,241.16,update,579
gid://shopify/Product/15850273734981,GLOBA,gid://shopify/ProductVariant/57844674232645,647.9,301.99,259.33,update,622
gid://shopify/Product/15850273734981,GLOBA,gid://shopify/ProductVariant/57844674265413,647.9,315.99,259.33,update,622
gid://shopify/Product/15850273734981,GLOBA,gid://shopify/ProductVariant/57844674298181,647.9,307.99,259.33,update,622
gid://shopify/Product/15850273734981,GLOBA,gid://shopify/ProductVariant/57844674330949,602.9,288.99,241.16,update,579
gid://shopify/Product/15850273734981,GLOBA,gid://shopify/ProductVariant/57844674363717,602.9,302.99,241.16,update,579
gid://shopify/Product/15850273734981,GLOBA,gid://shopify/ProductVariant/57844674396485,602.9,290.99,241.16,update,579
gid://shopify/Product/15850273734981,GLOBA,gid://shopify/ProductVariant/57844674429253,334.9,164.99,133.98,update,322
gid://shopify/Product/15850273734981,GLOBA,gid://shopify/ProductVariant/57844674462021,334.9,163.99,133.98,update,322
gid://shopify/Product/15850273734981,GLOBA,gid://shopify/ProductVariant/57844674494789,334.9,176.99,133.98,update,322
gid://shopify/Product/15850273734981,GLOBA,gid://shopify/ProductVariant/57844674527557,275.9,143.99,110.4,update,265
gid://shopify/Product/15850273734981,GLOBA,gid://shopify/ProductVariant/57844674560325,275.9,137.99,110.4,update,265
gid://shopify/Product/15850273734981,GLOBA,gid://shopify/ProductVariant/57844674593093,275.9,150.99,110.4,update,265
gid://shopify/Product/15850273734981,GLOBA,gid://shopify/ProductVariant/57844674625861,217.9,109.99,87.25,update,209
gid://shopify/Product/15850273734981,GLOBA,gid://shopify/ProductVariant/57844674658629,217.9,105.99,87.25,update,209
gid://shopify/Product/15850273734981,GLOBA,gid://shopify/ProductVariant/57844674691397,217.9,112.99,87.25,update,209
gid://shopify/Product/15850273734981,GLOBA,gid://shopify/ProductVariant/57844674724165,334.9,172.99,133.98,update,322
gid://shopify/Product/15850273734981,GLOBA,gid://shopify/ProductVariant/57844674756933,334.9,176.99,133.98,update,322
gid://shopify/Product/15850273734981,GLOBA,gid://shopify/ProductVariant/57844674789701,334.9,164.99,133.98,update,322
gid://shopify/Product/15850273734981,GLOBA,gid://shopify/ProductVariant/57844674822469,275.9,142.99,110.4,update,265
gid://shopify/Product/15850273734981,GLOBA,gid://shopify/ProductVariant/57844674855237,275.9,137.99,110.4,update,265
gid://shopify/Product/15850273734981,GLOBA,gid://shopify/ProductVariant/57844674888005,275.9,139.99,110.4,update,265
gid://shopify/Product/15850273734981,GLOBA,gid://shopify/ProductVariant/57844674920773,217.9,113.99,87.25,update,209
gid://shopify/Product/15850273734981,GLOBA,gid://shopify/ProductVariant/57844674953541,217.9,118.99,87.25,update,209
gid://shopify/Product/15850273734981,GLOBA,gid://shopify/ProductVariant/57844674986309,217.9,118.99,87.25,update,209
gid://shopify/Product/15850273734981,GLOBA,gid://shopify/ProductVariant/57844675019077,122.9,65.99,49.31,update,118
gid://shopify/Product/15850273734981,GLOBA,gid://shopify/ProductVariant/57844675051845,122.9,63.99,49.31,update,118
gid://shopify/Product/15850273734981,GLOBA,gid://shopify/ProductVariant/57844675084613,122.9,69.99,49.31,update,118
gid://shopify/Product/15850273734981,GLOBA,gid://shopify/ProductVariant/57844675117381,217.9,110.99,87.25,update,209
gid://shopify/Product/15850273734981,GLOBA,gid://shopify/ProductVariant/57844675150149,217.9,110.99,87.25,update,209
gid://shopify/Product/15850273734981,GLOBA,gid://shopify/ProductVariant/57844675182917,217.9,109.99,87.25,update,209
gid://shopify/Product/15850273734981,GLOBA,gid://shopify/ProductVariant/57844675215685,122.9,65.99,49.31,update,118
gid://shopify/Product/15850273734981,GLOBA,gid://shopify/ProductVariant/57844675248453,122.9,70.99,49.31,update,118
gid://shopify/Product/15850273734981,GLOBA,gid://shopify/ProductVariant/57844675281221,122.9,69.99,49.31,update,118
gid://shopify/Product/15850273734981,GLOBA,gid://shopify/ProductVariant/57844675313989,602.9,279.99,241.16,update,579
gid://shopify/Product/15850273734981,GLOBA,gid://shopify/ProductVariant/57844675346757,602.9,299.99,241.16,update,579
gid://shopify/Product/15850273734981,GLOBA,gid://shopify/ProductVariant/57844675379525,602.9,290.99,241.16,update,579
gid://shopify/Product/15850273734981,GLOBA,gid://shopify/ProductVariant/57844675412293,334.9,183.99,133.98,update,322
gid://shopify/Product/15850273734981,GLOBA,gid://shopify/ProductVariant/57844675445061,334.9,179.99,133.98,update,322
gid://shopify/Product/15850273734981,GLOBA,gid://shopify/ProductVariant/57844675477829,334.9,168.99,133.98,update,322
gid://shopify/Product/15850273734981,GLOBA,gid://shopify/ProductVariant/57844675510597,122.9,68.99,49.31,update,118
gid://shopify/Product/15850273734981,GLOBA,gid://shopify/ProductVariant/57844675543365,122.9,70.99,49.31,update,118
gid://shopify/Product/15850273734981,GLOBA,gid://shopify/ProductVariant/57844675576133,122.9,65.99,49.31,update,118
gid://shopify/Product/15850273734981,GLOBA,gid://shopify/ProductVariant/57844675608901,602.9,304.99,241.16,update,579
gid://shopify/Product/15850273734981,GLOBA,gid://shopify/ProductVariant/57844675641669,602.9,280.99,241.16,update,579
gid://shopify/Product/15850273734981,GLOBA,gid://shopify/ProductVariant/57844675674437,602.9,294.99,241.16,update,579
gid://shopify/Product/15850273734981,GLOBA,gid://shopify/ProductVariant/57844675707205,334.9,164.99,133.98,update,322
gid://shopify/Product/15850273734981,GLOBA,gid://shopify/ProductVariant/57844675739973,334.9,166.99,133.98,update,322
gid://shopify/Product/15850273734981,GLOBA,gid://shopify/ProductVariant/57844675772741,334.9,172.99,133.98,update,322
gid://shopify/Product/15850273734981,GLOBA,gid://shopify/ProductVariant/57844675805509,275.9,149.99,110.4,update,265
gid://shopify/Product/15850273734981,GLOBA,gid://shopify/ProductVariant/57844675838277,275.9,151.99,110.4,update,265
gid://shopify/Product/15850273734981,GLOBA,gid://shopify/ProductVariant/57844675871045,275.9,134.99,110.4,update,265
gid://shopify/Product/15850273767749,ARBOR,gid://shopify/ProductVariant/57844675969349,872.9,204.99,151.61,update,364
gid://shopify/Product/15850273767749,ARBOR,gid://shopify/ProductVariant/57844676002117,872.9,200.99,151.61,update,364
gid://shopify/Product/15850273767749,ARBOR,gid://shopify/ProductVariant/57844676034885,1142.9,262.99,198.68,update,477
gid://shopify/Product/15850273767749,ARBOR,gid://shopify/ProductVariant/57844676067653,1052.9,226.99,183.07,update,439
gid://shopify/Product/15850273767749,ARBOR,gid://shopify/ProductVariant/57844676100421,872.9,189.99,151.61,update,364
gid://shopify/Product/15850273767749,ARBOR,gid://shopify/ProductVariant/57844676133189,871.9,184.99,151.61,update,364
gid://shopify/Product/15850273767749,ARBOR,gid://shopify/ProductVariant/57844676165957,1141.9,251.99,198.68,update,477
gid://shopify/Product/15850273767749,ARBOR,gid://shopify/ProductVariant/57844676198725,1051.9,226.99,183.07,update,439
gid://shopify/Product/15850273767749,ARBOR,gid://shopify/ProductVariant/57844676231493,2211.9,454.99,384.7,update,923
gid://shopify/Product/15850273767749,ARBOR,gid://shopify/ProductVariant/57844676264261,2211.9,450.99,384.7,update,923
gid://shopify/Product/15850273767749,ARBOR,gid://shopify/ProductVariant/57844676297029,992.9,527.99,431.79,update,1036
gid://shopify/Product/15850273767749,ARBOR,gid://shopify/ProductVariant/57844676329797,956.9,479.99,416.17,update,999
gid://shopify/Product/15850273767749,ARBOR,gid://shopify/ProductVariant/57844676362565,679.9,351.99,295.78,update,710
gid://shopify/Product/15850273767749,ARBOR,gid://shopify/ProductVariant/57844676395333,679.9,352.99,295.78,update,710
gid://shopify/Product/15850273767749,ARBOR,gid://shopify/ProductVariant/57844676428101,788.9,409.99,342.85,update,823
gid://shopify/Product/15850273767749,ARBOR,gid://shopify/ProductVariant/57844676460869,752.9,398.99,327.25,update,785
gid://shopify/Product/15850273767749,ARBOR,gid://shopify/ProductVariant/57844676493637,1176.9,598.99,511.68,update,1228
gid://shopify/Product/15850273767749,ARBOR,gid://shopify/ProductVariant/57844676526405,1176.9,607.99,511.68,update,1228
gid://shopify/Product/15850273767749,ARBOR,gid://shopify/ProductVariant/57844676559173,1284.9,708.99,558.49,update,1340
gid://shopify/Product/15850273767749,ARBOR,gid://shopify/ProductVariant/57844676591941,1248.9,651.99,542.88,update,1303
gid://shopify/Product/15850273833285,RAIL,gid://shopify/ProductVariant/57844676624709,569.9,117.99,91.34,update,219
gid://shopify/Product/15850273833285,RAIL,gid://shopify/ProductVariant/57844676657477,546.9,116.99,87.51,update,210
gid://shopify/Product/15850273833285,RAIL,gid://shopify/ProductVariant/57844676690245,546.9,118.99,87.51,update,210
gid://shopify/Product/15850273833285,RAIL,gid://shopify/ProductVariant/57844676723013,594.9,121.99,95.34,update,229
gid://shopify/Product/15850273833285,RAIL,gid://shopify/ProductVariant/57844676755781,594.9,126.99,95.05,update,228
gid://shopify/Product/15850273833285,RAIL,gid://shopify/ProductVariant/57844676788549,569.9,115.99,91.34,update,219
gid://shopify/Product/15850273833285,RAIL,gid://shopify/ProductVariant/57844676821317,569.9,117.99,91.34,update,219
gid://shopify/Product/15850273833285,RAIL,gid://shopify/ProductVariant/57844676854085,546.9,114.99,87.51,update,210
gid://shopify/Product/15850273833285,RAIL,gid://shopify/ProductVariant/57844676886853,649.9,140.99,104.07,update,250
gid://shopify/Product/15850273833285,RAIL,gid://shopify/ProductVariant/57844676919621,594.9,116.99,95.37,update,229
gid://shopify/Product/15850273833285,RAIL,gid://shopify/ProductVariant/57844676952389,282.9,153.99,113.34,update,272
gid://shopify/Product/15850273833285,RAIL,gid://shopify/ProductVariant/57844676985157,267.9,135.99,107.29,update,257
gid://shopify/Product/15850273833285,RAIL,gid://shopify/ProductVariant/57844677017925,267.9,130.99,107.29,update,257
gid://shopify/Product/15850273833285,RAIL,gid://shopify/ProductVariant/57844677050693,260.9,133.99,104.34,update,250
gid://shopify/Product/15850273833285,RAIL,gid://shopify/ProductVariant/57844677083461,260.9,130.99,104.34,update,250
gid://shopify/Product/15850273833285,RAIL,gid://shopify/ProductVariant/57844677116229,282.9,154.99,113.34,update,272
gid://shopify/Product/15850273833285,RAIL,gid://shopify/ProductVariant/57844677148997,160.9,87.99,64.41,update,155
gid://shopify/Product/15850273833285,RAIL,gid://shopify/ProductVariant/57844677181765,183.9,103.99,73.62,update,177
gid://shopify/Product/15850273833285,RAIL,gid://shopify/ProductVariant/57844677214533,183.9,103.99,73.62,update,177
gid://shopify/Product/15850273833285,RAIL,gid://shopify/ProductVariant/57844677247301,168.9,86.99,67.5,update,162
gid://shopify/Product/15850273833285,RAIL,gid://shopify/ProductVariant/57844677280069,168.9,95.99,67.5,update,162
gid://shopify/Product/15850273833285,RAIL,gid://shopify/ProductVariant/57844677312837,160.9,89.99,64.41,update,155
gid://shopify/Product/15850273833285,RAIL,gid://shopify/ProductVariant/57844677345605,203.9,99.99,81.46,update,196
gid://shopify/Product/15850273833285,RAIL,gid://shopify/ProductVariant/57844677378373,183.9,105.99,73.62,update,177
gid://shopify/Product/15850273833285,RAIL,gid://shopify/ProductVariant/57844677411141,220.9,116.99,88.42,update,212
gid://shopify/Product/15850273833285,RAIL,gid://shopify/ProductVariant/57844677443909,199.9,113.99,79.95,update,192
gid://shopify/Product/15850273833285,RAIL,gid://shopify/ProductVariant/57844677476677,209.9,103.99,84.08,update,202
gid://shopify/Product/15850273833285,RAIL,gid://shopify/ProductVariant/57844677509445,203.9,103.99,81.45,update,195
gid://shopify/Product/15850273833285,RAIL,gid://shopify/ProductVariant/57844677542213,198.9,109.99,79.69,update,191
gid://shopify/Product/15850273833285,RAIL,gid://shopify/ProductVariant/57844677574981,219.9,111.99,88.01,update,211
gid://shopify/Product/15850273833285,RAIL,gid://shopify/ProductVariant/57844677607749,220.9,109.99,88.42,update,212
gid://shopify/Product/15850273833285,RAIL,gid://shopify/ProductVariant/57844677640517,210.9,109.99,84.33,update,202
gid://shopify/Product/15850273833285,RAIL,gid://shopify/ProductVariant/57844677673285,168.9,86.99,67.5,update,162
gid://shopify/Product/15850273833285,RAIL,gid://shopify/ProductVariant/57844677706053,160.9,89.99,64.41,update,155
gid://shopify/Product/15850273833285,RAIL,gid://shopify/ProductVariant/57844677738821,282.9,140.99,113.34,update,272
gid://shopify/Product/15850273833285,RAIL,gid://shopify/ProductVariant/57844677771589,267.9,146.99,107.29,update,257
gid://shopify/Product/15850273898821,OPALE,gid://shopify/ProductVariant/57844677869893,174.9,39.99,27.67,update,66
gid://shopify/Product/15850273898821,OPALE,gid://shopify/ProductVariant/57844677902661,174.9,36.99,27.45,update,66
gid://shopify/Product/15850273898821,OPALE,gid://shopify/ProductVariant/57844677935429,174.9,39.99,28.08,update,67
gid://shopify/Product/15850273898821,OPALE,gid://shopify/ProductVariant/57844677968197,174.9,38.99,27.86,update,67
gid://shopify/Product/15850273898821,OPALE,gid://shopify/ProductVariant/57844678000965,174.9,39.99,26.92,update,65
gid://shopify/Product/15850273898821,OPALE,gid://shopify/ProductVariant/57844678033733,174.9,40.99,27.39,update,66
gid://shopify/Product/15850273898821,OPALE,gid://shopify/ProductVariant/57844678066501,174.9,40.99,27.91,update,67
gid://shopify/Product/15850273898821,OPALE,gid://shopify/ProductVariant/57844678099269,174.9,36.99,27.81,update,67
gid://shopify/Product/15850273931589,LINEAIRE,gid://shopify/ProductVariant/57844680687941,654.9,134.99,104.74,update,251
gid://shopify/Product/15850273931589,LINEAIRE,gid://shopify/ProductVariant/57844680720709,759.9,166.99,121.64,update,292
gid://shopify/Product/15850273931589,LINEAIRE,gid://shopify/ProductVariant/57844680753477,654.9,136.99,104.74,update,251
gid://shopify/Product/15850273931589,LINEAIRE,gid://shopify/ProductVariant/57844680786245,654.9,140.99,104.74,update,251
gid://shopify/Product/15850273931589,LINEAIRE,gid://shopify/ProductVariant/57844680819013,724.9,145.99,116.0,update,278
gid://shopify/Product/15850273931589,LINEAIRE,gid://shopify/ProductVariant/57844680851781,829.9,176.99,132.9,update,319
gid://shopify/Product/15850273931589,LINEAIRE,gid://shopify/ProductVariant/57844680884549,654.9,139.99,104.74,update,251
gid://shopify/Product/15850273931589,LINEAIRE,gid://shopify/ProductVariant/57844680917317,654.9,130.99,104.74,update,251
gid://shopify/Product/15850273931589,LINEAIRE,gid://shopify/ProductVariant/57844680950085,724.9,146.99,116.0,update,278
gid://shopify/Product/15850273931589,LINEAIRE,gid://shopify/ProductVariant/57844680982853,829.9,173.99,132.9,update,319
gid://shopify/Product/15850273931589,LINEAIRE,gid://shopify/ProductVariant/57844681015621,289.9,157.99,116.0,update,278
gid://shopify/Product/15850273931589,LINEAIRE,gid://shopify/ProductVariant/57844681048389,289.9,151.99,116.0,update,278
gid://shopify/Product/15850273931589,LINEAIRE,gid://shopify/ProductVariant/57844681081157,341.9,169.99,136.72,update,328
gid://shopify/Product/15850273931589,LINEAIRE,gid://shopify/ProductVariant/57844681113925,383.9,200.99,153.61,update,369
gid://shopify/Product/15850273931589,LINEAIRE,gid://shopify/ProductVariant/57844681146693,289.9,140.99,116.0,update,278
gid://shopify/Product/15850273931589,LINEAIRE,gid://shopify/ProductVariant/57844681179461,289.9,158.99,116.0,update,278
gid://shopify/Product/15850273931589,LINEAIRE,gid://shopify/ProductVariant/57844681212229,261.9,127.99,104.74,update,251
gid://shopify/Product/15850273931589,LINEAIRE,gid://shopify/ProductVariant/57844681244997,303.9,156.99,121.64,update,292
gid://shopify/Product/15850273931589,LINEAIRE,gid://shopify/ProductVariant/57844681277765,341.9,182.99,136.72,update,328
gid://shopify/Product/15850273931589,LINEAIRE,gid://shopify/ProductVariant/57844681310533,383.9,187.99,153.61,update,369
gid://shopify/Product/15850273931589,LINEAIRE,gid://shopify/ProductVariant/57844681343301,341.9,177.99,136.72,update,328
gid://shopify/Product/15850273931589,LINEAIRE,gid://shopify/ProductVariant/57844681376069,341.9,176.99,136.72,update,328
gid://shopify/Product/15850273931589,LINEAIRE,gid://shopify/ProductVariant/57844681408837,459.9,246.99,184.01,update,442
gid://shopify/Product/15850273931589,LINEAIRE,gid://shopify/ProductVariant/57844681441605,501.9,251.99,200.91,update,482
gid://shopify/Product/15850273931589,LINEAIRE,gid://shopify/ProductVariant/57844681474373,341.9,175.99,136.72,update,328
gid://shopify/Product/15850273931589,LINEAIRE,gid://shopify/ProductVariant/57844681507141,341.9,171.99,136.72,update,328
gid://shopify/Product/15850273931589,LINEAIRE,gid://shopify/ProductVariant/57844681539909,459.9,239.99,184.01,update,442
gid://shopify/Product/15850273931589,LINEAIRE,gid://shopify/ProductVariant/57844681572677,501.9,230.99,200.91,update,482
gid://shopify/Product/15850273931589,LINEAIRE,gid://shopify/ProductVariant/57844681605445,459.9,245.99,184.01,update,442
gid://shopify/Product/15850273931589,LINEAIRE,gid://shopify/ProductVariant/57844681638213,459.9,251.99,184.01,update,442
gid://shopify/Product/15850273931589,LINEAIRE,gid://shopify/ProductVariant/57844681670981,459.9,227.99,184.01,update,442
gid://shopify/Product/15850273931589,LINEAIRE,gid://shopify/ProductVariant/57844681703749,459.9,232.99,184.01,update,442
gid://shopify/Product/15850274029893,STRIA,gid://shopify/ProductVariant/57844682457413,1756.9,381.99,305.51,update,733
gid://shopify/Product/15850274029893,STRIA,gid://shopify/ProductVariant/57844682490181,674.9,148.99,117.52,update,282
gid://shopify/Product/15850274029893,STRIA,gid://shopify/ProductVariant/57844682522949,1636.9,326.99,284.58,update,683
gid://shopify/Product/15850274029893,STRIA,gid://shopify/ProductVariant/57844682555717,1636.9,334.99,284.58,update,683
gid://shopify/Product/15850274029893,STRIA,gid://shopify/ProductVariant/57844682588485,884.9,189.99,154.01,update,370
gid://shopify/Product/15850274029893,STRIA,gid://shopify/ProductVariant/57844682621253,884.9,199.99,154.01,update,370
gid://shopify/Product/15850274029893,STRIA,gid://shopify/ProductVariant/57844682654021,674.9,144.99,117.52,update,282
gid://shopify/Product/15850274029893,STRIA,gid://shopify/ProductVariant/57844682686789,809.9,179.99,140.95,update,338
gid://shopify/Product/15850274029893,STRIA,gid://shopify/ProductVariant/57844682719557,1049.9,244.99,182.8,update,439
gid://shopify/Product/15850274029893,STRIA,gid://shopify/ProductVariant/57844682752325,1154.9,244.99,201.05,update,483
gid://shopify/Product/15850274029893,STRIA,gid://shopify/ProductVariant/57844682785093,401.9,218.99,174.93,update,420
gid://shopify/Product/15850274029893,STRIA,gid://shopify/ProductVariant/57844682817861,419.9,244.99,182.8,update,439
gid://shopify/Product/15850274029893,STRIA,gid://shopify/ProductVariant/57844682850629,570.9,305.99,248.1,update,595
gid://shopify/Product/15850274029893,STRIA,gid://shopify/ProductVariant/57844682883397,654.9,336.99,284.58,update,683
gid://shopify/Product/15850274029893,STRIA,gid://shopify/ProductVariant/57844682916165,540.9,275.99,235.04,update,564
gid://shopify/Product/15850274029893,STRIA,gid://shopify/ProductVariant/57844682948933,540.9,293.99,235.04,update,564
gid://shopify/Product/15850274029893,STRIA,gid://shopify/ProductVariant/57844682981701,654.9,351.99,284.58,update,683
gid://shopify/Product/15850274029893,STRIA,gid://shopify/ProductVariant/57844683014469,702.9,388.99,305.51,update,733
gid://shopify/Product/15850274029893,STRIA,gid://shopify/ProductVariant/57844683047237,570.9,299.99,248.1,update,595
gid://shopify/Product/15850274029893,STRIA,gid://shopify/ProductVariant/57844683080005,654.9,332.99,284.58,update,683
gid://shopify/Product/15850274029893,STRIA,gid://shopify/ProductVariant/57844683112773,323.9,186.99,140.95,update,338
gid://shopify/Product/15850274029893,STRIA,gid://shopify/ProductVariant/57844683145541,353.9,187.99,154.01,update,370
gid://shopify/Product/15850274029893,STRIA,gid://shopify/ProductVariant/57844683178309,269.9,154.99,117.52,update,282
gid://shopify/Product/15850274029893,STRIA,gid://shopify/ProductVariant/57844683211077,269.9,147.99,117.52,update,282
gid://shopify/Product/15850274029893,STRIA,gid://shopify/ProductVariant/57844683243845,419.9,234.99,182.8,update,439
gid://shopify/Product/15850274029893,STRIA,gid://shopify/ProductVariant/57844683276613,419.9,231.99,182.8,update,439
gid://shopify/Product/15850274029893,STRIA,gid://shopify/ProductVariant/57844683309381,353.9,206.99,154.01,update,370
gid://shopify/Product/15850274029893,STRIA,gid://shopify/ProductVariant/57844683342149,401.9,233.99,174.93,update,420
gid://shopify/Product/15850274029893,STRIA,gid://shopify/ProductVariant/57844683374917,540.9,270.99,235.04,update,564
gid://shopify/Product/15850274029893,STRIA,gid://shopify/ProductVariant/57844683407685,570.9,308.99,248.1,update,595
gid://shopify/Product/15850274029893,STRIA,gid://shopify/ProductVariant/57844683440453,461.9,254.99,201.05,update,483
gid://shopify/Product/15850274029893,STRIA,gid://shopify/ProductVariant/57844683473221,540.9,274.99,235.04,update,564
gid://shopify/Product/15850274029893,STRIA,gid://shopify/ProductVariant/57844683505989,792.9,430.99,344.69,update,827
gid://shopify/Product/15850274029893,STRIA,gid://shopify/ProductVariant/57844683538757,329.9,185.99,143.63,update,345
gid://shopify/Product/15850274029893,STRIA,gid://shopify/ProductVariant/57844683571525,329.9,176.99,143.63,update,345
gid://shopify/Product/15850274029893,STRIA,gid://shopify/ProductVariant/57844683604293,654.9,359.99,284.58,update,683
gid://shopify/Product/15850274029893,STRIA,gid://shopify/ProductVariant/57844683637061,702.9,378.99,305.51,update,733
gid://shopify/Product/15850274029893,STRIA,gid://shopify/ProductVariant/57844683669829,407.9,232.99,177.43,update,426
gid://shopify/Product/15850274029893,STRIA,gid://shopify/ProductVariant/57844683702597,455.9,251.99,198.36,update,476
gid://shopify/Product/15850274029893,STRIA,gid://shopify/ProductVariant/57844683735365,383.9,208.99,167.06,update,401
gid://shopify/Product/15850274029893,STRIA,gid://shopify/ProductVariant/57844683768133,407.9,234.99,177.43,update,426
gid://shopify/Product/15850274029893,STRIA,gid://shopify/ProductVariant/57844683800901,461.9,238.99,201.05,update,483
gid://shopify/Product/15850274029893,STRIA,gid://shopify/ProductVariant/57844683833669,575.9,312.99,250.59,update,601
gid://shopify/Product/15850274029893,STRIA,gid://shopify/ProductVariant/57844683866437,480.9,248.99,208.92,update,501
gid://shopify/Product/15850274029893,STRIA,gid://shopify/ProductVariant/57844683899205,480.9,241.99,208.92,update,501
gid://shopify/Product/15850274029893,STRIA,gid://shopify/ProductVariant/57844683931973,715.9,386.99,311.27,update,747
gid://shopify/Product/15850274029893,STRIA,gid://shopify/ProductVariant/57844683964741,715.9,392.99,311.27,update,747
gid://shopify/Product/15850274029893,STRIA,gid://shopify/ProductVariant/57844683997509,575.9,299.99,250.59,update,601
gid://shopify/Product/15850274029893,STRIA,gid://shopify/ProductVariant/57844684030277,612.9,312.99,266.34,update,639
gid://shopify/Product/15850274029893,STRIA,gid://shopify/ProductVariant/57844684063045,269.9,151.99,117.52,update,282
gid://shopify/Product/15850274029893,STRIA,gid://shopify/ProductVariant/57844684095813,351.9,181.99,140.95,update,338
gid://shopify/Product/15850274029893,STRIA,gid://shopify/ProductVariant/57844684128581,293.9,159.99,117.52,update,282
gid://shopify/Product/15850274029893,STRIA,gid://shopify/ProductVariant/57844684161349,436.9,216.99,174.93,update,420
gid://shopify/Product/15850274029893,STRIA,gid://shopify/ProductVariant/57844684194117,456.9,249.99,182.8,update,439
gid://shopify/Product/15850274029893,STRIA,gid://shopify/ProductVariant/57844684226885,384.9,198.99,154.01,update,370
gid://shopify/Product/15850274029893,STRIA,gid://shopify/ProductVariant/57844684259653,384.9,196.99,154.01,update,370
gid://shopify/Product/15850274029893,STRIA,gid://shopify/ProductVariant/57844684292421,587.9,273.99,235.04,update,564
gid://shopify/Product/15850274029893,STRIA,gid://shopify/ProductVariant/57844684325189,587.9,291.99,235.04,update,564
gid://shopify/Product/15850274029893,STRIA,gid://shopify/ProductVariant/57844684357957,456.9,240.99,182.8,update,439
gid://shopify/Product/15850274029893,STRIA,gid://shopify/ProductVariant/57844684390725,502.9,255.99,201.05,update,483
gid://shopify/Product/15850274062661,CASCADE,gid://shopify/ProductVariant/57844684947781,1044.9,205.99,167.26,update,401
gid://shopify/Product/15850274062661,CASCADE,gid://shopify/ProductVariant/57844684980549,917.9,179.99,146.63,update,352
gid://shopify/Product/15850274062661,CASCADE,gid://shopify/ProductVariant/57844685013317,707.9,147.99,113.36,update,272
gid://shopify/Product/15850274062661,CASCADE,gid://shopify/ProductVariant/57844685046085,1044.9,209.99,167.26,update,401
gid://shopify/Product/15850274062661,CASCADE,gid://shopify/ProductVariant/57844685078853,707.9,145.99,113.36,update,272
gid://shopify/Product/15850274062661,CASCADE,gid://shopify/ProductVariant/57844685111621,706.9,153.99,113.36,update,272
gid://shopify/Product/15850274062661,CASCADE,gid://shopify/ProductVariant/57844685144389,916.9,181.99,146.63,update,352
gid://shopify/Product/15850274062661,CASCADE,gid://shopify/ProductVariant/57844685177157,916.9,192.99,146.63,update,352
gid://shopify/Product/15850274062661,CASCADE,gid://shopify/ProductVariant/57844685209925,1044.9,228.99,167.26,update,401
gid://shopify/Product/15850274062661,CASCADE,gid://shopify/ProductVariant/57844685242693,916.9,193.99,146.63,update,352
gid://shopify/Product/15850274062661,CASCADE,gid://shopify/ProductVariant/57844685275461,366.9,184.99,146.63,update,352
gid://shopify/Product/15850274062661,CASCADE,gid://shopify/ProductVariant/57844685308229,417.9,221.99,167.26,update,401
gid://shopify/Product/15850274062661,CASCADE,gid://shopify/ProductVariant/57844685340997,417.9,227.99,167.26,update,401
gid://shopify/Product/15850274062661,CASCADE,gid://shopify/ProductVariant/57844685373765,366.9,191.99,146.63,update,352
gid://shopify/Product/15850274062661,CASCADE,gid://shopify/ProductVariant/57844685406533,417.9,216.99,167.26,update,401
gid://shopify/Product/15850274062661,CASCADE,gid://shopify/ProductVariant/57844685439301,417.9,228.99,167.26,update,401
gid://shopify/Product/15850274062661,CASCADE,gid://shopify/ProductVariant/57844685472069,385.9,199.99,154.57,update,371
gid://shopify/Product/15850274062661,CASCADE,gid://shopify/ProductVariant/57844685504837,302.9,155.99,121.28,update,291
gid://shopify/Product/15850274062661,CASCADE,gid://shopify/ProductVariant/57844685537605,282.9,152.99,113.36,update,272
gid://shopify/Product/15850274062661,CASCADE,gid://shopify/ProductVariant/57844685570373,437.9,234.99,175.16,update,420
gid://shopify/Product/15850274062661,CASCADE,gid://shopify/ProductVariant/57844685603141,282.9,151.99,113.36,update,272
gid://shopify/Product/15850274062661,CASCADE,gid://shopify/ProductVariant/57844685635909,282.9,147.99,113.36,update,272
gid://shopify/Product/15850274062661,CASCADE,gid://shopify/ProductVariant/57844685668677,366.9,177.99,146.63,update,352
gid://shopify/Product/15850274062661,CASCADE,gid://shopify/ProductVariant/57844685701445,366.9,200.99,146.63,update,352
gid://shopify/Product/15850274062661,CASCADE,gid://shopify/ProductVariant/57844685734213,417.9,224.99,167.26,update,401
gid://shopify/Product/15850274062661,CASCADE,gid://shopify/ProductVariant/57844685766981,366.9,189.99,146.63,update,352
gid://shopify/Product/15850274062661,CASCADE,gid://shopify/ProductVariant/57844685799749,366.9,191.99,146.63,update,352
gid://shopify/Product/15850274062661,CASCADE,gid://shopify/ProductVariant/57844685832517,417.9,228.99,167.26,update,401
gid://shopify/Product/15850274062661,CASCADE,gid://shopify/ProductVariant/57844685865285,417.9,212.99,167.26,update,401
gid://shopify/Product/15850274062661,CASCADE,gid://shopify/ProductVariant/57844685898053,366.9,193.99,146.63,update,352
gid://shopify/Product/15850274062661,CASCADE,gid://shopify/ProductVariant/57844685930821,417.9,213.99,167.26,update,401
gid://shopify/Product/15850274062661,CASCADE,gid://shopify/ProductVariant/57844685963589,417.9,219.99,167.26,update,401
gid://shopify/Product/15850274062661,CASCADE,gid://shopify/ProductVariant/57844685996357,385.9,211.99,154.57,update,371
gid://shopify/Product/15850274062661,CASCADE,gid://shopify/ProductVariant/57844686029125,302.9,148.99,121.28,update,291
gid://shopify/Product/15850274062661,CASCADE,gid://shopify/ProductVariant/57844686061893,366.9,190.99,146.63,update,352
gid://shopify/Product/15850274062661,CASCADE,gid://shopify/ProductVariant/57844686094661,437.9,239.99,175.16,update,420
gid://shopify/Product/15850274062661,CASCADE,gid://shopify/ProductVariant/57844686127429,417.9,205.99,167.26,update,401
gid://shopify/Product/15850274062661,CASCADE,gid://shopify/ProductVariant/57844686160197,366.9,188.99,146.63,update,352
gid://shopify/Product/15850274062661,CASCADE,gid://shopify/ProductVariant/57844686192965,417.9,223.99,167.26,update,401
gid://shopify/Product/15850274062661,CASCADE,gid://shopify/ProductVariant/57844686225733,417.9,220.99,167.26,update,401
gid://shopify/Product/15850274062661,CASCADE,gid://shopify/ProductVariant/57844686258501,385.9,191.99,154.57,update,371
gid://shopify/Product/15850274062661,CASCADE,gid://shopify/ProductVariant/57844686291269,302.9,147.99,121.28,update,291
gid://shopify/Product/15850274062661,CASCADE,gid://shopify/ProductVariant/57844686324037,417.9,213.99,167.26,update,401
gid://shopify/Product/15850274062661,CASCADE,gid://shopify/ProductVariant/57844686356805,437.9,218.99,175.16,update,420
gid://shopify/Product/15850274062661,CASCADE,gid://shopify/ProductVariant/57844686389573,385.9,204.99,154.57,update,371
gid://shopify/Product/15850274062661,CASCADE,gid://shopify/ProductVariant/57844686422341,302.9,164.99,121.28,update,291
gid://shopify/Product/15850274062661,CASCADE,gid://shopify/ProductVariant/57844686455109,282.9,148.99,113.36,update,272
gid://shopify/Product/15850274062661,CASCADE,gid://shopify/ProductVariant/57844686487877,437.9,222.99,175.16,update,420
gid://shopify/Product/15850274062661,CASCADE,gid://shopify/ProductVariant/57844686520645,282.9,138.99,113.36,update,272
gid://shopify/Product/15850274062661,CASCADE,gid://shopify/ProductVariant/57844686553413,282.9,148.99,113.36,update,272
gid://shopify/Product/15850274062661,CASCADE,gid://shopify/ProductVariant/57844686586181,282.9,150.99,113.36,update,272
gid://shopify/Product/15850274062661,CASCADE,gid://shopify/ProductVariant/57844686618949,366.9,181.99,146.63,update,352
gid://shopify/Product/15850274062661,CASCADE,gid://shopify/ProductVariant/57844686651717,282.9,140.99,113.36,update,272
gid://shopify/Product/15850274062661,CASCADE,gid://shopify/ProductVariant/57844686684485,282.9,150.99,113.36,update,272
gid://shopify/Product/15850274062661,CASCADE,gid://shopify/ProductVariant/57844686717253,540.9,264.99,216.39,update,519
gid://shopify/Product/15850274062661,CASCADE,gid://shopify/ProductVariant/57844686750021,366.9,189.99,146.63,update,352
gid://shopify/Product/15850274062661,CASCADE,gid://shopify/ProductVariant/57844686782789,484.9,237.99,194.19,update,466
gid://shopify/Product/15850274062661,CASCADE,gid://shopify/ProductVariant/57844686815557,405.9,211.99,162.49,update,390
gid://shopify/Product/15850274062661,CASCADE,gid://shopify/ProductVariant/57844686848325,385.9,195.99,154.57,update,371
gid://shopify/Product/15850274062661,CASCADE,gid://shopify/ProductVariant/57844686881093,560.9,272.99,224.31,update,538
gid://shopify/Product/15850274062661,CASCADE,gid://shopify/ProductVariant/57844686913861,385.9,208.99,154.57,update,371
gid://shopify/Product/15850274062661,CASCADE,gid://shopify/ProductVariant/57844686946629,385.9,198.99,154.57,update,371
gid://shopify/Product/15850274062661,CASCADE,gid://shopify/ProductVariant/57844686979397,465.9,255.99,186.27,update,447
gid://shopify/Product/15850274062661,CASCADE,gid://shopify/ProductVariant/57844687012165,465.9,227.99,186.27,update,447
gid://shopify/Product/15850274062661,CASCADE,gid://shopify/ProductVariant/57844687044933,540.9,249.99,216.39,update,519
gid://shopify/Product/15850274062661,CASCADE,gid://shopify/ProductVariant/57844687077701,465.9,249.99,186.27,update,447
gid://shopify/Product/15850274062661,CASCADE,gid://shopify/ProductVariant/57844687110469,540.9,249.99,216.39,update,519
gid://shopify/Product/15850274062661,CASCADE,gid://shopify/ProductVariant/57844687143237,282.9,139.99,113.36,update,272
gid://shopify/Product/15850274062661,CASCADE,gid://shopify/ProductVariant/57844687176005,282.9,151.99,113.36,update,272
gid://shopify/Product/15850274062661,CASCADE,gid://shopify/ProductVariant/57844687208773,282.9,149.99,113.36,update,272
gid://shopify/Product/15850274062661,CASCADE,gid://shopify/ProductVariant/57844687241541,366.9,188.99,146.63,update,352
gid://shopify/Product/15850274062661,CASCADE,gid://shopify/ProductVariant/57844687274309,366.9,193.99,146.63,update,352
gid://shopify/Product/15850274062661,CASCADE,gid://shopify/ProductVariant/57844687307077,417.9,226.99,167.26,update,401
gid://shopify/Product/15850274062661,CASCADE,gid://shopify/ProductVariant/57844687339845,366.9,181.99,146.63,update,352
gid://shopify/Product/15850274062661,CASCADE,gid://shopify/ProductVariant/57844687372613,366.9,191.99,146.63,update,352
gid://shopify/Product/15850274062661,CASCADE,gid://shopify/ProductVariant/57844687405381,417.9,227.99,167.26,update,401
gid://shopify/Product/15850274062661,CASCADE,gid://shopify/ProductVariant/57844687438149,417.9,204.99,167.26,update,401
gid://shopify/Product/15850274062661,CASCADE,gid://shopify/ProductVariant/57844687470917,366.9,181.99,146.63,update,352
gid://shopify/Product/15850274062661,CASCADE,gid://shopify/ProductVariant/57844687503685,417.9,220.99,167.26,update,401
gid://shopify/Product/15850274062661,CASCADE,gid://shopify/ProductVariant/57844687536453,417.9,215.99,167.26,update,401
gid://shopify/Product/15850274062661,CASCADE,gid://shopify/ProductVariant/57844687569221,385.9,210.99,154.57,update,371
gid://shopify/Product/15850274062661,CASCADE,gid://shopify/ProductVariant/57844687601989,302.9,147.99,121.28,update,291
gid://shopify/Product/15850274062661,CASCADE,gid://shopify/ProductVariant/57844687634757,465.9,247.99,186.27,update,447
gid://shopify/Product/15850274062661,CASCADE,gid://shopify/ProductVariant/57844687667525,437.9,216.99,175.16,update,420
gid://shopify/Product/15850274062661,CASCADE,gid://shopify/ProductVariant/57844687700293,540.9,252.99,216.39,update,519
gid://shopify/Product/15850274062661,CASCADE,gid://shopify/ProductVariant/57844687733061,465.9,227.99,186.27,update,447
gid://shopify/Product/15850274062661,CASCADE,gid://shopify/ProductVariant/57844687765829,540.9,256.99,216.39,update,519
gid://shopify/Product/15850274062661,CASCADE,gid://shopify/ProductVariant/57844687798597,540.9,270.99,216.39,update,519
gid://shopify/Product/15850274062661,CASCADE,gid://shopify/ProductVariant/57844687831365,484.9,250.99,194.19,update,466
gid://shopify/Product/15850274062661,CASCADE,gid://shopify/ProductVariant/57844687864133,405.9,201.99,162.49,update,390
gid://shopify/Product/15850274062661,CASCADE,gid://shopify/ProductVariant/57844687896901,417.9,218.99,167.26,update,401
gid://shopify/Product/15850274062661,CASCADE,gid://shopify/ProductVariant/57844687929669,560.9,280.99,224.31,update,538
gid://shopify/Product/15850274062661,CASCADE,gid://shopify/ProductVariant/57844687962437,385.9,190.99,154.57,update,371
gid://shopify/Product/15850274062661,CASCADE,gid://shopify/ProductVariant/57844687995205,302.9,156.99,121.28,update,291
gid://shopify/Product/15850274062661,CASCADE,gid://shopify/ProductVariant/57844688027973,385.9,207.99,154.57,update,371
gid://shopify/Product/15850274062661,CASCADE,gid://shopify/ProductVariant/57844688060741,437.9,218.99,175.16,update,420
gid://shopify/Product/15850274062661,CASCADE,gid://shopify/ProductVariant/57844688093509,385.9,207.99,154.57,update,371
gid://shopify/Product/15850274062661,CASCADE,gid://shopify/ProductVariant/57844688126277,385.9,198.99,154.57,update,371
gid://shopify/Product/15850274062661,CASCADE,gid://shopify/ProductVariant/57844688159045,366.9,196.99,146.63,update,352
gid://shopify/Product/15850274062661,CASCADE,gid://shopify/ProductVariant/57844688191813,465.9,255.99,186.27,update,447
gid://shopify/Product/15850274062661,CASCADE,gid://shopify/ProductVariant/57844688224581,417.9,221.99,167.26,update,401
gid://shopify/Product/15850274062661,CASCADE,gid://shopify/ProductVariant/57844688257349,366.9,185.99,146.63,update,352
gid://shopify/Product/15850274062661,CASCADE,gid://shopify/ProductVariant/57844688290117,417.9,229.99,167.26,update,401
gid://shopify/Product/15850274062661,CASCADE,gid://shopify/ProductVariant/57844688322885,417.9,218.99,167.26,update,401
gid://shopify/Product/15850274062661,CASCADE,gid://shopify/ProductVariant/57844688355653,385.9,190.99,154.57,update,371
gid://shopify/Product/15850274062661,CASCADE,gid://shopify/ProductVariant/57844688388421,302.9,163.99,121.28,update,291
gid://shopify/Product/15850274062661,CASCADE,gid://shopify/ProductVariant/57844688421189,417.9,224.99,167.26,update,401
gid://shopify/Product/15850274062661,CASCADE,gid://shopify/ProductVariant/57844688453957,437.9,234.99,175.16,update,420
gid://shopify/Product/15850274062661,CASCADE,gid://shopify/ProductVariant/57844688486725,385.9,202.99,154.57,update,371
gid://shopify/Product/15850274062661,CASCADE,gid://shopify/ProductVariant/57844688519493,302.9,153.99,121.28,update,291
gid://shopify/Product/15850274062661,CASCADE,gid://shopify/ProductVariant/57844688552261,282.9,139.99,113.36,update,272
gid://shopify/Product/15850274062661,CASCADE,gid://shopify/ProductVariant/57844688585029,437.9,216.99,175.16,update,420
gid://shopify/Product/15850274062661,CASCADE,gid://shopify/ProductVariant/57844688617797,282.9,144.99,113.36,update,272
gid://shopify/Product/15850274062661,CASCADE,gid://shopify/ProductVariant/57844688650565,282.9,149.99,113.36,update,272
gid://shopify/Product/15850274062661,CASCADE,gid://shopify/ProductVariant/57844688683333,417.9,217.99,167.26,update,401
gid://shopify/Product/15850274062661,CASCADE,gid://shopify/ProductVariant/57844688716101,366.9,188.99,146.63,update,352
gid://shopify/Product/15850274062661,CASCADE,gid://shopify/ProductVariant/57844688748869,385.9,210.99,154.57,update,371
gid://shopify/Product/15850274062661,CASCADE,gid://shopify/ProductVariant/57844688781637,302.9,147.99,121.28,update,291
gid://shopify/Product/15850274062661,CASCADE,gid://shopify/ProductVariant/57844688814405,282.9,139.99,113.36,update,272
gid://shopify/Product/15850274062661,CASCADE,gid://shopify/ProductVariant/57844688847173,437.9,236.99,175.16,update,420
gid://shopify/Product/15850274062661,CASCADE,gid://shopify/ProductVariant/57844688879941,282.9,148.99,113.36,update,272
gid://shopify/Product/15850274062661,CASCADE,gid://shopify/ProductVariant/57844688912709,282.9,151.99,113.36,update,272
gid://shopify/Product/15850274062661,CASCADE,gid://shopify/ProductVariant/57844688945477,282.9,137.99,113.36,update,272
gid://shopify/Product/15850274062661,CASCADE,gid://shopify/ProductVariant/57844688978245,366.9,189.99,146.63,update,352
gid://shopify/Product/15850274062661,CASCADE,gid://shopify/ProductVariant/57844689011013,282.9,137.99,113.36,update,272
gid://shopify/Product/15850274062661,CASCADE,gid://shopify/ProductVariant/57844689043781,282.9,140.99,113.36,update,272
gid://shopify/Product/15850274062661,CASCADE,gid://shopify/ProductVariant/57844689076549,366.9,179.99,146.63,update,352
gid://shopify/Product/15850274062661,CASCADE,gid://shopify/ProductVariant/57844689109317,366.9,193.99,146.63,update,352
gid://shopify/Product/15850274062661,CASCADE,gid://shopify/ProductVariant/57844689142085,417.9,226.99,167.26,update,401
gid://shopify/Product/15850274062661,CASCADE,gid://shopify/ProductVariant/57844689174853,366.9,187.99,146.63,update,352
gid://shopify/Product/15850274062661,CASCADE,gid://shopify/ProductVariant/57844689207621,417.9,224.99,167.26,update,401
gid://shopify/Product/15850274062661,CASCADE,gid://shopify/ProductVariant/57844689240389,417.9,223.99,167.26,update,401
gid://shopify/Product/15850274062661,CASCADE,gid://shopify/ProductVariant/57844689273157,385.9,204.99,154.57,update,371
gid://shopify/Product/15850274062661,CASCADE,gid://shopify/ProductVariant/57844689305925,302.9,150.99,121.28,update,291
gid://shopify/Product/15850274062661,CASCADE,gid://shopify/ProductVariant/57844689338693,282.9,148.99,113.36,update,272
gid://shopify/Product/15850274062661,CASCADE,gid://shopify/ProductVariant/57844689371461,437.9,227.99,175.16,update,420
gid://shopify/Product/15850274062661,CASCADE,gid://shopify/ProductVariant/57844689404229,282.9,144.99,113.36,update,272
gid://shopify/Product/15850274062661,CASCADE,gid://shopify/ProductVariant/57844689436997,282.9,154.99,113.36,update,272
gid://shopify/Product/15850274062661,CASCADE,gid://shopify/ProductVariant/57844689469765,282.9,148.99,113.36,update,272
gid://shopify/Product/15850274062661,CASCADE,gid://shopify/ProductVariant/57844689502533,366.9,178.99,146.63,update,352
gid://shopify/Product/15850274062661,CASCADE,gid://shopify/ProductVariant/57844689535301,282.9,140.99,113.36,update,272
gid://shopify/Product/15850274062661,CASCADE,gid://shopify/ProductVariant/57844689568069,282.9,146.99,113.36,update,272
gid://shopify/Product/15850274062661,CASCADE,gid://shopify/ProductVariant/57844689600837,366.9,200.99,146.63,update,352
gid://shopify/Product/15850274062661,CASCADE,gid://shopify/ProductVariant/57844689633605,366.9,192.99,146.63,update,352
gid://shopify/Product/15850274095429,DISCO,gid://shopify/ProductVariant/57844684423493,504.9,99.99,80.61,update,193
gid://shopify/Product/15850274095429,DISCO,gid://shopify/ProductVariant/57844684456261,471.9,105.99,75.64,update,182
gid://shopify/Product/15850274095429,DISCO,gid://shopify/ProductVariant/57844684489029,471.9,98.99,75.64,update,182
gid://shopify/Product/15850274095429,DISCO,gid://shopify/ProductVariant/57844684521797,576.9,121.99,92.54,update,222
gid://shopify/Product/15850274095429,DISCO,gid://shopify/ProductVariant/57844684554565,546.9,118.99,87.57,update,210
gid://shopify/Product/15850274095429,DISCO,gid://shopify/ProductVariant/57844684587333,546.9,115.99,87.57,update,210
gid://shopify/Product/15850274160965,MERIDIEN,gid://shopify/ProductVariant/57844689666373,671.9,133.99,107.7,update,258
gid://shopify/Product/15850274160965,MERIDIEN,gid://shopify/ProductVariant/57844689699141,391.9,80.99,62.9,update,151
gid://shopify/Product/15850274160965,MERIDIEN,gid://shopify/ProductVariant/57844689731909,671.9,143.99,107.7,update,258
gid://shopify/Product/15850274160965,MERIDIEN,gid://shopify/ProductVariant/57844689764677,391.9,83.99,62.9,update,151
gid://shopify/Product/15850274160965,MERIDIEN,gid://shopify/ProductVariant/57844689797445,671.9,136.99,107.7,update,258
gid://shopify/Product/15850274160965,MERIDIEN,gid://shopify/ProductVariant/57844689830213,671.9,131.99,107.7,update,258
gid://shopify/Product/15850274193733,AKARI,gid://shopify/ProductVariant/57844689895749,694.9,151.99,111.19,update,267
gid://shopify/Product/15850274193733,AKARI,gid://shopify/ProductVariant/57844689928517,694.9,146.99,111.19,update,267
gid://shopify/Product/15850274193733,AKARI,gid://shopify/ProductVariant/57844689961285,694.9,151.99,111.19,update,267
gid://shopify/Product/15850274193733,AKARI,gid://shopify/ProductVariant/57844689994053,694.9,139.99,111.19,update,267
gid://shopify/Product/15850274193733,AKARI,gid://shopify/ProductVariant/57844690026821,694.9,142.99,111.19,update,267
gid://shopify/Product/15850274193733,AKARI,gid://shopify/ProductVariant/57844690059589,694.9,150.99,111.19,update,267
gid://shopify/Product/15850274193733,AKARI,gid://shopify/ProductVariant/57844690092357,694.9,148.99,111.19,update,267
gid://shopify/Product/15850274193733,AKARI,gid://shopify/ProductVariant/57844690125125,694.9,140.99,111.19,update,267
gid://shopify/Product/15850274226501,ORBIT,gid://shopify/ProductVariant/57844690223429,916.9,180.99,146.95,update,353
gid://shopify/Product/15850274226501,ORBIT,gid://shopify/ProductVariant/57844690256197,961.9,202.99,153.81,update,369
gid://shopify/Product/15850274226501,ORBIT,gid://shopify/ProductVariant/57844690288965,1071.9,219.99,171.6,update,412
gid://shopify/Product/15850274226501,ORBIT,gid://shopify/ProductVariant/57844690321733,1071.9,229.99,171.6,update,412
gid://shopify/Product/15850274226501,ORBIT,gid://shopify/ProductVariant/57844690354501,916.9,195.99,146.95,update,353
gid://shopify/Product/15850274226501,ORBIT,gid://shopify/ProductVariant/57844690387269,961.9,204.99,153.81,update,369
gid://shopify/Product/15850274226501,ORBIT,gid://shopify/ProductVariant/57844690420037,831.9,174.99,133.22,update,320
gid://shopify/Product/15850274226501,ORBIT,gid://shopify/ProductVariant/57844690452805,831.9,165.99,133.22,update,320
gid://shopify/Product/15850274226501,ORBIT,gid://shopify/ProductVariant/57844690485573,1156.9,235.99,185.33,update,445
gid://shopify/Product/15850274226501,ORBIT,gid://shopify/ProductVariant/57844690518341,1199.9,254.99,192.19,update,461
gid://shopify/Product/15850274226501,ORBIT,gid://shopify/ProductVariant/57844690551109,428.9,213.99,171.6,update,412
gid://shopify/Product/15850274226501,ORBIT,gid://shopify/ProductVariant/57844690583877,428.9,223.99,171.6,update,412
gid://shopify/Product/15850274226501,ORBIT,gid://shopify/ProductVariant/57844690616645,462.9,245.99,185.33,update,445
gid://shopify/Product/15850274226501,ORBIT,gid://shopify/ProductVariant/57844690649413,479.9,259.99,192.19,update,461
gid://shopify/Product/15850274226501,ORBIT,gid://shopify/ProductVariant/57844690682181,428.9,208.99,171.6,update,412
gid://shopify/Product/15850274226501,ORBIT,gid://shopify/ProductVariant/57844690714949,428.9,211.99,171.6,update,412
gid://shopify/Product/15850274226501,ORBIT,gid://shopify/ProductVariant/57844690747717,462.9,228.99,185.33,update,445
gid://shopify/Product/15850274226501,ORBIT,gid://shopify/ProductVariant/57844690780485,479.9,247.99,192.19,update,461
gid://shopify/Product/15850274226501,ORBIT,gid://shopify/ProductVariant/57844690813253,135.9,70.99,54.21,update,130
gid://shopify/Product/15850274226501,ORBIT,gid://shopify/ProductVariant/57844690846021,135.9,70.99,54.21,update,130
gid://shopify/Product/15850274226501,ORBIT,gid://shopify/ProductVariant/57844690878789,462.9,230.99,185.33,update,445
gid://shopify/Product/15850274226501,ORBIT,gid://shopify/ProductVariant/57844690911557,479.9,234.99,192.19,update,461
gid://shopify/Product/15850274226501,ORBIT,gid://shopify/ProductVariant/57844690944325,428.9,210.99,171.6,update,412
gid://shopify/Product/15850274226501,ORBIT,gid://shopify/ProductVariant/57844690977093,428.9,234.99,171.6,update,412
gid://shopify/Product/15850274226501,ORBIT,gid://shopify/ProductVariant/57844691009861,169.9,93.99,67.95,update,163
gid://shopify/Product/15850274226501,ORBIT,gid://shopify/ProductVariant/57844691042629,186.9,105.99,74.81,update,180
gid://shopify/Product/15850274226501,ORBIT,gid://shopify/ProductVariant/57844691075397,169.9,96.99,67.95,update,163
gid://shopify/Product/15850274226501,ORBIT,gid://shopify/ProductVariant/57844691108165,186.9,102.99,74.81,update,180
gid://shopify/Product/15850274226501,ORBIT,gid://shopify/ProductVariant/57844691140933,135.9,74.99,54.21,update,130
gid://shopify/Product/15850274226501,ORBIT,gid://shopify/ProductVariant/57844691173701,135.9,69.99,54.21,update,130
gid://shopify/Product/15850274226501,ORBIT,gid://shopify/ProductVariant/57844691206469,332.9,179.99,133.22,update,320
gid://shopify/Product/15850274226501,ORBIT,gid://shopify/ProductVariant/57844691239237,332.9,164.99,133.22,update,320
gid://shopify/Product/15850274226501,ORBIT,gid://shopify/ProductVariant/57844691272005,366.9,193.99,146.95,update,353
gid://shopify/Product/15850274226501,ORBIT,gid://shopify/ProductVariant/57844691304773,384.9,208.99,153.81,update,369
gid://shopify/Product/15850274226501,ORBIT,gid://shopify/ProductVariant/57844691337541,332.9,173.99,133.22,update,320
gid://shopify/Product/15850274226501,ORBIT,gid://shopify/ProductVariant/57844691370309,332.9,182.99,133.22,update,320
gid://shopify/Product/15850274226501,ORBIT,gid://shopify/ProductVariant/57844691403077,366.9,199.99,146.95,update,353
gid://shopify/Product/15850274226501,ORBIT,gid://shopify/ProductVariant/57844691435845,384.9,203.99,153.81,update,369
gid://shopify/Product/15850274226501,ORBIT,gid://shopify/ProductVariant/57844691468613,332.9,166.99,133.22,update,320
gid://shopify/Product/15850274226501,ORBIT,gid://shopify/ProductVariant/57844691501381,332.9,171.99,133.22,update,320
gid://shopify/Product/15850274259269,GROTTA,gid://shopify/ProductVariant/57844691992901,1159.9,233.99,185.77,update,446
gid://shopify/Product/15850274259269,GROTTA,gid://shopify/ProductVariant/57844692025669,1449.9,287.99,232.19,update,557
gid://shopify/Product/15850274259269,GROTTA,gid://shopify/ProductVariant/57844692058437,1449.9,280.99,232.19,update,557
gid://shopify/Product/15850274259269,GROTTA,gid://shopify/ProductVariant/57844692091205,1449.9,290.99,232.19,update,557
gid://shopify/Product/15850274259269,GROTTA,gid://shopify/ProductVariant/57844692123973,1479.9,298.99,236.95,update,569
gid://shopify/Product/15850274259269,GROTTA,gid://shopify/ProductVariant/57844692156741,116.9,25.99,18.81,update,45
gid://shopify/Product/15850274259269,GROTTA,gid://shopify/ProductVariant/57844692189509,116.9,24.99,18.81,update,45
gid://shopify/Product/15850274259269,GROTTA,gid://shopify/ProductVariant/57844692222277,116.9,24.99,18.81,update,45
gid://shopify/Product/15850274259269,GROTTA,gid://shopify/ProductVariant/57844692255045,146.9,35.99,23.57,update,57
gid://shopify/Product/15850274259269,GROTTA,gid://shopify/ProductVariant/57844692287813,1319.9,246.99,211.37,update,507
gid://shopify/Product/15850274259269,GROTTA,gid://shopify/ProductVariant/57844692320581,379.9,196.99,151.84,update,364
gid://shopify/Product/15850274259269,GROTTA,gid://shopify/ProductVariant/57844692353349,379.9,208.99,151.84,update,364
gid://shopify/Product/15850274259269,GROTTA,gid://shopify/ProductVariant/57844692386117,379.9,202.99,151.84,update,364
gid://shopify/Product/15850274259269,GROTTA,gid://shopify/ProductVariant/57844692418885,388.9,194.99,155.42,update,373
gid://shopify/Product/15850274259269,GROTTA,gid://shopify/ProductVariant/57844692451653,334.9,171.99,133.99,update,322
gid://shopify/Product/15850274259269,GROTTA,gid://shopify/ProductVariant/57844692484421,334.9,176.99,133.99,update,322
gid://shopify/Product/15850274259269,GROTTA,gid://shopify/ProductVariant/57844692517189,334.9,166.99,133.99,update,322
gid://shopify/Product/15850274259269,GROTTA,gid://shopify/ProductVariant/57844692549957,349.9,186.99,139.94,update,336
gid://shopify/Product/15850274259269,GROTTA,gid://shopify/ProductVariant/57844692582725,334.9,169.99,133.99,update,322
gid://shopify/Product/15850274259269,GROTTA,gid://shopify/ProductVariant/57844692615493,334.9,176.99,133.99,update,322
gid://shopify/Product/15850274259269,GROTTA,gid://shopify/ProductVariant/57844692648261,334.9,178.99,133.99,update,322
gid://shopify/Product/15850274259269,GROTTA,gid://shopify/ProductVariant/57844692681029,349.9,172.99,139.94,update,336
gid://shopify/Product/15850274259269,GROTTA,gid://shopify/ProductVariant/57844692713797,449.9,223.99,179.82,update,432
gid://shopify/Product/15850274259269,GROTTA,gid://shopify/ProductVariant/57844692746565,449.9,229.99,179.82,update,432
gid://shopify/Product/15850274259269,GROTTA,gid://shopify/ProductVariant/57844692779333,449.9,227.99,179.82,update,432
gid://shopify/Product/15850274259269,GROTTA,gid://shopify/ProductVariant/57844692812101,388.9,207.99,155.42,update,373
gid://shopify/Product/15850274259269,GROTTA,gid://shopify/ProductVariant/57844692844869,289.9,154.99,116.14,update,279
gid://shopify/Product/15850274259269,GROTTA,gid://shopify/ProductVariant/57844692877637,289.9,150.99,116.14,update,279
gid://shopify/Product/15850274259269,GROTTA,gid://shopify/ProductVariant/57844692910405,289.9,147.99,116.14,update,279
gid://shopify/Product/15850274259269,GROTTA,gid://shopify/ProductVariant/57844692943173,301.9,160.99,120.9,update,290
gid://shopify/Product/15850274259269,GROTTA,gid://shopify/ProductVariant/57844692975941,408.9,211.99,163.75,update,393
gid://shopify/Product/15850274259269,GROTTA,gid://shopify/ProductVariant/57844693008709,408.9,202.99,163.75,update,393
gid://shopify/Product/15850274259269,GROTTA,gid://shopify/ProductVariant/57844693041477,408.9,221.99,163.75,update,393
gid://shopify/Product/15850274259269,GROTTA,gid://shopify/ProductVariant/57844693074245,417.9,203.99,167.32,update,402
gid://shopify/Product/15850274259269,GROTTA,gid://shopify/ProductVariant/57844693107013,334.9,182.99,133.99,update,322
gid://shopify/Product/15850274259269,GROTTA,gid://shopify/ProductVariant/57844693139781,334.9,172.99,133.99,update,322
gid://shopify/Product/15850274259269,GROTTA,gid://shopify/ProductVariant/57844693172549,334.9,177.99,133.99,update,322
gid://shopify/Product/15850274259269,GROTTA,gid://shopify/ProductVariant/57844693205317,349.9,191.99,139.94,update,336
gid://shopify/Product/15850274259269,GROTTA,gid://shopify/ProductVariant/57844693238085,513.9,253.99,205.41,update,493
gid://shopify/Product/15850274259269,GROTTA,gid://shopify/ProductVariant/57844693270853,513.9,236.99,205.41,update,493
gid://shopify/Product/15850274259269,GROTTA,gid://shopify/ProductVariant/57844693303621,513.9,259.99,205.41,update,493
gid://shopify/Product/15850274259269,GROTTA,gid://shopify/ProductVariant/57844693336389,289.9,152.99,116.14,update,279
gid://shopify/Product/15850274259269,GROTTA,gid://shopify/ProductVariant/57844693369157,289.9,158.99,116.14,update,279
gid://shopify/Product/15850274259269,GROTTA,gid://shopify/ProductVariant/57844693401925,289.9,148.99,116.14,update,279
gid://shopify/Product/15850274259269,GROTTA,gid://shopify/ProductVariant/57844693434693,301.9,164.99,120.9,update,290
gid://shopify/Product/15850274259269,GROTTA,gid://shopify/ProductVariant/57844693467461,379.9,205.99,151.84,update,364
gid://shopify/Product/15850274259269,GROTTA,gid://shopify/ProductVariant/57844693500229,379.9,192.99,151.84,update,364
gid://shopify/Product/15850274259269,GROTTA,gid://shopify/ProductVariant/57844693532997,379.9,190.99,151.84,update,364
gid://shopify/Product/15850274292037,IMPERIALE,gid://shopify/ProductVariant/57844691599685,2401.9,525.99,417.98,update,1003
gid://shopify/Product/15850274292037,IMPERIALE,gid://shopify/ProductVariant/57844691632453,2401.9,494.99,417.98,update,1003
gid://shopify/Product/15850274292037,IMPERIALE,gid://shopify/ProductVariant/57844691665221,556.9,119.99,97.11,update,233
gid://shopify/Product/15850274292037,IMPERIALE,gid://shopify/ProductVariant/57844691697989,556.9,121.99,97.11,update,233
gid://shopify/Product/15850274292037,IMPERIALE,gid://shopify/ProductVariant/57844691730757,556.9,130.99,97.11,update,233
gid://shopify/Product/15850274292037,IMPERIALE,gid://shopify/ProductVariant/57844691763525,4829.9,966.99,840.18,update,2016
gid://shopify/Product/15850274292037,IMPERIALE,gid://shopify/ProductVariant/57844691796293,4829.9,977.99,840.18,update,2016
gid://shopify/Product/15850274292037,IMPERIALE,gid://shopify/ProductVariant/57844691829061,4829.9,984.99,840.18,update,2016
gid://shopify/Product/15850274292037,IMPERIALE,gid://shopify/ProductVariant/57844691861829,4029.9,858.99,700.86,update,1682
gid://shopify/Product/15850274292037,IMPERIALE,gid://shopify/ProductVariant/57844691894597,4029.9,818.99,700.86,update,1682
gid://shopify/Product/15850274292037,IMPERIALE,gid://shopify/ProductVariant/57844691927365,960.9,503.99,417.98,update,1003
gid://shopify/Product/15850274292037,IMPERIALE,gid://shopify/ProductVariant/57844691960133,1611.9,878.99,700.86,update,1682
gid://shopify/Product/15850274324805,NELSON,gid://shopify/ProductVariant/57844693598533,769.9,168.99,123.25,update,296
gid://shopify/Product/15850274324805,NELSON,gid://shopify/ProductVariant/57844693631301,769.9,160.99,123.25,update,296
gid://shopify/Product/15850274324805,NELSON,gid://shopify/ProductVariant/57844693664069,769.9,163.99,123.25,update,296
gid://shopify/Product/15850274324805,NELSON,gid://shopify/ProductVariant/57844693696837,769.9,151.99,123.25,update,296
gid://shopify/Product/15850274324805,NELSON,gid://shopify/ProductVariant/57844693729605,769.9,158.99,123.25,update,296
gid://shopify/Product/15850274324805,NELSON,gid://shopify/ProductVariant/57844693762373,769.9,162.99,123.25,update,296
gid://shopify/Product/15850274324805,NELSON,gid://shopify/ProductVariant/57844693795141,769.9,152.99,123.25,update,296
gid://shopify/Product/15850274324805,NELSON,gid://shopify/ProductVariant/57844693827909,769.9,163.99,123.25,update,296
gid://shopify/Product/15850274324805,NELSON,gid://shopify/ProductVariant/57844693860677,769.9,168.99,123.25,update,296
gid://shopify/Product/15850274324805,NELSON,gid://shopify/ProductVariant/57844693893445,769.9,168.99,123.25,update,296
gid://shopify/Product/15850274324805,NELSON,gid://shopify/ProductVariant/57844693926213,307.9,164.99,123.25,update,296
gid://shopify/Product/15850274324805,NELSON,gid://shopify/ProductVariant/57844693958981,307.9,158.99,123.25,update,296
gid://shopify/Product/15850274324805,NELSON,gid://shopify/ProductVariant/57844693991749,307.9,150.99,123.25,update,296
gid://shopify/Product/15850274324805,NELSON,gid://shopify/ProductVariant/57844694024517,307.9,166.99,123.25,update,296
gid://shopify/Product/15850274324805,NELSON,gid://shopify/ProductVariant/57844694057285,307.9,151.99,123.25,update,296
gid://shopify/Product/15850274324805,NELSON,gid://shopify/ProductVariant/57844694090053,307.9,158.99,123.25,update,296
gid://shopify/Product/15850274324805,NELSON,gid://shopify/ProductVariant/57844694122821,307.9,163.99,123.25,update,296
gid://shopify/Product/15850274324805,NELSON,gid://shopify/ProductVariant/57844694155589,307.9,168.99,123.25,update,296
gid://shopify/Product/15850274324805,NELSON,gid://shopify/ProductVariant/57844694188357,307.9,150.99,123.25,update,296
gid://shopify/Product/15850274324805,NELSON,gid://shopify/ProductVariant/57844694221125,307.9,161.99,123.25,update,296
gid://shopify/Product/15850274324805,NELSON,gid://shopify/ProductVariant/57844694253893,307.9,165.99,123.25,update,296
gid://shopify/Product/15850274324805,NELSON,gid://shopify/ProductVariant/57844694286661,307.9,155.99,123.25,update,296
gid://shopify/Product/15850274324805,NELSON,gid://shopify/ProductVariant/57844694319429,307.9,150.99,123.25,update,296
gid://shopify/Product/15850274324805,NELSON,gid://shopify/ProductVariant/57844694352197,307.9,156.99,123.25,update,296
gid://shopify/Product/15850274324805,NELSON,gid://shopify/ProductVariant/57844694384965,307.9,164.99,123.25,update,296
gid://shopify/Product/15850274324805,NELSON,gid://shopify/ProductVariant/57844694417733,307.9,158.99,123.25,update,296
gid://shopify/Product/15850274324805,NELSON,gid://shopify/ProductVariant/57844694450501,307.9,159.99,123.25,update,296
gid://shopify/Product/15850274324805,NELSON,gid://shopify/ProductVariant/57844694483269,307.9,158.99,123.25,update,296
gid://shopify/Product/15850274324805,NELSON,gid://shopify/ProductVariant/57844694516037,307.9,163.99,123.25,update,296
gid://shopify/Product/15850274324805,NELSON,gid://shopify/ProductVariant/57844694548805,307.9,157.99,123.25,update,296
gid://shopify/Product/15850274324805,NELSON,gid://shopify/ProductVariant/57844694581573,307.9,168.99,123.25,update,296
gid://shopify/Product/15850274324805,NELSON,gid://shopify/ProductVariant/57844694614341,307.9,165.99,123.25,update,296
gid://shopify/Product/15850274324805,NELSON,gid://shopify/ProductVariant/57844694647109,307.9,155.99,123.25,update,296
gid://shopify/Product/15850274324805,NELSON,gid://shopify/ProductVariant/57844694679877,307.9,150.99,123.25,update,296
gid://shopify/Product/15850274324805,NELSON,gid://shopify/ProductVariant/57844694712645,307.9,167.99,123.25,update,296
gid://shopify/Product/15850274324805,NELSON,gid://shopify/ProductVariant/57844694745413,307.9,164.99,123.25,update,296
gid://shopify/Product/15850274324805,NELSON,gid://shopify/ProductVariant/57844694778181,307.9,163.99,123.25,update,296
gid://shopify/Product/15850274324805,NELSON,gid://shopify/ProductVariant/57844694810949,307.9,160.99,123.25,update,296
gid://shopify/Product/15850274324805,NELSON,gid://shopify/ProductVariant/57844694843717,307.9,150.99,123.25,update,296
gid://shopify/Product/15850274324805,NELSON,gid://shopify/ProductVariant/57844694876485,307.9,158.99,123.25,update,296
gid://shopify/Product/15850274324805,NELSON,gid://shopify/ProductVariant/57844694909253,307.9,152.99,123.25,update,296
gid://shopify/Product/15850274324805,NELSON,gid://shopify/ProductVariant/57844694942021,307.9,150.99,123.25,update,296
gid://shopify/Product/15850274324805,NELSON,gid://shopify/ProductVariant/57844694974789,307.9,168.99,123.25,update,296
gid://shopify/Product/15850274324805,NELSON,gid://shopify/ProductVariant/57844695007557,307.9,165.99,123.25,update,296
gid://shopify/Product/15850274324805,NELSON,gid://shopify/ProductVariant/57844695040325,307.9,161.99,123.25,update,296
gid://shopify/Product/15850274324805,NELSON,gid://shopify/ProductVariant/57844695073093,307.9,155.99,123.25,update,296
gid://shopify/Product/15850274324805,NELSON,gid://shopify/ProductVariant/57844695105861,307.9,150.99,123.25,update,296
gid://shopify/Product/15850274324805,NELSON,gid://shopify/ProductVariant/57844695138629,307.9,159.99,123.25,update,296
gid://shopify/Product/15850274390341,MAGMA,gid://shopify/ProductVariant/57844695531845,2921.9,560.99,467.73,update,1123
gid://shopify/Product/15850274390341,MAGMA,gid://shopify/ProductVariant/57844695564613,291.9,61.99,46.64,update,112
gid://shopify/Product/15850274390341,MAGMA,gid://shopify/ProductVariant/57844695597381,291.9,65.99,46.64,update,112
gid://shopify/Product/15850274390341,MAGMA,gid://shopify/ProductVariant/57844695630149,291.9,63.99,46.64,update,112
gid://shopify/Product/15850274390341,MAGMA,gid://shopify/ProductVariant/57844695662917,399.9,89.99,64.03,update,154
gid://shopify/Product/15850274390341,MAGMA,gid://shopify/ProductVariant/57844695695685,574.9,117.99,91.88,update,221
gid://shopify/Product/15850274390341,MAGMA,gid://shopify/ProductVariant/57844695728453,574.9,122.99,91.88,update,221
gid://shopify/Product/15850274390341,MAGMA,gid://shopify/ProductVariant/57844695761221,574.9,119.99,91.88,update,221
gid://shopify/Product/15850274390341,MAGMA,gid://shopify/ProductVariant/57844695793989,1174.9,235.99,187.93,update,451
gid://shopify/Product/15850274390341,MAGMA,gid://shopify/ProductVariant/57844695826757,1834.9,362.99,293.73,update,705
gid://shopify/Product/15850274390341,MAGMA,gid://shopify/ProductVariant/57844695859525,733.9,339.99,293.73,update,705
gid://shopify/Product/15850274390341,MAGMA,gid://shopify/ProductVariant/57844695892293,733.9,372.99,293.73,update,705
gid://shopify/Product/15850274390341,MAGMA,gid://shopify/ProductVariant/57844695925061,777.9,380.99,311.12,update,747
gid://shopify/Product/15850274390341,MAGMA,gid://shopify/ProductVariant/57844695957829,1038.9,503.99,415.53,update,997
gid://shopify/Product/15850274390341,MAGMA,gid://shopify/ProductVariant/57844695990597,1038.9,508.99,415.53,update,997
gid://shopify/Product/15850274390341,MAGMA,gid://shopify/ProductVariant/57844696023365,1038.9,501.99,415.53,update,997
gid://shopify/Product/15850274390341,MAGMA,gid://shopify/ProductVariant/57844696056133,777.9,379.99,311.12,update,747
gid://shopify/Product/15850274390341,MAGMA,gid://shopify/ProductVariant/57844696088901,1038.9,521.99,415.53,update,997
gid://shopify/Product/15850274390341,MAGMA,gid://shopify/ProductVariant/57844696121669,1038.9,486.99,415.53,update,997
gid://shopify/Product/15850274390341,MAGMA,gid://shopify/ProductVariant/57844696154437,1038.9,528.99,415.53,update,997
gid://shopify/Product/15850274390341,MAGMA,gid://shopify/ProductVariant/57844696187205,1168.9,541.99,467.73,update,1123
gid://shopify/Product/15850274390341,MAGMA,gid://shopify/ProductVariant/57844696219973,116.9,59.99,46.64,update,112
gid://shopify/Product/15850274390341,MAGMA,gid://shopify/ProductVariant/57844696252741,116.9,65.99,46.64,update,112
gid://shopify/Product/15850274390341,MAGMA,gid://shopify/ProductVariant/57844696285509,116.9,64.99,46.64,update,112
gid://shopify/Product/15850274390341,MAGMA,gid://shopify/ProductVariant/57844696318277,290.9,147.99,116.24,update,279
gid://shopify/Product/15850274390341,MAGMA,gid://shopify/ProductVariant/57844696351045,403.9,208.99,161.48,update,388
gid://shopify/Product/15850274390341,MAGMA,gid://shopify/ProductVariant/57844696383813,403.9,213.99,161.48,update,388
gid://shopify/Product/15850274390341,MAGMA,gid://shopify/ProductVariant/57844696416581,403.9,198.99,161.48,update,388
gid://shopify/Product/15850274390341,MAGMA,gid://shopify/ProductVariant/57844696449349,469.9,252.99,187.93,update,451
gid://shopify/Product/15850274390341,MAGMA,gid://shopify/ProductVariant/57844696482117,733.9,370.99,293.73,update,705
gid://shopify/Product/15850274390341,MAGMA,gid://shopify/ProductVariant/57844696514885,733.9,371.99,293.73,update,705
gid://shopify/Product/15850274390341,MAGMA,gid://shopify/ProductVariant/57844696547653,733.9,361.99,293.73,update,705
gid://shopify/Product/15850274390341,MAGMA,gid://shopify/ProductVariant/57844696580421,469.9,228.99,187.93,update,451
gid://shopify/Product/15850274390341,MAGMA,gid://shopify/ProductVariant/57844696613189,733.9,342.99,293.73,update,705
gid://shopify/Product/15850274390341,MAGMA,gid://shopify/ProductVariant/57844696645957,733.9,342.99,293.73,update,705
gid://shopify/Product/15850274390341,MAGMA,gid://shopify/ProductVariant/57844696678725,733.9,357.99,293.73,update,705
gid://shopify/Product/15850274390341,MAGMA,gid://shopify/ProductVariant/57844696711493,777.9,372.99,311.12,update,747
gid://shopify/Product/15850274390341,MAGMA,gid://shopify/ProductVariant/57844696744261,1038.9,508.99,415.53,update,997
gid://shopify/Product/15850274390341,MAGMA,gid://shopify/ProductVariant/57844696777029,1038.9,487.99,415.53,update,997
gid://shopify/Product/15850274390341,MAGMA,gid://shopify/ProductVariant/57844696809797,1038.9,513.99,415.53,update,997
gid://shopify/Product/15850274390341,MAGMA,gid://shopify/ProductVariant/57844696842565,159.9,84.99,64.03,update,154
gid://shopify/Product/15850274390341,MAGMA,gid://shopify/ProductVariant/57844696875333,229.9,119.99,91.88,update,221
gid://shopify/Product/15850274390341,MAGMA,gid://shopify/ProductVariant/57844696908101,229.9,124.99,91.88,update,221
gid://shopify/Product/15850274390341,MAGMA,gid://shopify/ProductVariant/57844696940869,229.9,115.99,91.88,update,221
gid://shopify/Product/15850274390341,MAGMA,gid://shopify/ProductVariant/57844696973637,290.9,158.99,116.24,update,279
gid://shopify/Product/15850274390341,MAGMA,gid://shopify/ProductVariant/57844697006405,403.9,207.99,161.48,update,388
gid://shopify/Product/15850274390341,MAGMA,gid://shopify/ProductVariant/57844697039173,403.9,221.99,161.48,update,388
gid://shopify/Product/15850274390341,MAGMA,gid://shopify/ProductVariant/57844697071941,403.9,204.99,161.48,update,388
gid://shopify/Product/15850274390341,MAGMA,gid://shopify/ProductVariant/57844697104709,1168.9,542.99,467.73,update,1123
gid://shopify/Product/15850274390341,MAGMA,gid://shopify/ProductVariant/57844697137477,116.9,58.99,46.64,update,112
gid://shopify/Product/15850274390341,MAGMA,gid://shopify/ProductVariant/57844697170245,116.9,66.99,46.64,update,112
gid://shopify/Product/15850274390341,MAGMA,gid://shopify/ProductVariant/57844697203013,116.9,61.99,46.64,update,112
gid://shopify/Product/15850274390341,MAGMA,gid://shopify/ProductVariant/57844697235781,469.9,232.99,187.93,update,451
gid://shopify/Product/15850274390341,MAGMA,gid://shopify/ProductVariant/57844697268549,733.9,348.99,293.73,update,705
gid://shopify/Product/15850274390341,MAGMA,gid://shopify/ProductVariant/57844697301317,733.9,350.99,293.73,update,705
gid://shopify/Product/15850274390341,MAGMA,gid://shopify/ProductVariant/57844697334085,733.9,357.99,293.73,update,705
gid://shopify/Product/15850274390341,MAGMA,gid://shopify/ProductVariant/57844697366853,777.9,358.99,311.12,update,747
gid://shopify/Product/15850274390341,MAGMA,gid://shopify/ProductVariant/57844697399621,1038.9,514.99,415.53,update,997
gid://shopify/Product/15850274390341,MAGMA,gid://shopify/ProductVariant/57844697432389,1038.9,521.99,415.53,update,997
gid://shopify/Product/15850274390341,MAGMA,gid://shopify/ProductVariant/57844697465157,1038.9,496.99,415.53,update,997
gid://shopify/Product/15850274390341,MAGMA,gid://shopify/ProductVariant/57844697497925,159.9,90.99,64.03,update,154
gid://shopify/Product/15850274390341,MAGMA,gid://shopify/ProductVariant/57844697530693,229.9,123.99,91.88,update,221
gid://shopify/Product/15850274390341,MAGMA,gid://shopify/ProductVariant/57844697563461,229.9,114.99,91.88,update,221
gid://shopify/Product/15850274390341,MAGMA,gid://shopify/ProductVariant/57844697596229,229.9,121.99,91.88,update,221
gid://shopify/Product/15850274390341,MAGMA,gid://shopify/ProductVariant/57844697628997,290.9,148.99,116.24,update,279
gid://shopify/Product/15850274390341,MAGMA,gid://shopify/ProductVariant/57844697661765,403.9,204.99,161.48,update,388
gid://shopify/Product/15850274390341,MAGMA,gid://shopify/ProductVariant/57844697694533,403.9,205.99,161.48,update,388
gid://shopify/Product/15850274390341,MAGMA,gid://shopify/ProductVariant/57844697727301,403.9,205.99,161.48,update,388
gid://shopify/Product/15850274390341,MAGMA,gid://shopify/ProductVariant/57844697760069,290.9,150.99,116.24,update,279
gid://shopify/Product/15850274390341,MAGMA,gid://shopify/ProductVariant/57844697792837,403.9,213.99,161.48,update,388
gid://shopify/Product/15850274390341,MAGMA,gid://shopify/ProductVariant/57844697825605,403.9,208.99,161.48,update,388
gid://shopify/Product/15850274390341,MAGMA,gid://shopify/ProductVariant/57844697858373,403.9,200.99,161.48,update,388
gid://shopify/Product/15850274390341,MAGMA,gid://shopify/ProductVariant/57844697891141,469.9,239.99,187.93,update,451
gid://shopify/Product/15850274390341,MAGMA,gid://shopify/ProductVariant/57844697923909,733.9,372.99,293.73,update,705
gid://shopify/Product/15850274390341,MAGMA,gid://shopify/ProductVariant/57844697956677,733.9,368.99,293.73,update,705
gid://shopify/Product/15850274390341,MAGMA,gid://shopify/ProductVariant/57844697989445,733.9,342.99,293.73,update,705
gid://shopify/Product/15850274390341,MAGMA,gid://shopify/ProductVariant/57844698022213,1168.9,597.99,467.73,update,1123
gid://shopify/Product/15850274390341,MAGMA,gid://shopify/ProductVariant/57844698054981,116.9,64.99,46.64,update,112
gid://shopify/Product/15850274390341,MAGMA,gid://shopify/ProductVariant/57844698087749,116.9,59.99,46.64,update,112
gid://shopify/Product/15850274390341,MAGMA,gid://shopify/ProductVariant/57844698120517,116.9,59.99,46.64,update,112
gid://shopify/Product/15850274390341,MAGMA,gid://shopify/ProductVariant/57844698153285,159.9,81.99,64.03,update,154
gid://shopify/Product/15850274390341,MAGMA,gid://shopify/ProductVariant/57844698186053,229.9,121.99,91.88,update,221
gid://shopify/Product/15850274390341,MAGMA,gid://shopify/ProductVariant/57844698218821,229.9,118.99,91.88,update,221
gid://shopify/Product/15850274390341,MAGMA,gid://shopify/ProductVariant/57844698251589,229.9,117.99,91.88,update,221
gid://shopify/Product/15850274390341,MAGMA,gid://shopify/ProductVariant/57844698284357,159.9,91.99,64.03,update,154
gid://shopify/Product/15850274390341,MAGMA,gid://shopify/ProductVariant/57844698317125,229.9,112.99,91.88,update,221
gid://shopify/Product/15850274390341,MAGMA,gid://shopify/ProductVariant/57844698349893,229.9,120.99,91.88,update,221
gid://shopify/Product/15850274390341,MAGMA,gid://shopify/ProductVariant/57844698382661,229.9,117.99,91.88,update,221
gid://shopify/Product/15850274390341,MAGMA,gid://shopify/ProductVariant/57844698415429,290.9,149.99,116.24,update,279
gid://shopify/Product/15850274390341,MAGMA,gid://shopify/ProductVariant/57844698448197,403.9,216.99,161.48,update,388
gid://shopify/Product/15850274390341,MAGMA,gid://shopify/ProductVariant/57844698480965,403.9,211.99,161.48,update,388
gid://shopify/Product/15850274390341,MAGMA,gid://shopify/ProductVariant/57844698513733,403.9,207.99,161.48,update,388
gid://shopify/Product/15850274390341,MAGMA,gid://shopify/ProductVariant/57844698546501,777.9,364.99,311.12,update,747
gid://shopify/Product/15850274390341,MAGMA,gid://shopify/ProductVariant/57844698579269,1038.9,504.99,415.53,update,997
gid://shopify/Product/15850274390341,MAGMA,gid://shopify/ProductVariant/57844698612037,1038.9,506.99,415.53,update,997
gid://shopify/Product/15850274390341,MAGMA,gid://shopify/ProductVariant/57844698644805,1038.9,501.99,415.53,update,997
gid://shopify/Product/15850274390341,MAGMA,gid://shopify/ProductVariant/57844698677573,1168.9,558.99,467.73,update,1123
gid://shopify/Product/15850274390341,MAGMA,gid://shopify/ProductVariant/57844698710341,116.9,60.99,46.64,update,112
gid://shopify/Product/15850274390341,MAGMA,gid://shopify/ProductVariant/57844698743109,116.9,63.99,46.64,update,112
gid://shopify/Product/15850274390341,MAGMA,gid://shopify/ProductVariant/57844698775877,116.9,63.99,46.64,update,112
gid://shopify/Product/15850274423109,PLISSE MINI,gid://shopify/ProductVariant/57844695433541,51.9,11.99,8.31,update,20
gid://shopify/Product/15850274423109,PLISSE MINI,gid://shopify/ProductVariant/57844695466309,54.9,12.99,8.81,update,21
gid://shopify/Product/15850274455877,STRATOS,gid://shopify/ProductVariant/57844698808645,461.9,101.99,73.98,update,178
gid://shopify/Product/15850274455877,STRATOS,gid://shopify/ProductVariant/57844698841413,461.9,95.99,73.98,update,178
gid://shopify/Product/15850274455877,STRATOS,gid://shopify/ProductVariant/57844698874181,826.9,162.99,132.4,update,318
gid://shopify/Product/15850274455877,STRATOS,gid://shopify/ProductVariant/57844698906949,826.9,177.99,132.4,update,318
gid://shopify/Product/15850274455877,STRATOS,gid://shopify/ProductVariant/57844698939717,461.9,103.99,73.98,update,178
gid://shopify/Product/15850274455877,STRATOS,gid://shopify/ProductVariant/57844698972485,461.9,97.99,73.98,update,178
gid://shopify/Product/15850274455877,STRATOS,gid://shopify/ProductVariant/57844699005253,521.9,109.99,83.44,update,200
gid://shopify/Product/15850274455877,STRATOS,gid://shopify/ProductVariant/57844699038021,521.9,111.99,83.44,update,200
gid://shopify/Product/15850274455877,STRATOS,gid://shopify/ProductVariant/57844699070789,826.9,171.99,132.4,update,318
gid://shopify/Product/15850274455877,STRATOS,gid://shopify/ProductVariant/57844699103557,826.9,169.99,132.4,update,318
gid://shopify/Product/15850274455877,STRATOS,gid://shopify/ProductVariant/57844699136325,208.9,106.99,83.44,update,200
gid://shopify/Product/15850274455877,STRATOS,gid://shopify/ProductVariant/57844699169093,208.9,109.99,83.44,update,200
gid://shopify/Product/15850274488645,VERSAILLES,gid://shopify/ProductVariant/57844699234629,429.9,94.99,74.8,update,180
gid://shopify/Product/15850274488645,VERSAILLES,gid://shopify/ProductVariant/57844699267397,429.9,106.99,74.8,update,180
gid://shopify/Product/15850274488645,VERSAILLES,gid://shopify/ProductVariant/57844699300165,1224.9,262.99,212.89,update,511
gid://shopify/Product/15850274488645,VERSAILLES,gid://shopify/ProductVariant/57844699332933,1224.9,260.99,212.89,update,511
gid://shopify/Product/15850274488645,VERSAILLES,gid://shopify/ProductVariant/57844699365701,429.9,95.99,74.8,update,180
gid://shopify/Product/15850274488645,VERSAILLES,gid://shopify/ProductVariant/57844699398469,429.9,100.99,74.8,update,180
gid://shopify/Product/15850274488645,VERSAILLES,gid://shopify/ProductVariant/57844699431237,429.9,95.99,74.8,update,180
gid://shopify/Product/15850274488645,VERSAILLES,gid://shopify/ProductVariant/57844699464005,429.9,101.99,74.8,update,180
gid://shopify/Product/15850274488645,VERSAILLES,gid://shopify/ProductVariant/57844699496773,429.9,103.99,74.8,update,180
gid://shopify/Product/15850274488645,VERSAILLES,gid://shopify/ProductVariant/57844699529541,429.9,98.99,74.8,update,180
gid://shopify/Product/15850274488645,VERSAILLES,gid://shopify/ProductVariant/57844699562309,654.9,347.99,284.83,update,684
gid://shopify/Product/15850274488645,VERSAILLES,gid://shopify/ProductVariant/57844699595077,654.9,338.99,284.83,update,684
gid://shopify/Product/15850274488645,VERSAILLES,gid://shopify/ProductVariant/57844699627845,489.9,268.99,212.89,update,511
gid://shopify/Product/15850274488645,VERSAILLES,gid://shopify/ProductVariant/57844699660613,489.9,252.99,212.89,update,511
gid://shopify/Product/15850274488645,VERSAILLES,gid://shopify/ProductVariant/57844699693381,489.9,249.99,212.89,update,511
gid://shopify/Product/15850274488645,VERSAILLES,gid://shopify/ProductVariant/57844699726149,489.9,251.99,212.89,update,511
gid://shopify/Product/15850274488645,VERSAILLES,gid://shopify/ProductVariant/57844699758917,489.9,252.99,212.89,update,511
gid://shopify/Product/15850274488645,VERSAILLES,gid://shopify/ProductVariant/57844699791685,489.9,256.99,212.89,update,511
gid://shopify/Product/15850274488645,VERSAILLES,gid://shopify/ProductVariant/57844699824453,972.9,491.99,422.91,update,1015
gid://shopify/Product/15850274488645,VERSAILLES,gid://shopify/ProductVariant/57844699857221,972.9,493.99,422.91,update,1015
gid://shopify/Product/15850274488645,VERSAILLES,gid://shopify/ProductVariant/57844699889989,654.9,336.99,284.83,update,684
gid://shopify/Product/15850274488645,VERSAILLES,gid://shopify/ProductVariant/57844699922757,654.9,327.99,284.83,update,684
gid://shopify/Product/15850274488645,VERSAILLES,gid://shopify/ProductVariant/57844699955525,654.9,349.99,284.83,update,684
gid://shopify/Product/15850274488645,VERSAILLES,gid://shopify/ProductVariant/57844699988293,654.9,345.99,284.83,update,684
gid://shopify/Product/15850274488645,VERSAILLES,gid://shopify/ProductVariant/57844700021061,654.9,334.99,284.83,update,684
gid://shopify/Product/15850274488645,VERSAILLES,gid://shopify/ProductVariant/57844700053829,654.9,339.99,284.83,update,684
gid://shopify/Product/15850274488645,VERSAILLES,gid://shopify/ProductVariant/57844700086597,1306.9,675.99,568.19,update,1364
gid://shopify/Product/15850274488645,VERSAILLES,gid://shopify/ProductVariant/57844700119365,1306.9,662.99,568.19,update,1364
gid://shopify/Product/15850274488645,VERSAILLES,gid://shopify/ProductVariant/57844700152133,972.9,524.99,422.91,update,1015
gid://shopify/Product/15850274488645,VERSAILLES,gid://shopify/ProductVariant/57844700184901,972.9,500.99,422.91,update,1015
gid://shopify/Product/15850274488645,VERSAILLES,gid://shopify/ProductVariant/57844700217669,972.9,498.99,422.91,update,1015
gid://shopify/Product/15850274488645,VERSAILLES,gid://shopify/ProductVariant/57844700250437,972.9,489.99,422.91,update,1015
gid://shopify/Product/15850274488645,VERSAILLES,gid://shopify/ProductVariant/57844700283205,972.9,519.99,422.91,update,1015
gid://shopify/Product/15850274488645,VERSAILLES,gid://shopify/ProductVariant/57844700315973,972.9,503.99,422.91,update,1015
gid://shopify/Product/15850274488645,VERSAILLES,gid://shopify/ProductVariant/57844700348741,694.9,363.99,302.07,update,725
gid://shopify/Product/15850274488645,VERSAILLES,gid://shopify/ProductVariant/57844700381509,694.9,351.99,302.07,update,725
gid://shopify/Product/15850274488645,VERSAILLES,gid://shopify/ProductVariant/57844700414277,1306.9,687.99,568.19,update,1364
gid://shopify/Product/15850274488645,VERSAILLES,gid://shopify/ProductVariant/57844700447045,1306.9,702.99,568.19,update,1364
gid://shopify/Product/15850274488645,VERSAILLES,gid://shopify/ProductVariant/57844700479813,1306.9,660.99,568.19,update,1364
gid://shopify/Product/15850274488645,VERSAILLES,gid://shopify/ProductVariant/57844700512581,1306.9,656.99,568.19,update,1364
gid://shopify/Product/15850274488645,VERSAILLES,gid://shopify/ProductVariant/57844700545349,1306.9,683.99,568.19,update,1364
gid://shopify/Product/15850274488645,VERSAILLES,gid://shopify/ProductVariant/57844700578117,1306.9,665.99,568.19,update,1364
gid://shopify/Product/15850274488645,VERSAILLES,gid://shopify/ProductVariant/57844700610885,846.9,451.99,368.24,update,884
gid://shopify/Product/15850274488645,VERSAILLES,gid://shopify/ProductVariant/57844700643653,846.9,450.99,368.24,update,884
gid://shopify/Product/15850274488645,VERSAILLES,gid://shopify/ProductVariant/57844700676421,694.9,379.99,302.07,update,725
gid://shopify/Product/15850274488645,VERSAILLES,gid://shopify/ProductVariant/57844700709189,694.9,373.99,302.07,update,725
gid://shopify/Product/15850274488645,VERSAILLES,gid://shopify/ProductVariant/57844700741957,694.9,370.99,302.07,update,725
gid://shopify/Product/15850274488645,VERSAILLES,gid://shopify/ProductVariant/57844700774725,694.9,358.99,302.07,update,725
gid://shopify/Product/15850274488645,VERSAILLES,gid://shopify/ProductVariant/57844700807493,694.9,378.99,302.07,update,725
gid://shopify/Product/15850274488645,VERSAILLES,gid://shopify/ProductVariant/57844700840261,694.9,374.99,302.07,update,725
gid://shopify/Product/15850274488645,VERSAILLES,gid://shopify/ProductVariant/57844700873029,486.21,600.99,486.21,update,1167
gid://shopify/Product/15850274488645,VERSAILLES,gid://shopify/ProductVariant/57844700905797,486.21,591.99,486.21,update,1167
gid://shopify/Product/15850274488645,VERSAILLES,gid://shopify/ProductVariant/57844700938565,368.24,469.99,368.24,update,884
gid://shopify/Product/15850274488645,VERSAILLES,gid://shopify/ProductVariant/57844700971333,368.24,458.99,368.24,update,884
gid://shopify/Product/15850274488645,VERSAILLES,gid://shopify/ProductVariant/57844701004101,368.24,444.99,368.24,update,884
gid://shopify/Product/15850274488645,VERSAILLES,gid://shopify/ProductVariant/57844701036869,368.24,428.99,368.24,update,884
gid://shopify/Product/15850274488645,VERSAILLES,gid://shopify/ProductVariant/57844701069637,368.24,461.99,368.24,update,884
gid://shopify/Product/15850274488645,VERSAILLES,gid://shopify/ProductVariant/57844701102405,368.24,466.99,368.24,update,884
gid://shopify/Product/15850274488645,VERSAILLES,gid://shopify/ProductVariant/57844701135173,592.8,716.99,592.8,update,1423
gid://shopify/Product/15850274488645,VERSAILLES,gid://shopify/ProductVariant/57844701167941,592.8,715.99,592.8,update,1423
gid://shopify/Product/15850274488645,VERSAILLES,gid://shopify/ProductVariant/57844701200709,486.21,601.99,486.21,update,1167
gid://shopify/Product/15850274488645,VERSAILLES,gid://shopify/ProductVariant/57844701233477,486.21,603.99,486.21,update,1167
gid://shopify/Product/15850274488645,VERSAILLES,gid://shopify/ProductVariant/57844701266245,486.21,587.99,486.21,update,1167
gid://shopify/Product/15850274488645,VERSAILLES,gid://shopify/ProductVariant/57844701299013,486.21,572.99,486.21,update,1167
gid://shopify/Product/15850274488645,VERSAILLES,gid://shopify/ProductVariant/57844701331781,486.21,572.99,486.21,update,1167
gid://shopify/Product/15850274488645,VERSAILLES,gid://shopify/ProductVariant/57844701364549,486.21,612.99,486.21,update,1167
gid://shopify/Product/15850274488645,VERSAILLES,gid://shopify/ProductVariant/57844701397317,730.73,897.99,730.73,update,1754
gid://shopify/Product/15850274488645,VERSAILLES,gid://shopify/ProductVariant/57844701430085,730.73,926.99,730.73,update,1754
gid://shopify/Product/15850274488645,VERSAILLES,gid://shopify/ProductVariant/57844701462853,604.16,724.99,604.16,update,1450
gid://shopify/Product/15850274488645,VERSAILLES,gid://shopify/ProductVariant/57844701495621,592.8,734.99,592.8,update,1423
gid://shopify/Product/15850274488645,VERSAILLES,gid://shopify/ProductVariant/57844701528389,592.8,731.99,592.8,update,1423
gid://shopify/Product/15850274488645,VERSAILLES,gid://shopify/ProductVariant/57844701561157,592.8,741.99,592.8,update,1423
gid://shopify/Product/15850274488645,VERSAILLES,gid://shopify/ProductVariant/57844701593925,604.16,763.99,604.16,update,1450
gid://shopify/Product/15850274488645,VERSAILLES,gid://shopify/ProductVariant/57844701626693,592.8,715.99,592.8,update,1423
gid://shopify/Product/15850274488645,VERSAILLES,gid://shopify/ProductVariant/57844701659461,730.73,842.99,730.73,update,1754
gid://shopify/Product/15850274488645,VERSAILLES,gid://shopify/ProductVariant/57844701692229,730.73,884.99,730.73,update,1754
gid://shopify/Product/15850274488645,VERSAILLES,gid://shopify/ProductVariant/57844701724997,730.73,872.99,730.73,update,1754
gid://shopify/Product/15850274488645,VERSAILLES,gid://shopify/ProductVariant/57844701757765,730.73,883.99,730.73,update,1754
gid://shopify/Product/15850274488645,VERSAILLES,gid://shopify/ProductVariant/57844701790533,730.73,855.99,730.73,update,1754
gid://shopify/Product/15850274488645,VERSAILLES,gid://shopify/ProductVariant/57844701823301,730.73,912.99,730.73,update,1754
gid://shopify/Product/15850274521413,CASCADE ROYALE,gid://shopify/ProductVariant/57844701856069,1262.9,260.99,219.54,update,527
gid://shopify/Product/15850274521413,CASCADE ROYALE,gid://shopify/ProductVariant/57844701888837,1404.9,280.99,244.15,update,586
gid://shopify/Product/15850274521413,CASCADE ROYALE,gid://shopify/ProductVariant/57844701921605,1262.9,263.99,219.54,update,527
gid://shopify/Product/15850274521413,CASCADE ROYALE,gid://shopify/ProductVariant/57844701954373,1262.9,265.99,219.54,update,527
gid://shopify/Product/15850274521413,CASCADE ROYALE,gid://shopify/ProductVariant/57844701987141,1049.9,228.99,182.65,update,438
gid://shopify/Product/15850274521413,CASCADE ROYALE,gid://shopify/ProductVariant/57844702019909,1191.9,249.99,207.25,update,497
gid://shopify/Product/15850274521413,CASCADE ROYALE,gid://shopify/ProductVariant/57844702052677,1049.9,249.99,182.65,update,438
gid://shopify/Product/15850274521413,CASCADE ROYALE,gid://shopify/ProductVariant/57844702085445,1049.9,228.99,182.65,update,438
gid://shopify/Product/15850274521413,CASCADE ROYALE,gid://shopify/ProductVariant/57844702118213,1756.9,362.99,305.65,update,734
gid://shopify/Product/15850274521413,CASCADE ROYALE,gid://shopify/ProductVariant/57844702150981,1899.9,383.99,330.24,update,793
gid://shopify/Product/15850274521413,CASCADE ROYALE,gid://shopify/ProductVariant/57844702183749,702.9,381.99,305.65,update,734
gid://shopify/Product/15850274521413,CASCADE ROYALE,gid://shopify/ProductVariant/57844702216517,702.9,381.99,305.65,update,734
gid://shopify/Product/15850274521413,CASCADE ROYALE,gid://shopify/ProductVariant/57844702249285,617.9,339.99,268.74,update,645
gid://shopify/Product/15850274521413,CASCADE ROYALE,gid://shopify/ProductVariant/57844702282053,674.9,353.99,293.35,update,704
gid://shopify/Product/15850274521413,CASCADE ROYALE,gid://shopify/ProductVariant/57844702314821,589.9,294.99,256.45,update,615
gid://shopify/Product/15850274521413,CASCADE ROYALE,gid://shopify/ProductVariant/57844702347589,617.9,324.99,268.74,update,645
gid://shopify/Product/15850274521413,CASCADE ROYALE,gid://shopify/ProductVariant/57844702380357,900.9,474.99,391.74,update,940
gid://shopify/Product/15850274521413,CASCADE ROYALE,gid://shopify/ProductVariant/57844702413125,900.9,459.99,391.74,update,940
gid://shopify/Product/15850274521413,CASCADE ROYALE,gid://shopify/ProductVariant/57844702445893,872.9,480.99,379.44,update,911
gid://shopify/Product/15850274521413,CASCADE ROYALE,gid://shopify/ProductVariant/57844702478661,900.9,486.99,391.74,update,940
gid://shopify/Product/15850274521413,CASCADE ROYALE,gid://shopify/ProductVariant/57844702511429,787.9,416.99,342.54,update,822
gid://shopify/Product/15850274521413,CASCADE ROYALE,gid://shopify/ProductVariant/57844702544197,843.9,458.99,367.15,update,881
gid://shopify/Product/15850274521413,CASCADE ROYALE,gid://shopify/ProductVariant/57844702576965,702.9,356.99,305.65,update,734
gid://shopify/Product/15850274521413,CASCADE ROYALE,gid://shopify/ProductVariant/57844702609733,787.9,431.99,342.54,update,822
gid://shopify/Product/15850274521413,CASCADE ROYALE,gid://shopify/ProductVariant/57844702642501,1155.9,630.99,502.44,update,1206
gid://shopify/Product/15850274521413,CASCADE ROYALE,gid://shopify/ProductVariant/57844702675269,1070.9,591.99,465.54,update,1117
gid://shopify/Product/15850274521413,CASCADE ROYALE,gid://shopify/ProductVariant/57844702708037,1126.9,605.99,490.14,update,1176
gid://shopify/Product/15850274521413,CASCADE ROYALE,gid://shopify/ProductVariant/57844702740805,900.9,456.99,391.74,update,940
gid://shopify/Product/15850274521413,CASCADE ROYALE,gid://shopify/ProductVariant/57844702773573,1070.9,578.99,465.54,update,1117
gid://shopify/Product/15850274521413,CASCADE ROYALE,gid://shopify/ProductVariant/57844702806341,334.9,187.99,145.75,update,350
gid://shopify/Product/15850274521413,CASCADE ROYALE,gid://shopify/ProductVariant/57844702839109,391.9,226.99,170.35,update,409
gid://shopify/Product/15850274521413,CASCADE ROYALE,gid://shopify/ProductVariant/57844702871877,334.9,188.99,145.75,update,350
gid://shopify/Product/15850274586949,MERIDIAN,gid://shopify/ProductVariant/57844703199557,2766.9,542.99,442.78,update,1063
gid://shopify/Product/15850274586949,MERIDIAN,gid://shopify/ProductVariant/57844703232325,1526.9,307.99,244.58,update,587
gid://shopify/Product/15850274586949,MERIDIAN,gid://shopify/ProductVariant/57844703265093,1506.9,299.99,241.22,update,579
gid://shopify/Product/15850274586949,MERIDIAN,gid://shopify/ProductVariant/57844703297861,2794.9,554.99,447.3,update,1074
gid://shopify/Product/15850274619717,GINKGO,gid://shopify/ProductVariant/57844703363397,1186.9,244.99,206.7,update,496
gid://shopify/Product/15850274619717,GINKGO,gid://shopify/ProductVariant/57844703396165,1186.9,253.99,206.7,update,496
gid://shopify/Product/15850274619717,GINKGO,gid://shopify/ProductVariant/57844703428933,954.9,210.99,166.1,update,399
gid://shopify/Product/15850274619717,GINKGO,gid://shopify/ProductVariant/57844703461701,954.9,215.99,166.1,update,399
gid://shopify/Product/15850274619717,GINKGO,gid://shopify/ProductVariant/57844703494469,1186.9,263.99,206.7,update,496
gid://shopify/Product/15850274619717,GINKGO,gid://shopify/ProductVariant/57844703527237,1186.9,246.99,206.7,update,496
gid://shopify/Product/15850274619717,GINKGO,gid://shopify/ProductVariant/57844703560005,3616.9,733.99,629.11,update,1510
gid://shopify/Product/15850274619717,GINKGO,gid://shopify/ProductVariant/57844703592773,3616.9,768.99,629.11,update,1510
gid://shopify/Product/15850274619717,GINKGO,gid://shopify/ProductVariant/57844703625541,1379.9,291.99,240.17,update,576
gid://shopify/Product/15850274619717,GINKGO,gid://shopify/ProductVariant/57844703658309,1379.9,294.99,240.17,update,576
gid://shopify/Product/15850274619717,GINKGO,gid://shopify/ProductVariant/57844703691077,1001.9,528.99,435.79,update,1046
gid://shopify/Product/15850274619717,GINKGO,gid://shopify/ProductVariant/57844703723845,1001.9,510.99,435.79,update,1046
gid://shopify/Product/15850274619717,GINKGO,gid://shopify/ProductVariant/57844703756613,1446.9,772.99,629.11,update,1510
gid://shopify/Product/15850274619717,GINKGO,gid://shopify/ProductVariant/57844703789381,1446.9,780.99,629.11,update,1510
gid://shopify/Product/15850274619717,GINKGO,gid://shopify/ProductVariant/57844703822149,669.9,371.99,291.45,update,699
gid://shopify/Product/15850274619717,GINKGO,gid://shopify/ProductVariant/57844703854917,669.9,334.99,291.45,update,699
gid://shopify/Product/15850274619717,GINKGO,gid://shopify/ProductVariant/57844703887685,381.9,202.99,166.1,update,399
gid://shopify/Product/15850274619717,GINKGO,gid://shopify/ProductVariant/57844703920453,381.9,218.99,166.1,update,399
gid://shopify/Product/15850274619717,GINKGO,gid://shopify/ProductVariant/57844703953221,551.9,278.99,240.17,update,576
gid://shopify/Product/15850274619717,GINKGO,gid://shopify/ProductVariant/57844703985989,551.9,301.99,240.17,update,576
gid://shopify/Product/15850274619717,GINKGO,gid://shopify/ProductVariant/57844704018757,669.9,364.99,291.45,update,699
gid://shopify/Product/15850274619717,GINKGO,gid://shopify/ProductVariant/57844704051525,669.9,372.99,291.45,update,699
gid://shopify/Product/15850274619717,GINKGO,gid://shopify/ProductVariant/57844704084293,2100.9,1098.99,913.59,update,2193
gid://shopify/Product/15850274619717,GINKGO,gid://shopify/ProductVariant/57844704117061,2100.9,1089.99,913.59,update,2193
gid://shopify/Product/15850274619717,GINKGO,gid://shopify/ProductVariant/57844704149829,2004.9,1065.99,871.77,update,2092
gid://shopify/Product/15850274619717,GINKGO,gid://shopify/ProductVariant/57844704182597,2004.9,1073.99,871.77,update,2092
gid://shopify/Product/15850274619717,GINKGO,gid://shopify/ProductVariant/57844704215365,1190.9,595.99,517.97,update,1243
gid://shopify/Product/15850274619717,GINKGO,gid://shopify/ProductVariant/57844704248133,1190.9,608.99,517.97,update,1243
gid://shopify/Product/15850274619717,GINKGO,gid://shopify/ProductVariant/57844704280901,2100.9,1083.99,913.59,update,2193
gid://shopify/Product/15850274619717,GINKGO,gid://shopify/ProductVariant/57844704313669,2100.9,1143.99,913.59,update,2193
gid://shopify/Product/15850274619717,GINKGO,gid://shopify/ProductVariant/57844704346437,3372.9,1743.99,1466.32,update,3519
gid://shopify/Product/15850274619717,GINKGO,gid://shopify/ProductVariant/57844704379205,3372.9,1781.99,1466.32,update,3519
gid://shopify/Product/15850274619717,GINKGO,gid://shopify/ProductVariant/57844704411973,1001.9,518.99,435.79,update,1046
gid://shopify/Product/15850274619717,GINKGO,gid://shopify/ProductVariant/57844704444741,1001.9,500.99,435.79,update,1046
gid://shopify/Product/15850274619717,GINKGO,gid://shopify/ProductVariant/57844704477509,2004.9,1079.99,871.77,update,2092
gid://shopify/Product/15850274619717,GINKGO,gid://shopify/ProductVariant/57844704510277,2004.9,1040.99,871.77,update,2092
gid://shopify/Product/15850274619717,GINKGO,gid://shopify/ProductVariant/57844704543045,3372.9,1823.99,1466.32,update,3519
gid://shopify/Product/15850274619717,GINKGO,gid://shopify/ProductVariant/57844704575813,3372.9,1802.99,1466.32,update,3519
gid://shopify/Product/15850274619717,GINKGO,gid://shopify/ProductVariant/57844704608581,4902.9,2458.99,2131.56,update,5116
gid://shopify/Product/15850274619717,GINKGO,gid://shopify/ProductVariant/57844704641349,4902.9,2498.99,2131.56,update,5116
gid://shopify/Product/15850274619717,GINKGO,gid://shopify/ProductVariant/57844704674117,2100.9,1088.99,913.59,update,2193
gid://shopify/Product/15850274619717,GINKGO,gid://shopify/ProductVariant/57844704706885,2100.9,1089.99,913.59,update,2193
gid://shopify/Product/15850274619717,GINKGO,gid://shopify/ProductVariant/57844704739653,3501.9,1883.99,1522.79,update,3655
gid://shopify/Product/15850274619717,GINKGO,gid://shopify/ProductVariant/57844704772421,3501.9,1931.99,1522.79,update,3655
gid://shopify/Product/15850274619717,GINKGO,gid://shopify/ProductVariant/57844704805189,4902.9,2671.99,2131.56,update,5116
gid://shopify/Product/15850274619717,GINKGO,gid://shopify/ProductVariant/57844704837957,4902.9,2629.99,2131.56,update,5116
gid://shopify/Product/15850274619717,GINKGO,gid://shopify/ProductVariant/57844704870725,3292.9,1734.99,1431.56,update,3436
gid://shopify/Product/15850274619717,GINKGO,gid://shopify/ProductVariant/57844704903493,3292.9,1762.99,1431.56,update,3436
gid://shopify/Product/15850274619717,GINKGO,gid://shopify/ProductVariant/57844704936261,1190.9,654.99,517.97,update,1243
gid://shopify/Product/15850274619717,GINKGO,gid://shopify/ProductVariant/57844704969029,1190.9,630.99,517.97,update,1243
gid://shopify/Product/15850274619717,GINKGO,gid://shopify/ProductVariant/57844705001797,2100.9,1089.99,913.59,update,2193
gid://shopify/Product/15850274619717,GINKGO,gid://shopify/ProductVariant/57844705034565,2100.9,1142.99,913.59,update,2193
gid://shopify/Product/15850274619717,GINKGO,gid://shopify/ProductVariant/57844705067333,3292.9,1722.99,1431.56,update,3436
gid://shopify/Product/15850274619717,GINKGO,gid://shopify/ProductVariant/57844705100101,3292.9,1783.99,1431.56,update,3436
gid://shopify/Product/15850274619717,GINKGO,gid://shopify/ProductVariant/57844705132869,8.9,4.99,3.41,skipped(suspect),
gid://shopify/Product/15850274619717,GINKGO,gid://shopify/ProductVariant/57844705165637,8.9,3.99,3.41,skipped(suspect),
gid://shopify/Product/15850274619717,GINKGO,gid://shopify/ProductVariant/57844705198405,5322.9,2878.99,2314.45,update,5555
gid://shopify/Product/15850274619717,GINKGO,gid://shopify/ProductVariant/57844705231173,5322.9,2755.99,2314.45,update,5555
gid://shopify/Product/15850274619717,GINKGO,gid://shopify/ProductVariant/57844705263941,8.9,3.99,3.41,skipped(suspect),
gid://shopify/Product/15850274619717,GINKGO,gid://shopify/ProductVariant/57844705296709,8.9,3.99,3.41,skipped(suspect),
gid://shopify/Product/15850274619717,GINKGO,gid://shopify/ProductVariant/57844705329477,8.9,4.99,3.41,skipped(suspect),
gid://shopify/Product/15850274619717,GINKGO,gid://shopify/ProductVariant/57844705362245,8.9,4.99,3.41,skipped(suspect),
gid://shopify/Product/15850274619717,GINKGO,gid://shopify/ProductVariant/57844705395013,7493.9,4122.99,3258.3,update,7820
gid://shopify/Product/15850274619717,GINKGO,gid://shopify/ProductVariant/57844705427781,7493.9,3895.99,3258.3,update,7820
gid://shopify/Product/15850274619717,GINKGO,gid://shopify/ProductVariant/57844705460549,3501.9,1942.99,1522.79,update,3655
gid://shopify/Product/15850274619717,GINKGO,gid://shopify/ProductVariant/57844705493317,3501.9,1805.99,1522.79,update,3655
gid://shopify/Product/15850274619717,GINKGO,gid://shopify/ProductVariant/57844705526085,5322.9,2669.99,2314.45,update,5555
gid://shopify/Product/15850274619717,GINKGO,gid://shopify/ProductVariant/57844705558853,5322.9,2956.99,2314.45,update,5555
gid://shopify/Product/15850274619717,GINKGO,gid://shopify/ProductVariant/57844705591621,7493.9,4011.99,3258.3,update,7820
gid://shopify/Product/15850274619717,GINKGO,gid://shopify/ProductVariant/57844705624389,7493.9,4102.99,3258.3,update,7820
gid://shopify/Product/15850274619717,GINKGO,gid://shopify/ProductVariant/57844705657157,8.9,3.99,3.41,skipped(suspect),
gid://shopify/Product/15850274619717,GINKGO,gid://shopify/ProductVariant/57844705689925,8.9,3.99,3.41,skipped(suspect),
gid://shopify/Product/15850274685253,EMPIRE,gid://shopify/ProductVariant/57844707033413,1491.9,311.99,259.76,update,623
gid://shopify/Product/15850274685253,EMPIRE,gid://shopify/ProductVariant/57844707066181,1491.9,308.99,259.76,update,623
gid://shopify/Product/15850274685253,EMPIRE,gid://shopify/ProductVariant/57844707098949,1491.9,323.99,259.76,update,623
gid://shopify/Product/15850274685253,EMPIRE,gid://shopify/ProductVariant/57844707131717,1491.9,312.99,259.76,update,623
gid://shopify/Product/15850274685253,EMPIRE,gid://shopify/ProductVariant/57844707164485,1491.9,318.99,259.76,update,623
gid://shopify/Product/15850274685253,EMPIRE,gid://shopify/ProductVariant/57844707197253,921.9,197.99,160.51,update,385
gid://shopify/Product/15850274685253,EMPIRE,gid://shopify/ProductVariant/57844707230021,1491.9,302.99,259.76,update,623
gid://shopify/Product/15850274685253,EMPIRE,gid://shopify/ProductVariant/57844707262789,471.9,101.99,82.11,update,197
gid://shopify/Product/15850274685253,EMPIRE,gid://shopify/ProductVariant/57844707295557,471.9,107.99,82.11,update,197
gid://shopify/Product/15850274685253,EMPIRE,gid://shopify/ProductVariant/57844707328325,471.9,102.99,82.11,update,197
gid://shopify/Product/15850274685253,EMPIRE,gid://shopify/ProductVariant/57844707361093,188.9,105.99,82.11,update,197
gid://shopify/Product/15850274685253,EMPIRE,gid://shopify/ProductVariant/57844707393861,188.9,110.99,82.11,update,197
gid://shopify/Product/15850274685253,EMPIRE,gid://shopify/ProductVariant/57844707426629,188.9,106.99,82.11,update,197
gid://shopify/Product/15850274685253,EMPIRE,gid://shopify/ProductVariant/57844707459397,368.9,194.99,160.51,update,385
gid://shopify/Product/15850274685253,EMPIRE,gid://shopify/ProductVariant/57844707492165,368.9,217.99,160.51,update,385
gid://shopify/Product/15850274685253,EMPIRE,gid://shopify/ProductVariant/57844707524933,1019.9,522.99,443.55,update,1065
gid://shopify/Product/15850274685253,EMPIRE,gid://shopify/ProductVariant/57844707557701,1019.9,543.99,443.55,update,1065
gid://shopify/Product/15850274685253,EMPIRE,gid://shopify/ProductVariant/57844707590469,368.9,207.99,160.51,update,385
gid://shopify/Product/15850274685253,EMPIRE,gid://shopify/ProductVariant/57844707623237,1019.9,532.99,443.55,update,1065
gid://shopify/Product/15850274685253,EMPIRE,gid://shopify/ProductVariant/57844707656005,368.9,196.99,160.51,update,385
gid://shopify/Product/15850274685253,EMPIRE,gid://shopify/ProductVariant/57844707688773,1019.9,543.99,443.55,update,1065
gid://shopify/Product/15850274685253,EMPIRE,gid://shopify/ProductVariant/57844707721541,368.9,201.99,160.51,update,385
gid://shopify/Product/15850274685253,EMPIRE,gid://shopify/ProductVariant/57844707754309,368.9,208.99,160.51,update,385
gid://shopify/Product/15850274685253,EMPIRE,gid://shopify/ProductVariant/57844707787077,188.9,107.99,82.11,update,197
gid://shopify/Product/15850274685253,EMPIRE,gid://shopify/ProductVariant/57844707819845,368.9,209.99,160.51,update,385
gid://shopify/Product/15850274685253,EMPIRE,gid://shopify/ProductVariant/57844707852613,188.9,110.99,82.11,update,197
gid://shopify/Product/15850274685253,EMPIRE,gid://shopify/ProductVariant/57844707885381,2566.9,1289.99,1116.02,update,2678
gid://shopify/Product/15850274685253,EMPIRE,gid://shopify/ProductVariant/57844707918149,2566.9,1303.99,1116.02,update,2678
gid://shopify/Product/15850274685253,EMPIRE,gid://shopify/ProductVariant/57844707950917,2566.9,1377.99,1116.02,update,2678
gid://shopify/Product/15850274685253,EMPIRE,gid://shopify/ProductVariant/57844707983685,1019.9,511.99,443.55,update,1065
gid://shopify/Product/15850274685253,EMPIRE,gid://shopify/ProductVariant/57844708016453,1019.9,558.99,443.55,update,1065
gid://shopify/Product/15850274685253,EMPIRE,gid://shopify/ProductVariant/57844708049221,1019.9,547.99,443.55,update,1065
gid://shopify/Product/15850274685253,EMPIRE,gid://shopify/ProductVariant/57844708081989,1019.9,557.99,443.55,update,1065
gid://shopify/Product/15850274685253,EMPIRE,gid://shopify/ProductVariant/57844708114757,1901.9,982.99,826.93,update,1985
gid://shopify/Product/15850274685253,EMPIRE,gid://shopify/ProductVariant/57844708147525,2566.9,1415.99,1116.02,update,2678
gid://shopify/Product/15850274685253,EMPIRE,gid://shopify/ProductVariant/57844708180293,2566.9,1289.99,1116.02,update,2678
gid://shopify/Product/15850274685253,EMPIRE,gid://shopify/ProductVariant/57844708213061,2566.9,1342.99,1116.02,update,2678
gid://shopify/Product/15850274685253,EMPIRE,gid://shopify/ProductVariant/57844708245829,2566.9,1308.99,1116.02,update,2678
gid://shopify/Product/15850274685253,EMPIRE,gid://shopify/ProductVariant/57844708278597,2566.9,1379.99,1116.02,update,2678
gid://shopify/Product/15850274685253,EMPIRE,gid://shopify/ProductVariant/57844708311365,1901.9,1015.99,826.93,update,1985
gid://shopify/Product/15850274685253,EMPIRE,gid://shopify/ProductVariant/57844708344133,1901.9,1024.99,826.93,update,1985
gid://shopify/Product/15850274685253,EMPIRE,gid://shopify/ProductVariant/57844708376901,1901.9,1013.99,826.93,update,1985
gid://shopify/Product/15850274685253,EMPIRE,gid://shopify/ProductVariant/57844708409669,1901.9,1034.99,826.93,update,1985
gid://shopify/Product/15850274685253,EMPIRE,gid://shopify/ProductVariant/57844708442437,1901.9,969.99,826.93,update,1985
gid://shopify/Product/15850274685253,EMPIRE,gid://shopify/ProductVariant/57844708475205,1901.9,998.99,826.93,update,1985
gid://shopify/Product/15850274685253,EMPIRE,gid://shopify/ProductVariant/57844708507973,1901.9,1012.99,826.93,update,1985
gid://shopify/Product/15850274685253,EMPIRE,gid://shopify/ProductVariant/57844708540741,1361.9,751.99,592.33,update,1422
gid://shopify/Product/15850274685253,EMPIRE,gid://shopify/ProductVariant/57844708573509,1361.9,687.99,592.33,update,1422
gid://shopify/Product/15850274685253,EMPIRE,gid://shopify/ProductVariant/57844708606277,1361.9,703.99,592.33,update,1422
gid://shopify/Product/15850274685253,EMPIRE,gid://shopify/ProductVariant/57844708639045,1361.9,708.99,592.33,update,1422
gid://shopify/Product/15850274685253,EMPIRE,gid://shopify/ProductVariant/57844708671813,592.33,709.99,592.33,update,1422
gid://shopify/Product/15850274685253,EMPIRE,gid://shopify/ProductVariant/57844708704581,592.33,685.99,592.33,update,1422
gid://shopify/Product/15850274685253,EMPIRE,gid://shopify/ProductVariant/57844708737349,358.11,430.99,358.11,update,859
gid://shopify/Product/15850274685253,EMPIRE,gid://shopify/ProductVariant/57844708770117,358.11,436.99,358.11,update,859
gid://shopify/Product/15850274685253,EMPIRE,gid://shopify/ProductVariant/57844708802885,358.11,424.99,358.11,update,859
gid://shopify/Product/15850274685253,EMPIRE,gid://shopify/ProductVariant/57844708835653,358.11,417.99,358.11,update,859
gid://shopify/Product/15850274685253,EMPIRE,gid://shopify/ProductVariant/57844708868421,592.33,733.99,592.33,update,1422
gid://shopify/Product/15850274685253,EMPIRE,gid://shopify/ProductVariant/57844708901189,592.33,701.99,592.33,update,1422
gid://shopify/Product/15850274685253,EMPIRE,gid://shopify/ProductVariant/57844708933957,259.76,315.99,259.76,update,623
gid://shopify/Product/15850274685253,EMPIRE,gid://shopify/ProductVariant/57844708966725,259.76,315.99,259.76,update,623
gid://shopify/Product/15850274685253,EMPIRE,gid://shopify/ProductVariant/57844708999493,358.11,443.99,358.11,update,859
gid://shopify/Product/15850274685253,EMPIRE,gid://shopify/ProductVariant/57844709032261,358.11,439.99,358.11,update,859
gid://shopify/Product/15850274685253,EMPIRE,gid://shopify/ProductVariant/57844709065029,358.11,415.99,358.11,update,859
gid://shopify/Product/15850274685253,EMPIRE,gid://shopify/ProductVariant/57844709097797,358.11,444.99,358.11,update,859
gid://shopify/Product/15850274816325,MODULO,gid://shopify/ProductVariant/57844709294405,984.9,204.99,157.74,update,379
gid://shopify/Product/15850274816325,MODULO,gid://shopify/ProductVariant/57844709327173,984.9,207.99,157.74,update,379
gid://shopify/Product/15850274816325,MODULO,gid://shopify/ProductVariant/57844709359941,739.9,144.99,118.31,update,284
gid://shopify/Product/15850274816325,MODULO,gid://shopify/ProductVariant/57844709392709,886.9,178.99,141.97,update,341
gid://shopify/Product/15850274816325,MODULO,gid://shopify/ProductVariant/57844709425477,1231.9,252.99,197.18,update,473
gid://shopify/Product/15850274816325,MODULO,gid://shopify/ProductVariant/57844709458245,1231.9,249.99,197.18,update,473
gid://shopify/Product/15850274816325,MODULO,gid://shopify/ProductVariant/57844709491013,984.9,212.99,157.74,update,379
gid://shopify/Product/15850274816325,MODULO,gid://shopify/ProductVariant/57844709523781,1181.9,243.99,189.29,update,454
gid://shopify/Product/15850274816325,MODULO,gid://shopify/ProductVariant/57844709556549,491.9,105.99,78.87,update,189
gid://shopify/Product/15850274816325,MODULO,gid://shopify/ProductVariant/57844709589317,491.9,108.99,78.87,update,189
gid://shopify/Product/15850274816325,MODULO,gid://shopify/ProductVariant/57844709622085,98.9,49.99,39.43,update,95
gid://shopify/Product/15850274816325,MODULO,gid://shopify/ProductVariant/57844709654853,137.9,74.99,55.21,update,133
gid://shopify/Product/15850274816325,MODULO,gid://shopify/ProductVariant/57844709687621,295.9,146.99,118.31,update,284
gid://shopify/Product/15850274816325,MODULO,gid://shopify/ProductVariant/57844709720389,295.9,159.99,118.31,update,284
gid://shopify/Product/15850274816325,MODULO,gid://shopify/ProductVariant/57844709753157,196.9,106.99,78.87,update,189
gid://shopify/Product/15850274816325,MODULO,gid://shopify/ProductVariant/57844709785925,236.9,125.99,94.65,update,227
gid://shopify/Product/15850274816325,MODULO,gid://shopify/ProductVariant/57844709818693,98.9,50.99,39.43,update,95
gid://shopify/Product/15850274816325,MODULO,gid://shopify/ProductVariant/57844709851461,98.9,54.99,39.43,update,95
gid://shopify/Product/15850274816325,MODULO,gid://shopify/ProductVariant/57844709884229,492.9,269.99,197.18,update,473
gid://shopify/Product/15850274816325,MODULO,gid://shopify/ProductVariant/57844709916997,591.9,292.99,236.61,update,568
gid://shopify/Product/15850274849093,GALETTE,gid://shopify/ProductVariant/57844709982533,216.9,48.99,34.97,update,84
gid://shopify/Product/15850274849093,GALETTE,gid://shopify/ProductVariant/57844710015301,176.9,40.99,28.26,update,68
gid://shopify/Product/15850274881861,CHANVRE,gid://shopify/ProductVariant/57844710048069,49.9,10.99,7.88,skipped(suspect),
gid://shopify/Product/15850274881861,CHANVRE,gid://shopify/ProductVariant/57844710080837,34.9,7.99,5.73,skipped(suspect),
gid://shopify/Product/15850274881861,CHANVRE,gid://shopify/ProductVariant/57844710113605,132.9,31.99,21.25,update,51
gid://shopify/Product/15850274881861,CHANVRE,gid://shopify/ProductVariant/57844710146373,107.9,24.99,17.33,update,42
gid://shopify/Product/15850274881861,CHANVRE,gid://shopify/ProductVariant/57844710179141,29.9,6.99,4.94,skipped(suspect),
gid://shopify/Product/15850274881861,CHANVRE,gid://shopify/ProductVariant/57844710211909,129.9,30.99,20.76,update,50
gid://shopify/Product/15850274881861,CHANVRE,gid://shopify/ProductVariant/57844710244677,96.9,20.99,15.48,update,37
gid://shopify/Product/15850274881861,CHANVRE,gid://shopify/ProductVariant/57844710277445,81.9,19.99,13.37,update,32
gid://shopify/Product/15850274881861,CHANVRE,gid://shopify/ProductVariant/57844710310213,74.9,16.99,12.18,update,29
gid://shopify/Product/15850274881861,CHANVRE,gid://shopify/ProductVariant/57844710342981,44.9,9.99,7.13,skipped(suspect),
gid://shopify/Product/15850274914629,STRIPE,gid://shopify/ProductVariant/57844710375749,554.9,115.99,88.95,update,213
gid://shopify/Product/15850274947397,MARBRE,gid://shopify/ProductVariant/57844710474053,1806.9,390.99,314.22,update,754
gid://shopify/Product/15850274947397,MARBRE,gid://shopify/ProductVariant/57844710506821,2311.9,513.99,402.13,update,965
gid://shopify/Product/15850274947397,MARBRE,gid://shopify/ProductVariant/57844710539589,1806.9,391.99,314.22,update,754
gid://shopify/Product/15850274947397,MARBRE,gid://shopify/ProductVariant/57844710572357,3206.9,645.99,557.9,update,1339
gid://shopify/Product/15850274947397,MARBRE,gid://shopify/ProductVariant/57844710605125,2311.9,509.99,402.13,update,965
gid://shopify/Product/15850274947397,MARBRE,gid://shopify/ProductVariant/57844710637893,5394.9,1198.99,938.42,update,2252
gid://shopify/Product/15850274947397,MARBRE,gid://shopify/ProductVariant/57844710670661,3206.9,703.99,557.9,update,1339
gid://shopify/Product/15850274947397,MARBRE,gid://shopify/ProductVariant/57844710703429,5394.9,1137.99,938.42,update,2252
gid://shopify/Product/15850274947397,MARBRE,gid://shopify/ProductVariant/57844710736197,2966.9,614.99,516.26,update,1239
gid://shopify/Product/15850274947397,MARBRE,gid://shopify/ProductVariant/57844710768965,2966.9,623.99,516.26,update,1239
gid://shopify/Product/15850274947397,MARBRE,gid://shopify/ProductVariant/57844710801733,790.9,405.99,344.13,update,826
gid://shopify/Product/15850274947397,MARBRE,gid://shopify/ProductVariant/57844710834501,790.9,412.99,344.13,update,826
gid://shopify/Product/15850274947397,MARBRE,gid://shopify/ProductVariant/57844710867269,1186.9,595.99,516.26,update,1239
gid://shopify/Product/15850274947397,MARBRE,gid://shopify/ProductVariant/57844710900037,1186.9,642.99,516.26,update,1239
gid://shopify/Product/15850274947397,MARBRE,gid://shopify/ProductVariant/57844710932805,731.9,380.99,318.25,update,764
gid://shopify/Product/15850274947397,MARBRE,gid://shopify/ProductVariant/57844710965573,731.9,377.99,318.25,update,764
gid://shopify/Product/15850274947397,MARBRE,gid://shopify/ProductVariant/57844710998341,731.9,-0.01,0.67,skipped(suspect),
gid://shopify/Product/15850274947397,MARBRE,gid://shopify/ProductVariant/57844711031109,731.9,0.99,0.67,skipped(suspect),
gid://shopify/Product/15850274980165,COLONNADE,gid://shopify/ProductVariant/57844711096645,3389.9,691.99,589.59,update,1415
gid://shopify/Product/15850274980165,COLONNADE,gid://shopify/ProductVariant/57844711129413,4344.9,943.99,755.85,update,1814
gid://shopify/Product/15850274980165,COLONNADE,gid://shopify/ProductVariant/57844711162181,4344.9,928.99,755.85,update,1814
gid://shopify/Product/15850274980165,COLONNADE,gid://shopify/ProductVariant/57844711194949,4344.9,894.99,755.85,update,1814
gid://shopify/Product/15850274980165,COLONNADE,gid://shopify/ProductVariant/57844711227717,4457.9,947.99,775.04,update,1860
gid://shopify/Product/15850274980165,COLONNADE,gid://shopify/ProductVariant/57844711260485,5066.9,1038.99,881.19,update,2115
gid://shopify/Product/15850274980165,COLONNADE,gid://shopify/ProductVariant/57844711293253,5066.9,1038.99,881.19,update,2115
gid://shopify/Product/15850274980165,COLONNADE,gid://shopify/ProductVariant/57844711326021,5066.9,1091.99,881.19,update,2115
gid://shopify/Product/15850274980165,COLONNADE,gid://shopify/ProductVariant/57844711358789,2161.9,448.99,376.01,update,902
gid://shopify/Product/15850274980165,COLONNADE,gid://shopify/ProductVariant/57844711391557,2294.9,493.99,399.03,update,958
gid://shopify/Product/15850274980165,COLONNADE,gid://shopify/ProductVariant/57844711424325,899.9,473.99,391.35,update,939
gid://shopify/Product/15850274980165,COLONNADE,gid://shopify/ProductVariant/57844711457093,917.9,483.99,399.03,update,958
gid://shopify/Product/15850274980165,COLONNADE,gid://shopify/ProductVariant/57844711489861,917.9,489.99,399.03,update,958
gid://shopify/Product/15850274980165,COLONNADE,gid://shopify/ProductVariant/57844711522629,958.9,517.99,416.93,update,1001
gid://shopify/Product/15850274980165,COLONNADE,gid://shopify/ProductVariant/57844711555397,1314.9,684.99,571.68,update,1372
gid://shopify/Product/15850274980165,COLONNADE,gid://shopify/ProductVariant/57844711588165,1314.9,719.99,571.68,update,1372
gid://shopify/Product/15850274980165,COLONNADE,gid://shopify/ProductVariant/57844711620933,1314.9,692.99,571.68,update,1372
gid://shopify/Product/15850274980165,COLONNADE,gid://shopify/ProductVariant/57844711653701,864.9,438.99,376.01,update,902
gid://shopify/Product/15850274980165,COLONNADE,gid://shopify/ProductVariant/57844711686469,864.9,440.99,376.01,update,902
gid://shopify/Product/15850274980165,COLONNADE,gid://shopify/ProductVariant/57844711719237,2068.9,1036.99,899.09,update,2158
gid://shopify/Product/15850274980165,COLONNADE,gid://shopify/ProductVariant/57844711752005,2476.9,1344.99,1076.86,update,2584
gid://shopify/Product/15850274980165,COLONNADE,gid://shopify/ProductVariant/57844711784773,2476.9,1239.99,1076.86,update,2584
gid://shopify/Product/15850274980165,COLONNADE,gid://shopify/ProductVariant/57844711817541,2476.9,1275.99,1076.86,update,2584
gid://shopify/Product/15850274980165,COLONNADE,gid://shopify/ProductVariant/57844711850309,2517.9,1316.99,1094.77,update,2627
gid://shopify/Product/15850275045701,INOX,gid://shopify/ProductVariant/57844713324869,834.9,167.99,133.69,update,321
gid://shopify/Product/15850275045701,INOX,gid://shopify/ProductVariant/57844713357637,834.9,165.99,133.69,update,321
gid://shopify/Product/15850275144005,BOOKLIGHT,gid://shopify/ProductVariant/57844713783621,309.9,64.99,49.56,update,119
gid://shopify/Product/15850275144005,BOOKLIGHT,gid://shopify/ProductVariant/57844713816389,214.9,48.99,34.45,update,83
gid://shopify/Product/15850275144005,BOOKLIGHT,gid://shopify/ProductVariant/57844713849157,309.9,66.99,49.42,update,119
gid://shopify/Product/15850275144005,BOOKLIGHT,gid://shopify/ProductVariant/57844713881925,309.9,69.99,49.42,update,119
gid://shopify/Product/15850275144005,BOOKLIGHT,gid://shopify/ProductVariant/57844713914693,312.9,68.99,50.11,update,120
gid://shopify/Product/15850275144005,BOOKLIGHT,gid://shopify/ProductVariant/57844713947461,309.9,70.99,49.78,update,119
gid://shopify/Product/15850275144005,BOOKLIGHT,gid://shopify/ProductVariant/57844713980229,231.9,52.99,37.32,update,90
gid://shopify/Product/15850275144005,BOOKLIGHT,gid://shopify/ProductVariant/57844714012997,231.9,51.99,37.32,update,90
gid://shopify/Product/15850275176773,ARCHET,gid://shopify/ProductVariant/57844714111301,607.9,127.99,97.19,update,233
gid://shopify/Product/15850275176773,ARCHET,gid://shopify/ProductVariant/57844714144069,607.9,118.99,97.19,update,233
gid://shopify/Product/15850275176773,ARCHET,gid://shopify/ProductVariant/57844714176837,857.9,180.99,137.15,update,329
gid://shopify/Product/15850275176773,ARCHET,gid://shopify/ProductVariant/57844714209605,857.9,166.99,137.15,update,329
gid://shopify/Product/15850275176773,ARCHET,gid://shopify/ProductVariant/57844714242373,607.9,123.99,97.19,update,233
gid://shopify/Product/15850275176773,ARCHET,gid://shopify/ProductVariant/57844714275141,861.9,173.99,138.03,update,331
gid://shopify/Product/15850275176773,ARCHET,gid://shopify/ProductVariant/57844714307909,984.9,212.99,157.51,update,378
gid://shopify/Product/15850275176773,ARCHET,gid://shopify/ProductVariant/57844714340677,984.9,207.99,157.51,update,378
gid://shopify/Product/15850275176773,ARCHET,gid://shopify/ProductVariant/57844714373445,861.9,186.99,138.03,update,331
gid://shopify/Product/15850275176773,ARCHET,gid://shopify/ProductVariant/57844714406213,861.9,167.99,138.03,update,331
gid://shopify/Product/15850275176773,ARCHET,gid://shopify/ProductVariant/57844714438981,393.9,213.99,157.51,update,378
gid://shopify/Product/15850275176773,ARCHET,gid://shopify/ProductVariant/57844714471749,393.9,207.99,157.51,update,378
gid://shopify/Product/15850275176773,ARCHET,gid://shopify/ProductVariant/57844714504517,316.9,158.99,126.98,update,305
gid://shopify/Product/15850275176773,ARCHET,gid://shopify/ProductVariant/57844714537285,242.9,123.99,97.19,update,233
gid://shopify/Product/15850275176773,ARCHET,gid://shopify/ProductVariant/57844714570053,342.9,187.99,137.15,update,329
gid://shopify/Product/15850275176773,ARCHET,gid://shopify/ProductVariant/57844714602821,342.9,168.99,137.15,update,329
gid://shopify/Product/15850275176773,ARCHET,gid://shopify/ProductVariant/57844714635589,316.9,160.99,126.98,update,305
gid://shopify/Product/15850275176773,ARCHET,gid://shopify/ProductVariant/57844714668357,316.9,171.99,126.98,update,305
gid://shopify/Product/15850275176773,ARCHET,gid://shopify/ProductVariant/57844714701125,360.9,187.99,144.53,update,347
gid://shopify/Product/15850275176773,ARCHET,gid://shopify/ProductVariant/57844714733893,360.9,179.99,144.53,update,347
gid://shopify/Product/15850275176773,ARCHET,gid://shopify/ProductVariant/57844714766661,344.9,178.99,138.03,update,331
gid://shopify/Product/15850275176773,ARCHET,gid://shopify/ProductVariant/57844714799429,370.9,190.99,148.21,update,356
gid://shopify/Product/15850275176773,ARCHET,gid://shopify/ProductVariant/57844714832197,439.9,239.99,176.08,update,423
gid://shopify/Product/15850275176773,ARCHET,gid://shopify/ProductVariant/57844714864965,439.9,214.99,176.08,update,423
gid://shopify/Product/15850275176773,ARCHET,gid://shopify/ProductVariant/57844714897733,316.9,158.99,126.98,update,305
gid://shopify/Product/15850275176773,ARCHET,gid://shopify/ProductVariant/57844714930501,360.9,187.99,144.53,update,347
gid://shopify/Product/15850275176773,ARCHET,gid://shopify/ProductVariant/57844714963269,360.9,183.99,144.53,update,347
gid://shopify/Product/15850275176773,ARCHET,gid://shopify/ProductVariant/57844714996037,346.9,177.99,138.93,update,333
gid://shopify/Product/15850275176773,ARCHET,gid://shopify/ProductVariant/57844715028805,346.9,171.99,138.93,update,333
gid://shopify/Product/15850275176773,ARCHET,gid://shopify/ProductVariant/57844715061573,411.9,209.99,164.88,update,396
gid://shopify/Product/15850275176773,ARCHET,gid://shopify/ProductVariant/57844715094341,411.9,209.99,164.88,update,396
gid://shopify/Product/15850275176773,ARCHET,gid://shopify/ProductVariant/57844715127109,370.9,194.99,148.21,update,356
gid://shopify/Product/15850275209541,QUARTZ,gid://shopify/ProductVariant/57844715159877,74.9,17.99,12.0,update,29
gid://shopify/Product/15850275242309,STANDIA,gid://shopify/ProductVariant/57844715290949,854.9,183.99,136.87,update,328
gid://shopify/Product/15850275242309,STANDIA,gid://shopify/ProductVariant/57844715323717,854.9,169.99,136.87,update,328
gid://shopify/Product/15850275242309,STANDIA,gid://shopify/ProductVariant/57844715356485,854.9,184.99,136.87,update,328
gid://shopify/Product/15850275242309,STANDIA,gid://shopify/ProductVariant/57844715389253,854.9,181.99,136.87,update,328
gid://shopify/Product/15850275242309,STANDIA,gid://shopify/ProductVariant/57844715422021,854.9,178.99,136.87,update,328
gid://shopify/Product/15850275242309,STANDIA,gid://shopify/ProductVariant/57844715454789,854.9,185.99,136.87,update,328
gid://shopify/Product/15850275242309,STANDIA,gid://shopify/ProductVariant/57844715487557,854.9,179.99,136.87,update,328
gid://shopify/Product/15850275242309,STANDIA,gid://shopify/ProductVariant/57844715520325,884.9,178.99,141.69,update,340
gid://shopify/Product/15850275242309,STANDIA,gid://shopify/ProductVariant/57844715553093,854.9,181.99,136.87,update,328
gid://shopify/Product/15850275242309,STANDIA,gid://shopify/ProductVariant/57844715585861,854.9,178.99,136.87,update,328
gid://shopify/Product/15850275242309,STANDIA,gid://shopify/ProductVariant/57844715618629,353.9,173.99,141.69,update,340
gid://shopify/Product/15850275242309,STANDIA,gid://shopify/ProductVariant/57844715651397,353.9,173.99,141.69,update,340
gid://shopify/Product/15850275242309,STANDIA,gid://shopify/ProductVariant/57844715684165,353.9,189.99,141.69,update,340
gid://shopify/Product/15850275242309,STANDIA,gid://shopify/ProductVariant/57844715716933,353.9,179.99,141.69,update,340
gid://shopify/Product/15850275242309,STANDIA,gid://shopify/ProductVariant/57844715749701,353.9,190.99,141.69,update,340
gid://shopify/Product/15850275242309,STANDIA,gid://shopify/ProductVariant/57844715782469,341.9,175.99,136.87,update,328
gid://shopify/Product/15850275242309,STANDIA,gid://shopify/ProductVariant/57844715815237,353.9,191.99,141.69,update,340
gid://shopify/Product/15850275242309,STANDIA,gid://shopify/ProductVariant/57844715848005,353.9,191.99,141.69,update,340
gid://shopify/Product/15850275242309,STANDIA,gid://shopify/ProductVariant/57844715880773,341.9,170.99,136.87,update,328
gid://shopify/Product/15850275242309,STANDIA,gid://shopify/ProductVariant/57844715913541,341.9,180.99,136.87,update,328
gid://shopify/Product/15850275242309,STANDIA,gid://shopify/ProductVariant/57844715946309,341.9,179.99,136.87,update,328
gid://shopify/Product/15850275242309,STANDIA,gid://shopify/ProductVariant/57844715979077,341.9,166.99,136.87,update,328
gid://shopify/Product/15850275242309,STANDIA,gid://shopify/ProductVariant/57844716011845,341.9,183.99,136.87,update,328
gid://shopify/Product/15850275242309,STANDIA,gid://shopify/ProductVariant/57844716044613,341.9,174.99,136.87,update,328
gid://shopify/Product/15850275242309,STANDIA,gid://shopify/ProductVariant/57844716077381,341.9,172.99,136.75,update,328
gid://shopify/Product/15850275242309,STANDIA,gid://shopify/ProductVariant/57844716110149,341.9,166.99,136.87,update,328
gid://shopify/Product/15850275242309,STANDIA,gid://shopify/ProductVariant/57844716142917,341.9,177.99,136.87,update,328
gid://shopify/Product/15850275242309,STANDIA,gid://shopify/ProductVariant/57844716175685,341.9,169.99,136.87,update,328
gid://shopify/Product/15850275242309,STANDIA,gid://shopify/ProductVariant/57844716208453,341.9,176.99,136.87,update,328
gid://shopify/Product/15850275242309,STANDIA,gid://shopify/ProductVariant/57844716241221,353.9,176.99,141.69,update,340
gid://shopify/Product/15850275242309,STANDIA,gid://shopify/ProductVariant/57844716273989,353.9,173.99,141.69,update,340
gid://shopify/Product/15850275242309,STANDIA,gid://shopify/ProductVariant/57844716306757,353.9,188.99,141.69,update,340
gid://shopify/Product/15850275242309,STANDIA,gid://shopify/ProductVariant/57844716339525,341.9,174.99,136.87,update,328
gid://shopify/Product/15850275242309,STANDIA,gid://shopify/ProductVariant/57844716372293,353.9,181.99,141.69,update,340
gid://shopify/Product/15850275242309,STANDIA,gid://shopify/ProductVariant/57844716405061,353.9,185.99,141.69,update,340
gid://shopify/Product/15850275242309,STANDIA,gid://shopify/ProductVariant/57844716437829,353.9,183.99,141.69,update,340
gid://shopify/Product/15850275242309,STANDIA,gid://shopify/ProductVariant/57844716470597,353.9,176.99,141.69,update,340
gid://shopify/Product/15850275242309,STANDIA,gid://shopify/ProductVariant/57844716503365,353.9,178.99,141.69,update,340
gid://shopify/Product/15850275242309,STANDIA,gid://shopify/ProductVariant/57844716536133,353.9,180.99,141.69,update,340
gid://shopify/Product/15850275242309,STANDIA,gid://shopify/ProductVariant/57844716568901,341.9,168.99,136.87,update,328
gid://shopify/Product/15850275242309,STANDIA,gid://shopify/ProductVariant/57844716601669,341.9,167.99,136.87,update,328
gid://shopify/Product/15850275242309,STANDIA,gid://shopify/ProductVariant/57844716634437,341.9,178.99,136.87,update,328
gid://shopify/Product/15850275242309,STANDIA,gid://shopify/ProductVariant/57844716667205,341.9,167.99,136.87,update,328
gid://shopify/Product/15850275242309,STANDIA,gid://shopify/ProductVariant/57844716699973,341.9,174.99,136.87,update,328
gid://shopify/Product/15850275242309,STANDIA,gid://shopify/ProductVariant/57844716732741,341.9,167.99,136.87,update,328
gid://shopify/Product/15850275242309,STANDIA,gid://shopify/ProductVariant/57844716765509,341.9,176.99,136.87,update,328
gid://shopify/Product/15850275242309,STANDIA,gid://shopify/ProductVariant/57844716798277,341.9,182.99,136.87,update,328
gid://shopify/Product/15850275242309,STANDIA,gid://shopify/ProductVariant/57844716831045,341.9,168.99,136.87,update,328
gid://shopify/Product/15850275242309,STANDIA,gid://shopify/ProductVariant/57844716863813,341.9,168.99,136.87,update,328
gid://shopify/Product/15850275242309,STANDIA,gid://shopify/ProductVariant/57844716896581,341.9,178.99,136.87,update,328
gid://shopify/Product/15850275242309,STANDIA,gid://shopify/ProductVariant/57844716929349,353.9,182.99,141.69,update,340
gid://shopify/Product/15850275242309,STANDIA,gid://shopify/ProductVariant/57844716962117,353.9,186.99,141.69,update,340
gid://shopify/Product/15850275242309,STANDIA,gid://shopify/ProductVariant/57844716994885,353.9,176.99,141.69,update,340
gid://shopify/Product/15850275242309,STANDIA,gid://shopify/ProductVariant/57844717027653,353.9,185.99,141.69,update,340
gid://shopify/Product/15850275242309,STANDIA,gid://shopify/ProductVariant/57844717060421,353.9,188.99,141.69,update,340
gid://shopify/Product/15850275242309,STANDIA,gid://shopify/ProductVariant/57844717093189,353.9,177.99,141.69,update,340
gid://shopify/Product/15850275242309,STANDIA,gid://shopify/ProductVariant/57844717125957,353.9,173.99,141.69,update,340
gid://shopify/Product/15850275242309,STANDIA,gid://shopify/ProductVariant/57844717158725,353.9,189.99,141.69,update,340
gid://shopify/Product/15850275242309,STANDIA,gid://shopify/ProductVariant/57844717191493,341.9,173.99,136.87,update,328
gid://shopify/Product/15850275242309,STANDIA,gid://shopify/ProductVariant/57844717224261,341.9,186.99,136.87,update,328
gid://shopify/Product/15850275242309,STANDIA,gid://shopify/ProductVariant/57844717257029,341.9,167.99,136.87,update,328
gid://shopify/Product/15850275242309,STANDIA,gid://shopify/ProductVariant/57844717289797,341.9,180.99,136.87,update,328
gid://shopify/Product/15850275242309,STANDIA,gid://shopify/ProductVariant/57844717322565,341.9,175.99,136.87,update,328
gid://shopify/Product/15850275242309,STANDIA,gid://shopify/ProductVariant/57844717355333,341.9,173.99,136.87,update,328
gid://shopify/Product/15850275242309,STANDIA,gid://shopify/ProductVariant/57844717388101,341.9,173.99,136.87,update,328
gid://shopify/Product/15850275242309,STANDIA,gid://shopify/ProductVariant/57844717420869,341.9,178.99,136.87,update,328
gid://shopify/Product/15850275242309,STANDIA,gid://shopify/ProductVariant/57844717453637,341.9,166.99,136.87,update,328
gid://shopify/Product/15850275242309,STANDIA,gid://shopify/ProductVariant/57844717486405,341.9,172.99,136.87,update,328
gid://shopify/Product/15850275242309,STANDIA,gid://shopify/ProductVariant/57844717519173,341.9,187.99,136.87,update,328
gid://shopify/Product/15850275242309,STANDIA,gid://shopify/ProductVariant/57844717551941,341.9,179.99,136.87,update,328
gid://shopify/Product/15850275242309,STANDIA,gid://shopify/ProductVariant/57844717584709,341.9,187.99,136.87,update,328
gid://shopify/Product/15850275242309,STANDIA,gid://shopify/ProductVariant/57844717617477,341.9,175.99,136.87,update,328
gid://shopify/Product/15850275242309,STANDIA,gid://shopify/ProductVariant/57844717650245,341.9,169.99,136.87,update,328
gid://shopify/Product/15850275242309,STANDIA,gid://shopify/ProductVariant/57844717683013,341.9,166.99,136.87,update,328
gid://shopify/Product/15850275242309,STANDIA,gid://shopify/ProductVariant/57844717715781,341.9,183.99,136.87,update,328
gid://shopify/Product/15850275242309,STANDIA,gid://shopify/ProductVariant/57844717748549,341.9,170.99,136.87,update,328
gid://shopify/Product/15850275242309,STANDIA,gid://shopify/ProductVariant/57844717781317,353.9,180.99,141.69,update,340
gid://shopify/Product/15850275242309,STANDIA,gid://shopify/ProductVariant/57844717814085,353.9,189.99,141.69,update,340
gid://shopify/Product/15850275242309,STANDIA,gid://shopify/ProductVariant/57844717846853,353.9,191.99,141.69,update,340
gid://shopify/Product/15850275242309,STANDIA,gid://shopify/ProductVariant/57844717879621,353.9,174.99,141.69,update,340
gid://shopify/Product/15850275242309,STANDIA,gid://shopify/ProductVariant/57844717912389,353.9,173.99,141.69,update,340
gid://shopify/Product/15850275242309,STANDIA,gid://shopify/ProductVariant/57844717945157,341.9,186.99,136.87,update,328
gid://shopify/Product/15850275242309,STANDIA,gid://shopify/ProductVariant/57844717977925,341.9,186.99,136.87,update,328
gid://shopify/Product/15850275242309,STANDIA,gid://shopify/ProductVariant/57844718010693,341.9,185.99,136.87,update,328
gid://shopify/Product/15850275242309,STANDIA,gid://shopify/ProductVariant/57844718043461,341.9,183.99,136.87,update,328
gid://shopify/Product/15850275242309,STANDIA,gid://shopify/ProductVariant/57844718076229,341.9,166.99,136.87,update,328
gid://shopify/Product/15850275242309,STANDIA,gid://shopify/ProductVariant/57844718108997,341.9,181.99,136.87,update,328
gid://shopify/Product/15850275242309,STANDIA,gid://shopify/ProductVariant/57844718141765,341.9,168.99,136.87,update,328
gid://shopify/Product/15850275242309,STANDIA,gid://shopify/ProductVariant/57844718174533,341.9,175.99,136.87,update,328
gid://shopify/Product/15850275242309,STANDIA,gid://shopify/ProductVariant/57844718207301,341.9,166.99,136.87,update,328
gid://shopify/Product/15850275242309,STANDIA,gid://shopify/ProductVariant/57844718240069,341.9,170.99,136.87,update,328
gid://shopify/Product/15850275242309,STANDIA,gid://shopify/ProductVariant/57844718272837,341.9,177.99,136.87,update,328
gid://shopify/Product/15850275242309,STANDIA,gid://shopify/ProductVariant/57844718305605,341.9,170.99,136.87,update,328
gid://shopify/Product/15850275242309,STANDIA,gid://shopify/ProductVariant/57844718338373,341.9,177.99,136.87,update,328
gid://shopify/Product/15850275242309,STANDIA,gid://shopify/ProductVariant/57844718371141,341.9,171.99,136.87,update,328
gid://shopify/Product/15850275242309,STANDIA,gid://shopify/ProductVariant/57844718403909,353.9,182.99,141.69,update,340
gid://shopify/Product/15850275242309,STANDIA,gid://shopify/ProductVariant/57844718436677,353.9,188.99,141.69,update,340
gid://shopify/Product/15850275242309,STANDIA,gid://shopify/ProductVariant/57844718469445,353.9,175.99,141.69,update,340
gid://shopify/Product/15850275242309,STANDIA,gid://shopify/ProductVariant/57844718502213,353.9,187.99,141.69,update,340
gid://shopify/Product/15850275242309,STANDIA,gid://shopify/ProductVariant/57844718534981,353.9,172.99,141.69,update,340
gid://shopify/Product/15850275242309,STANDIA,gid://shopify/ProductVariant/57844718567749,341.9,178.99,136.87,update,328
gid://shopify/Product/15850275242309,STANDIA,gid://shopify/ProductVariant/57844718600517,341.9,180.99,136.87,update,328
gid://shopify/Product/15850275242309,STANDIA,gid://shopify/ProductVariant/57844718633285,341.9,166.99,136.87,update,328
gid://shopify/Product/15850275242309,STANDIA,gid://shopify/ProductVariant/57844718666053,341.9,169.99,136.87,update,328
gid://shopify/Product/15850275242309,STANDIA,gid://shopify/ProductVariant/57844718698821,341.9,172.99,136.87,update,328
gid://shopify/Product/15850275275077,PECHEUR,gid://shopify/ProductVariant/57844718731589,949.9,197.99,151.89,update,365
gid://shopify/Product/15850275275077,PECHEUR,gid://shopify/ProductVariant/57844718764357,949.9,197.99,151.89,update,365
gid://shopify/Product/15850275275077,PECHEUR,gid://shopify/ProductVariant/57844718797125,949.9,206.99,151.89,update,365
gid://shopify/Product/15850275275077,PECHEUR,gid://shopify/ProductVariant/57844718829893,961.9,190.99,153.84,update,369
gid://shopify/Product/15850275275077,PECHEUR,gid://shopify/ProductVariant/57844718862661,949.9,185.99,151.89,update,365
gid://shopify/Product/15850275275077,PECHEUR,gid://shopify/ProductVariant/57844718895429,949.9,192.99,151.89,update,365
gid://shopify/Product/15850275275077,PECHEUR,gid://shopify/ProductVariant/57844718928197,949.9,187.99,151.89,update,365
gid://shopify/Product/15850275275077,PECHEUR,gid://shopify/ProductVariant/57844718960965,961.9,195.99,153.84,update,369
gid://shopify/Product/15850275275077,PECHEUR,gid://shopify/ProductVariant/57844718993733,949.9,198.99,151.89,update,365
gid://shopify/Product/15850275275077,PECHEUR,gid://shopify/ProductVariant/57844719026501,949.9,189.99,151.89,update,365
gid://shopify/Product/15850275275077,PECHEUR,gid://shopify/ProductVariant/57844719059269,379.9,204.99,151.89,update,365
gid://shopify/Product/15850275275077,PECHEUR,gid://shopify/ProductVariant/57844719092037,384.9,188.99,153.84,update,369
gid://shopify/Product/15850275275077,PECHEUR,gid://shopify/ProductVariant/57844719124805,379.9,194.99,151.89,update,365
gid://shopify/Product/15850275275077,PECHEUR,gid://shopify/ProductVariant/57844719157573,379.9,206.99,151.89,update,365
gid://shopify/Product/15850275275077,PECHEUR,gid://shopify/ProductVariant/57844719190341,379.9,202.99,151.89,update,365
gid://shopify/Product/15850275275077,PECHEUR,gid://shopify/ProductVariant/57844719223109,384.9,204.99,153.84,update,369
gid://shopify/Product/15850275340613,DISQUE,gid://shopify/ProductVariant/57844738720069,109.9,23.99,17.5,update,42
gid://shopify/Product/15850275340613,DISQUE,gid://shopify/ProductVariant/57844738752837,109.9,24.99,17.79,update,43
gid://shopify/Product/15850275340613,DISQUE,gid://shopify/ProductVariant/57844738785605,121.9,25.99,19.49,update,47
gid://shopify/Product/15850275340613,DISQUE,gid://shopify/ProductVariant/57844738818373,109.9,26.99,17.79,update,43
gid://shopify/Product/15850275340613,DISQUE,gid://shopify/ProductVariant/57844738851141,116.9,28.99,18.87,update,45
gid://shopify/Product/15850275340613,DISQUE,gid://shopify/ProductVariant/57844738883909,109.9,24.99,17.79,update,43
gid://shopify/Product/15850275340613,DISQUE,gid://shopify/ProductVariant/57844738916677,119.9,25.99,19.35,update,46
gid://shopify/Product/15850275340613,DISQUE,gid://shopify/ProductVariant/57844738949445,119.9,26.99,19.0,update,46
gid://shopify/Product/15850275340613,DISQUE,gid://shopify/ProductVariant/57844738982213,109.9,24.99,17.79,update,43
gid://shopify/Product/15850275340613,DISQUE,gid://shopify/ProductVariant/57844739014981,114.9,24.99,18.21,update,44
gid://shopify/Product/15850275340613,DISQUE,gid://shopify/ProductVariant/57844739047749,43.9,22.99,17.5,update,42
gid://shopify/Product/15850275340613,DISQUE,gid://shopify/ProductVariant/57844739080517,45.9,25.99,18.56,update,45
gid://shopify/Product/15850275373381,VERRE FISSURE,gid://shopify/ProductVariant/57844719321413,311.9,66.99,50.19,update,120
gid://shopify/Product/15850275373381,VERRE FISSURE,gid://shopify/ProductVariant/57844719354181,311.9,65.99,50.19,update,120
gid://shopify/Product/15850275373381,VERRE FISSURE,gid://shopify/ProductVariant/57844719386949,421.9,88.99,67.48,update,162
gid://shopify/Product/15850275373381,VERRE FISSURE,gid://shopify/ProductVariant/57844719419717,421.9,85.99,67.48,update,162
gid://shopify/Product/15850275373381,VERRE FISSURE,gid://shopify/ProductVariant/57844719452485,501.9,107.99,80.33,update,193
gid://shopify/Product/15850275373381,VERRE FISSURE,gid://shopify/ProductVariant/57844719485253,501.9,107.99,80.33,update,193
gid://shopify/Product/15850275406149,TAMISE,gid://shopify/ProductVariant/57844727447877,1089.9,219.99,174.4,update,419
gid://shopify/Product/15850275406149,TAMISE,gid://shopify/ProductVariant/57844727480645,786.9,161.99,125.8,update,302
gid://shopify/Product/15850275406149,TAMISE,gid://shopify/ProductVariant/57844727513413,736.9,161.99,118.12,update,283
gid://shopify/Product/15850275406149,TAMISE,gid://shopify/ProductVariant/57844727546181,736.9,156.99,118.12,update,283
gid://shopify/Product/15850275406149,TAMISE,gid://shopify/ProductVariant/57844727578949,669.9,133.99,107.38,update,258
gid://shopify/Product/15850275406149,TAMISE,gid://shopify/ProductVariant/57844727611717,736.9,154.99,118.12,update,283
gid://shopify/Product/15850275406149,TAMISE,gid://shopify/ProductVariant/57844727644485,639.9,134.99,102.26,update,245
gid://shopify/Product/15850275406149,TAMISE,gid://shopify/ProductVariant/57844727677253,639.9,134.99,102.26,update,245
gid://shopify/Product/15850275406149,TAMISE,gid://shopify/ProductVariant/57844727710021,816.9,170.99,130.91,update,314
gid://shopify/Product/15850275406149,TAMISE,gid://shopify/ProductVariant/57844727742789,786.9,163.99,125.8,update,302
gid://shopify/Product/15850275406149,TAMISE,gid://shopify/ProductVariant/57844727775557,314.9,165.99,125.8,update,302
gid://shopify/Product/15850275406149,TAMISE,gid://shopify/ProductVariant/57844727808325,242.9,122.99,97.15,update,233
gid://shopify/Product/15850275406149,TAMISE,gid://shopify/ProductVariant/57844727841093,255.9,129.99,102.26,update,245
gid://shopify/Product/15850275406149,TAMISE,gid://shopify/ProductVariant/57844727873861,229.9,119.99,92.03,update,221
gid://shopify/Product/15850275406149,TAMISE,gid://shopify/ProductVariant/57844727906629,229.9,123.99,92.03,update,221
gid://shopify/Product/15850275406149,TAMISE,gid://shopify/ProductVariant/57844727939397,229.9,117.99,92.03,update,221
gid://shopify/Product/15850275438917,ANNEAU,gid://shopify/ProductVariant/57844728037701,967.9,211.99,154.62,update,371
gid://shopify/Product/15850275438917,ANNEAU,gid://shopify/ProductVariant/57844728070469,967.9,191.99,154.62,update,371
gid://shopify/Product/15850275438917,ANNEAU,gid://shopify/ProductVariant/57844728103237,967.9,207.99,154.62,update,371
gid://shopify/Product/15850275438917,ANNEAU,gid://shopify/ProductVariant/57844728136005,724.9,143.99,115.97,update,278
gid://shopify/Product/15850275438917,ANNEAU,gid://shopify/ProductVariant/57844728168773,1044.9,216.99,167.01,update,401
gid://shopify/Product/15850275438917,ANNEAU,gid://shopify/ProductVariant/57844728201541,1044.9,229.99,167.01,update,401
gid://shopify/Product/15850275438917,ANNEAU,gid://shopify/ProductVariant/57844728234309,1044.9,225.99,167.01,update,401
gid://shopify/Product/15850275438917,ANNEAU,gid://shopify/ProductVariant/57844728267077,1004.9,208.99,160.81,update,386
gid://shopify/Product/15850275438917,ANNEAU,gid://shopify/ProductVariant/57844728299845,471.9,105.99,75.62,update,181
gid://shopify/Product/15850275438917,ANNEAU,gid://shopify/ProductVariant/57844728332613,471.9,105.99,75.62,update,181
gid://shopify/Product/15850275438917,ANNEAU,gid://shopify/ProductVariant/57844728365381,188.9,99.99,75.62,update,181
gid://shopify/Product/15850275438917,ANNEAU,gid://shopify/ProductVariant/57844728398149,776.9,379.99,310.81,update,746
gid://shopify/Product/15850275438917,ANNEAU,gid://shopify/ProductVariant/57844728430917,270.9,140.99,108.24,update,260
gid://shopify/Product/15850275438917,ANNEAU,gid://shopify/ProductVariant/57844728463685,270.9,137.99,108.24,update,260
gid://shopify/Product/15850275438917,ANNEAU,gid://shopify/ProductVariant/57844728496453,270.9,143.99,108.24,update,260
gid://shopify/Product/15850275438917,ANNEAU,gid://shopify/ProductVariant/57844728529221,218.9,106.99,87.57,update,210
gid://shopify/Product/15850275438917,ANNEAU,gid://shopify/ProductVariant/57844728561989,610.9,305.99,244.32,update,586
gid://shopify/Product/15850275438917,ANNEAU,gid://shopify/ProductVariant/57844728594757,610.9,295.99,244.32,update,586
gid://shopify/Product/15850275438917,ANNEAU,gid://shopify/ProductVariant/57844728627525,610.9,299.99,244.32,update,586
gid://shopify/Product/15850275438917,ANNEAU,gid://shopify/ProductVariant/57844728660293,444.9,228.99,177.84,update,427
gid://shopify/Product/15850275438917,ANNEAU,gid://shopify/ProductVariant/57844728693061,753.9,358.99,301.52,update,724
gid://shopify/Product/15850275438917,ANNEAU,gid://shopify/ProductVariant/57844728725829,753.9,359.99,301.52,update,724
gid://shopify/Product/15850275438917,ANNEAU,gid://shopify/ProductVariant/57844728758597,753.9,367.99,301.52,update,724
gid://shopify/Product/15850275438917,ANNEAU,gid://shopify/ProductVariant/57844728791365,637.9,323.99,255.14,update,612
gid://shopify/Product/15850275438917,ANNEAU,gid://shopify/ProductVariant/57844728824133,386.9,194.99,154.62,update,371
gid://shopify/Product/15850275438917,ANNEAU,gid://shopify/ProductVariant/57844728856901,386.9,188.99,154.62,update,371
gid://shopify/Product/15850275438917,ANNEAU,gid://shopify/ProductVariant/57844728889669,386.9,190.99,154.62,update,371
gid://shopify/Product/15850275438917,ANNEAU,gid://shopify/ProductVariant/57844728922437,289.9,156.99,115.97,update,278
gid://shopify/Product/15850275438917,ANNEAU,gid://shopify/ProductVariant/57844728955205,417.9,228.99,167.01,update,401
gid://shopify/Product/15850275438917,ANNEAU,gid://shopify/ProductVariant/57844728987973,417.9,208.99,167.01,update,401
gid://shopify/Product/15850275438917,ANNEAU,gid://shopify/ProductVariant/57844729020741,417.9,218.99,167.01,update,401
gid://shopify/Product/15850275438917,ANNEAU,gid://shopify/ProductVariant/57844729053509,401.9,211.99,160.81,update,386
gid://shopify/Product/15850275438917,ANNEAU,gid://shopify/ProductVariant/57844729086277,188.9,98.99,75.62,update,181
gid://shopify/Product/15850275438917,ANNEAU,gid://shopify/ProductVariant/57844729119045,188.9,105.99,75.62,update,181
gid://shopify/Product/15850275438917,ANNEAU,gid://shopify/ProductVariant/57844729151813,188.9,100.99,75.62,update,181
gid://shopify/Product/15850275438917,ANNEAU,gid://shopify/ProductVariant/57844729184581,218.9,115.99,87.57,update,210
gid://shopify/Product/15850275438917,ANNEAU,gid://shopify/ProductVariant/57844729217349,270.9,139.99,108.24,update,260
gid://shopify/Product/15850275438917,ANNEAU,gid://shopify/ProductVariant/57844729250117,270.9,143.99,108.24,update,260
gid://shopify/Product/15850275438917,ANNEAU,gid://shopify/ProductVariant/57844729282885,270.9,146.99,108.24,update,260
gid://shopify/Product/15850275438917,ANNEAU,gid://shopify/ProductVariant/57844729315653,218.9,111.99,87.57,update,210
gid://shopify/Product/15850275438917,ANNEAU,gid://shopify/ProductVariant/57844729348421,188.9,99.99,75.62,update,181
gid://shopify/Product/15850275438917,ANNEAU,gid://shopify/ProductVariant/57844729381189,188.9,103.99,75.62,update,181
gid://shopify/Product/15850275438917,ANNEAU,gid://shopify/ProductVariant/57844729413957,188.9,97.99,75.62,update,181
gid://shopify/Product/15850275438917,ANNEAU,gid://shopify/ProductVariant/57844729446725,753.9,352.99,301.52,update,724
gid://shopify/Product/15850275438917,ANNEAU,gid://shopify/ProductVariant/57844729479493,753.9,377.99,301.52,update,724
gid://shopify/Product/15850275438917,ANNEAU,gid://shopify/ProductVariant/57844729512261,753.9,358.99,301.52,update,724
gid://shopify/Product/15850275438917,ANNEAU,gid://shopify/ProductVariant/57844729545029,637.9,313.99,255.14,update,612
gid://shopify/Product/15850275438917,ANNEAU,gid://shopify/ProductVariant/57844729577797,776.9,379.99,310.81,update,746
gid://shopify/Product/15850275438917,ANNEAU,gid://shopify/ProductVariant/57844729610565,417.9,225.99,167.01,update,401
gid://shopify/Product/15850275438917,ANNEAU,gid://shopify/ProductVariant/57844729643333,417.9,204.99,167.01,update,401
gid://shopify/Product/15850275438917,ANNEAU,gid://shopify/ProductVariant/57844729676101,417.9,207.99,167.01,update,401
gid://shopify/Product/15850275438917,ANNEAU,gid://shopify/ProductVariant/57844729708869,401.9,201.99,160.81,update,386
gid://shopify/Product/15850275438917,ANNEAU,gid://shopify/ProductVariant/57844729741637,610.9,290.99,244.32,update,586
gid://shopify/Product/15850275438917,ANNEAU,gid://shopify/ProductVariant/57844729774405,610.9,289.99,244.32,update,586
gid://shopify/Product/15850275438917,ANNEAU,gid://shopify/ProductVariant/57844729807173,610.9,288.99,244.32,update,586
gid://shopify/Product/15850275438917,ANNEAU,gid://shopify/ProductVariant/57844729839941,444.9,234.99,177.84,update,427
gid://shopify/Product/15850275438917,ANNEAU,gid://shopify/ProductVariant/57844729872709,270.9,135.99,108.24,update,260
gid://shopify/Product/15850275438917,ANNEAU,gid://shopify/ProductVariant/57844729905477,270.9,138.99,108.24,update,260
gid://shopify/Product/15850275438917,ANNEAU,gid://shopify/ProductVariant/57844729938245,270.9,145.99,108.24,update,260
gid://shopify/Product/15850275438917,ANNEAU,gid://shopify/ProductVariant/57844729971013,776.9,371.99,310.81,update,746
gid://shopify/Product/15850275438917,ANNEAU,gid://shopify/ProductVariant/57844730003781,386.9,202.99,154.62,update,371
gid://shopify/Product/15850275438917,ANNEAU,gid://shopify/ProductVariant/57844730036549,386.9,211.99,154.62,update,371
gid://shopify/Product/15850275438917,ANNEAU,gid://shopify/ProductVariant/57844730069317,386.9,197.99,154.62,update,371
gid://shopify/Product/15850275438917,ANNEAU,gid://shopify/ProductVariant/57844730102085,289.9,143.99,115.97,update,278
gid://shopify/Product/15850275438917,ANNEAU,gid://shopify/ProductVariant/57844730134853,610.9,280.99,244.32,update,586
gid://shopify/Product/15850275438917,ANNEAU,gid://shopify/ProductVariant/57844730167621,610.9,303.99,244.32,update,586
gid://shopify/Product/15850275438917,ANNEAU,gid://shopify/ProductVariant/57844730200389,610.9,300.99,244.32,update,586
gid://shopify/Product/15850275438917,ANNEAU,gid://shopify/ProductVariant/57844730233157,444.9,242.99,177.84,update,427
gid://shopify/Product/15850275438917,ANNEAU,gid://shopify/ProductVariant/57844730265925,753.9,373.99,301.52,update,724
gid://shopify/Product/15850275438917,ANNEAU,gid://shopify/ProductVariant/57844730298693,753.9,348.99,301.52,update,724
gid://shopify/Product/15850275438917,ANNEAU,gid://shopify/ProductVariant/57844730331461,753.9,352.99,301.52,update,724
gid://shopify/Product/15850275438917,ANNEAU,gid://shopify/ProductVariant/57844730364229,637.9,295.99,255.14,update,612
gid://shopify/Product/15850275438917,ANNEAU,gid://shopify/ProductVariant/57844730396997,386.9,189.99,154.62,update,371
gid://shopify/Product/15850275438917,ANNEAU,gid://shopify/ProductVariant/57844730429765,386.9,209.99,154.62,update,371
gid://shopify/Product/15850275438917,ANNEAU,gid://shopify/ProductVariant/57844730462533,386.9,201.99,154.62,update,371
gid://shopify/Product/15850275438917,ANNEAU,gid://shopify/ProductVariant/57844730495301,289.9,140.99,115.97,update,278
gid://shopify/Product/15850275438917,ANNEAU,gid://shopify/ProductVariant/57844730528069,417.9,213.99,167.01,update,401
gid://shopify/Product/15850275438917,ANNEAU,gid://shopify/ProductVariant/57844730560837,417.9,223.99,167.01,update,401
gid://shopify/Product/15850275438917,ANNEAU,gid://shopify/ProductVariant/57844730593605,417.9,204.99,167.01,update,401
gid://shopify/Product/15850275438917,ANNEAU,gid://shopify/ProductVariant/57844730626373,401.9,201.99,160.81,update,386
gid://shopify/Product/15850275438917,ANNEAU,gid://shopify/ProductVariant/57844730659141,188.9,97.99,75.62,update,181
gid://shopify/Product/15850275438917,ANNEAU,gid://shopify/ProductVariant/57844730691909,188.9,104.99,75.62,update,181
gid://shopify/Product/15850275438917,ANNEAU,gid://shopify/ProductVariant/57844730724677,188.9,107.99,75.62,update,181
gid://shopify/Product/15850275438917,ANNEAU,gid://shopify/ProductVariant/57844730757445,776.9,368.99,310.81,update,746
gid://shopify/Product/15850275438917,ANNEAU,gid://shopify/ProductVariant/57844730790213,270.9,135.99,108.24,update,260
gid://shopify/Product/15850275438917,ANNEAU,gid://shopify/ProductVariant/57844730822981,270.9,135.99,108.24,update,260
gid://shopify/Product/15850275438917,ANNEAU,gid://shopify/ProductVariant/57844730855749,270.9,141.99,108.24,update,260
gid://shopify/Product/15850275438917,ANNEAU,gid://shopify/ProductVariant/57844730888517,218.9,107.99,87.57,update,210
gid://shopify/Product/15850275438917,ANNEAU,gid://shopify/ProductVariant/57844730921285,610.9,306.99,244.32,update,586
gid://shopify/Product/15850275438917,ANNEAU,gid://shopify/ProductVariant/57844730954053,610.9,280.99,244.32,update,586
gid://shopify/Product/15850275438917,ANNEAU,gid://shopify/ProductVariant/57844730986821,610.9,301.99,244.32,update,586
gid://shopify/Product/15850275438917,ANNEAU,gid://shopify/ProductVariant/57844731019589,444.9,240.99,177.84,update,427
gid://shopify/Product/15850275438917,ANNEAU,gid://shopify/ProductVariant/57844731052357,753.9,358.99,301.52,update,724
gid://shopify/Product/15850275438917,ANNEAU,gid://shopify/ProductVariant/57844731085125,753.9,364.99,301.52,update,724
gid://shopify/Product/15850275438917,ANNEAU,gid://shopify/ProductVariant/57844731117893,753.9,383.99,301.52,update,724
gid://shopify/Product/15850275438917,ANNEAU,gid://shopify/ProductVariant/57844731150661,637.9,310.99,255.14,update,612
gid://shopify/Product/15850275471685,GRAND LUXE,gid://shopify/ProductVariant/57844731445573,2004.9,376.99,320.77,update,770
gid://shopify/Product/15850275471685,GRAND LUXE,gid://shopify/ProductVariant/57844731478341,1434.9,284.99,229.68,update,551
gid://shopify/Product/15850275471685,GRAND LUXE,gid://shopify/ProductVariant/57844731511109,719.9,146.99,115.33,update,277
gid://shopify/Product/15850275471685,GRAND LUXE,gid://shopify/ProductVariant/57844731543877,1409.9,283.99,225.73,update,542
gid://shopify/Product/15850275471685,GRAND LUXE,gid://shopify/ProductVariant/57844731576645,1624.9,307.99,259.85,update,624
gid://shopify/Product/15850275471685,GRAND LUXE,gid://shopify/ProductVariant/57844731609413,466.9,96.99,74.62,update,179
gid://shopify/Product/15850275471685,GRAND LUXE,gid://shopify/ProductVariant/57844731642181,1049.9,207.99,167.8,update,403
gid://shopify/Product/15850275471685,GRAND LUXE,gid://shopify/ProductVariant/57844731674949,559.9,116.99,89.6,update,215
gid://shopify/Product/15850275471685,GRAND LUXE,gid://shopify/ProductVariant/57844731707717,2794.9,526.99,447.18,update,1073
gid://shopify/Product/15850275471685,GRAND LUXE,gid://shopify/ProductVariant/57844731740485,1791.9,332.99,286.87,update,688
gid://shopify/Product/15850275471685,GRAND LUXE,gid://shopify/ProductVariant/57844731773253,723.9,342.99,289.76,update,695
gid://shopify/Product/15850275471685,GRAND LUXE,gid://shopify/ProductVariant/57844731806021,349.9,174.99,139.88,update,336
gid://shopify/Product/15850275471685,GRAND LUXE,gid://shopify/ProductVariant/57844731838789,893.9,430.99,357.6,update,858
gid://shopify/Product/15850275471685,GRAND LUXE,gid://shopify/ProductVariant/57844731871557,803.9,384.99,321.75,update,772
gid://shopify/Product/15850275471685,GRAND LUXE,gid://shopify/ProductVariant/57844731904325,939.9,438.99,376.02,update,902
gid://shopify/Product/15850275537221,AUTRUCHE,gid://shopify/ProductVariant/57844732035397,5037.9,1060.99,875.98,update,2102
gid://shopify/Product/15850275537221,AUTRUCHE,gid://shopify/ProductVariant/57844732068165,5037.9,1046.99,875.98,update,2102
gid://shopify/Product/15850275537221,AUTRUCHE,gid://shopify/ProductVariant/57844732100933,5037.9,1108.99,875.98,update,2102
gid://shopify/Product/15850275537221,AUTRUCHE,gid://shopify/ProductVariant/57844732133701,5037.9,1037.99,875.98,update,2102
gid://shopify/Product/15850275537221,AUTRUCHE,gid://shopify/ProductVariant/57844732166469,5037.9,1114.99,875.98,update,2102
gid://shopify/Product/15850275537221,AUTRUCHE,gid://shopify/ProductVariant/57844732199237,5036.9,1084.99,875.98,update,2102
gid://shopify/Product/15850275537221,AUTRUCHE,gid://shopify/ProductVariant/57844732232005,3229.9,711.99,561.89,update,1349
gid://shopify/Product/15850275537221,AUTRUCHE,gid://shopify/ProductVariant/57844732264773,3229.9,681.99,561.89,update,1349
gid://shopify/Product/15850275537221,AUTRUCHE,gid://shopify/ProductVariant/57844732297541,3229.9,659.99,561.89,update,1349
gid://shopify/Product/15850275537221,AUTRUCHE,gid://shopify/ProductVariant/57844732330309,3229.9,698.99,561.89,update,1349
gid://shopify/Product/15850275537221,AUTRUCHE,gid://shopify/ProductVariant/57844732363077,1291.9,708.99,561.89,update,1349
gid://shopify/Product/15850275537221,AUTRUCHE,gid://shopify/ProductVariant/57844732395845,1291.9,660.99,561.89,update,1349
gid://shopify/Product/15850275537221,AUTRUCHE,gid://shopify/ProductVariant/57844732428613,1291.9,659.99,561.89,update,1349
gid://shopify/Product/15850275537221,AUTRUCHE,gid://shopify/ProductVariant/57844732461381,1291.9,663.99,561.89,update,1349
gid://shopify/Product/15850275537221,AUTRUCHE,gid://shopify/ProductVariant/57844732494149,1291.9,690.99,561.89,update,1349
gid://shopify/Product/15850275537221,AUTRUCHE,gid://shopify/ProductVariant/57844732526917,1291.9,656.99,561.89,update,1349
gid://shopify/Product/15850275537221,AUTRUCHE,gid://shopify/ProductVariant/57844732559685,1291.9,652.99,561.89,update,1349
gid://shopify/Product/15850275537221,AUTRUCHE,gid://shopify/ProductVariant/57844732592453,1291.9,712.99,561.89,update,1349
gid://shopify/Product/15850275537221,AUTRUCHE,gid://shopify/ProductVariant/57844732625221,1156.9,571.99,462.7,update,1110
gid://shopify/Product/15850275537221,AUTRUCHE,gid://shopify/ProductVariant/57844732657989,1156.9,571.99,462.7,update,1110
gid://shopify/Product/15850275537221,AUTRUCHE,gid://shopify/ProductVariant/57844732690757,1291.9,690.99,561.89,update,1349
gid://shopify/Product/15850275537221,AUTRUCHE,gid://shopify/ProductVariant/57844732723525,1291.9,700.99,561.89,update,1349
gid://shopify/Product/15850275537221,AUTRUCHE,gid://shopify/ProductVariant/57844732756293,2014.9,1068.99,875.98,update,2102
gid://shopify/Product/15850275537221,AUTRUCHE,gid://shopify/ProductVariant/57844732789061,2014.9,1011.99,875.98,update,2102
gid://shopify/Product/15850275537221,AUTRUCHE,gid://shopify/ProductVariant/57844732821829,2014.9,1061.99,875.98,update,2102
gid://shopify/Product/15850275537221,AUTRUCHE,gid://shopify/ProductVariant/57844732854597,2014.9,1077.99,875.98,update,2102
gid://shopify/Product/15850275537221,AUTRUCHE,gid://shopify/ProductVariant/57844732887365,2014.9,1062.99,875.98,update,2102
gid://shopify/Product/15850275537221,AUTRUCHE,gid://shopify/ProductVariant/57844732920133,2014.9,1118.99,875.98,update,2102
gid://shopify/Product/15850275537221,AUTRUCHE,gid://shopify/ProductVariant/57844732952901,2014.9,1108.99,875.98,update,2102
gid://shopify/Product/15850275537221,AUTRUCHE,gid://shopify/ProductVariant/57844732985669,2014.9,1105.99,875.98,update,2102
gid://shopify/Product/15850275537221,AUTRUCHE,gid://shopify/ProductVariant/57844733018437,2014.9,1062.99,875.98,update,2102
gid://shopify/Product/15850275537221,AUTRUCHE,gid://shopify/ProductVariant/57844733051205,2014.9,1118.99,875.98,update,2102
gid://shopify/Product/15850275537221,AUTRUCHE,gid://shopify/ProductVariant/57844733083973,2014.9,1110.99,875.98,update,2102
gid://shopify/Product/15850275537221,AUTRUCHE,gid://shopify/ProductVariant/57844733116741,2014.9,1038.99,875.98,update,2102
gid://shopify/Product/15850275537221,AUTRUCHE,gid://shopify/ProductVariant/57844733149509,1291.9,661.99,561.89,update,1349
gid://shopify/Product/15850275537221,AUTRUCHE,gid://shopify/ProductVariant/57844733182277,1291.9,687.99,561.89,update,1349
gid://shopify/Product/15850275537221,AUTRUCHE,gid://shopify/ProductVariant/57844733215045,1291.9,649.99,561.89,update,1349
gid://shopify/Product/15850275537221,AUTRUCHE,gid://shopify/ProductVariant/57844733247813,1291.9,703.99,561.89,update,1349
gid://shopify/Product/15850275537221,AUTRUCHE,gid://shopify/ProductVariant/57844733280581,1156.9,559.99,462.7,update,1110
gid://shopify/Product/15850275537221,AUTRUCHE,gid://shopify/ProductVariant/57844733313349,1156.9,563.99,462.7,update,1110
gid://shopify/Product/15850275537221,AUTRUCHE,gid://shopify/ProductVariant/57844733346117,1156.9,561.99,462.7,update,1110
gid://shopify/Product/15850275537221,AUTRUCHE,gid://shopify/ProductVariant/57844733378885,1156.9,554.99,462.7,update,1110
gid://shopify/Product/15850275537221,AUTRUCHE,gid://shopify/ProductVariant/57844733411653,1156.9,572.99,462.7,update,1110
gid://shopify/Product/15850275537221,AUTRUCHE,gid://shopify/ProductVariant/57844733444421,1156.9,541.99,462.7,update,1110
gid://shopify/Product/15850275537221,AUTRUCHE,gid://shopify/ProductVariant/57844733477189,1156.9,589.99,462.7,update,1110
gid://shopify/Product/15850275537221,AUTRUCHE,gid://shopify/ProductVariant/57844733509957,1156.9,573.99,462.7,update,1110
gid://shopify/Product/15850275537221,AUTRUCHE,gid://shopify/ProductVariant/57844733542725,1156.9,558.99,462.7,update,1110
gid://shopify/Product/15850275537221,AUTRUCHE,gid://shopify/ProductVariant/57844733575493,1156.9,572.99,462.7,update,1110
gid://shopify/Product/15850275537221,AUTRUCHE,gid://shopify/ProductVariant/57844733608261,1156.9,531.99,462.7,update,1110
gid://shopify/Product/15850275537221,AUTRUCHE,gid://shopify/ProductVariant/57844733641029,1156.9,543.99,462.7,update,1110
gid://shopify/Product/15850275537221,AUTRUCHE,gid://shopify/ProductVariant/57844733673797,1156.9,566.99,462.7,update,1110
gid://shopify/Product/15850275537221,AUTRUCHE,gid://shopify/ProductVariant/57844733706565,1156.9,550.99,462.7,update,1110
gid://shopify/Product/15850275537221,AUTRUCHE,gid://shopify/ProductVariant/57844733739333,1156.9,567.99,462.7,update,1110
gid://shopify/Product/15850275537221,AUTRUCHE,gid://shopify/ProductVariant/57844733772101,1156.9,546.99,462.7,update,1110
gid://shopify/Product/15850275569989,MANDARIN,gid://shopify/ProductVariant/57844735312197,591.9,124.99,94.77,update,227
gid://shopify/Product/15850275569989,MANDARIN,gid://shopify/ProductVariant/57844735344965,681.9,140.99,109.33,update,262
gid://shopify/Product/15850275569989,MANDARIN,gid://shopify/ProductVariant/57844735377733,721.9,143.99,115.4,update,277
gid://shopify/Product/15850275569989,MANDARIN,gid://shopify/ProductVariant/57844735410501,774.9,163.99,123.91,update,297
gid://shopify/Product/15850275569989,MANDARIN,gid://shopify/ProductVariant/57844735443269,389.9,87.99,62.56,update,150
gid://shopify/Product/15850275569989,MANDARIN,gid://shopify/ProductVariant/57844735476037,599.9,120.99,96.11,update,231
gid://shopify/Product/15850275569989,MANDARIN,gid://shopify/ProductVariant/57844735508805,599.9,116.99,96.11,update,231
gid://shopify/Product/15850275569989,MANDARIN,gid://shopify/ProductVariant/57844735541573,466.9,102.99,74.71,update,179
gid://shopify/Product/15850275569989,MANDARIN,gid://shopify/ProductVariant/57844735574341,521.9,107.99,83.4,update,200
gid://shopify/Product/15850275569989,MANDARIN,gid://shopify/ProductVariant/57844735607109,799.9,160.99,128.14,update,308
gid://shopify/Product/15850275569989,MANDARIN,gid://shopify/ProductVariant/57844735639877,319.9,158.99,128.14,update,308
gid://shopify/Product/15850275569989,MANDARIN,gid://shopify/ProductVariant/57844735672645,248.9,121.99,99.61,update,239
gid://shopify/Product/15850275569989,MANDARIN,gid://shopify/ProductVariant/57844735705413,287.9,143.99,115.0,update,276
gid://shopify/Product/15850275569989,MANDARIN,gid://shopify/ProductVariant/57844735738181,287.9,139.99,115.0,update,276
gid://shopify/Product/15850275569989,MANDARIN,gid://shopify/ProductVariant/57844735770949,248.9,123.99,99.61,update,239
gid://shopify/Product/15850275569989,MANDARIN,gid://shopify/ProductVariant/57844735803717,208.9,114.99,83.4,update,200
gid://shopify/Product/15850275569989,MANDARIN,gid://shopify/ProductVariant/57844735836485,287.9,153.99,115.0,update,276
gid://shopify/Product/15850275569989,MANDARIN,gid://shopify/ProductVariant/57844735869253,287.9,145.99,115.0,update,276
gid://shopify/Product/15850275569989,MANDARIN,gid://shopify/ProductVariant/57844735902021,248.9,126.99,99.61,update,239
gid://shopify/Product/15850275569989,MANDARIN,gid://shopify/ProductVariant/57844735934789,208.9,108.99,83.4,update,200
gid://shopify/Product/15850275569989,MANDARIN,gid://shopify/ProductVariant/57844735967557,236.9,122.99,94.77,update,227
gid://shopify/Product/15850275569989,MANDARIN,gid://shopify/ProductVariant/57844736000325,272.9,145.99,109.33,update,262
gid://shopify/Product/15850275569989,MANDARIN,gid://shopify/ProductVariant/57844736033093,288.9,141.99,115.4,update,277
gid://shopify/Product/15850275569989,MANDARIN,gid://shopify/ProductVariant/57844736065861,309.9,151.99,123.91,update,297
gid://shopify/Product/15850275569989,MANDARIN,gid://shopify/ProductVariant/57844736098629,236.9,118.99,94.77,update,227
gid://shopify/Product/15850275569989,MANDARIN,gid://shopify/ProductVariant/57844736131397,272.9,146.99,109.33,update,262
gid://shopify/Product/15850275569989,MANDARIN,gid://shopify/ProductVariant/57844736164165,288.9,156.99,115.4,update,277
gid://shopify/Product/15850275569989,MANDARIN,gid://shopify/ProductVariant/57844736196933,309.9,157.99,123.91,update,297
gid://shopify/Product/15850275569989,MANDARIN,gid://shopify/ProductVariant/57844736229701,208.9,113.99,83.4,update,200
gid://shopify/Product/15850275569989,MANDARIN,gid://shopify/ProductVariant/57844736262469,319.9,160.99,128.14,update,308
gid://shopify/Product/15850275569989,MANDARIN,gid://shopify/ProductVariant/57844736295237,319.9,167.99,128.14,update,308
gid://shopify/Product/15850275569989,MANDARIN,gid://shopify/ProductVariant/57844736328005,248.9,123.99,99.61,update,239
gid://shopify/Product/15850275569989,MANDARIN,gid://shopify/ProductVariant/57844736360773,147.9,84.99,59.22,update,142
gid://shopify/Product/15850275569989,MANDARIN,gid://shopify/ProductVariant/57844736393541,170.9,93.99,68.33,update,164
gid://shopify/Product/15850275569989,MANDARIN,gid://shopify/ProductVariant/57844736426309,179.9,94.99,72.13,update,173
gid://shopify/Product/15850275569989,MANDARIN,gid://shopify/ProductVariant/57844736459077,193.9,103.99,77.44,update,186
gid://shopify/Product/15850275569989,MANDARIN,gid://shopify/ProductVariant/57844736491845,129.9,66.99,52.12,update,125
gid://shopify/Product/15850275569989,MANDARIN,gid://shopify/ProductVariant/57844736524613,199.9,97.99,80.08,update,192
gid://shopify/Product/15850275569989,MANDARIN,gid://shopify/ProductVariant/57844736557381,199.9,100.99,80.08,update,192
gid://shopify/Product/15850275569989,MANDARIN,gid://shopify/ProductVariant/57844736590149,155.9,88.99,62.26,update,149
gid://shopify/Product/15850275569989,MANDARIN,gid://shopify/ProductVariant/57844736622917,179.9,100.99,71.88,update,173
gid://shopify/Product/15850275569989,MANDARIN,gid://shopify/ProductVariant/57844736655685,179.9,102.99,71.88,update,173
gid://shopify/Product/15850275569989,MANDARIN,gid://shopify/ProductVariant/57844736688453,155.9,87.99,62.26,update,149
gid://shopify/Product/15850275569989,MANDARIN,gid://shopify/ProductVariant/57844736721221,129.9,72.99,52.12,update,125
gid://shopify/Product/15850275569989,MANDARIN,gid://shopify/ProductVariant/57844736753989,215.9,112.99,86.25,update,207
gid://shopify/Product/15850275569989,MANDARIN,gid://shopify/ProductVariant/57844736786757,215.9,113.99,86.25,update,207
gid://shopify/Product/15850275569989,MANDARIN,gid://shopify/ProductVariant/57844736819525,186.9,106.99,74.71,update,179
gid://shopify/Product/15850275569989,MANDARIN,gid://shopify/ProductVariant/57844736852293,155.9,85.99,62.56,update,150
gid://shopify/Product/15850275569989,MANDARIN,gid://shopify/ProductVariant/57844736885061,177.9,99.99,71.07,update,171
gid://shopify/Product/15850275569989,MANDARIN,gid://shopify/ProductVariant/57844736917829,204.9,108.99,81.99,update,197
gid://shopify/Product/15850275569989,MANDARIN,gid://shopify/ProductVariant/57844736950597,215.9,117.99,86.56,update,208
gid://shopify/Product/15850275569989,MANDARIN,gid://shopify/ProductVariant/57844736983365,231.9,119.99,92.93,update,223
gid://shopify/Product/15850275569989,MANDARIN,gid://shopify/ProductVariant/57844737016133,208.9,106.99,83.4,update,200
gid://shopify/Product/15850275569989,MANDARIN,gid://shopify/ProductVariant/57844737048901,319.9,167.99,128.14,update,308
gid://shopify/Product/15850275569989,MANDARIN,gid://shopify/ProductVariant/57844737081669,319.9,155.99,128.14,update,308
gid://shopify/Product/15850275569989,MANDARIN,gid://shopify/ProductVariant/57844737114437,248.9,122.99,99.61,update,239
gid://shopify/Product/15850275569989,MANDARIN,gid://shopify/ProductVariant/57844737147205,287.9,140.99,115.0,update,276
gid://shopify/Product/15850275569989,MANDARIN,gid://shopify/ProductVariant/57844737179973,287.9,150.99,115.0,update,276
gid://shopify/Product/15850275569989,MANDARIN,gid://shopify/ProductVariant/57844737212741,248.9,136.99,99.61,update,239
gid://shopify/Product/15850275569989,MANDARIN,gid://shopify/ProductVariant/57844737245509,208.9,109.99,83.4,update,200
gid://shopify/Product/15850275569989,MANDARIN,gid://shopify/ProductVariant/57844737278277,287.9,143.99,115.0,update,276
gid://shopify/Product/15850275569989,MANDARIN,gid://shopify/ProductVariant/57844737311045,287.9,145.99,115.0,update,276
gid://shopify/Product/15850275569989,MANDARIN,gid://shopify/ProductVariant/57844737343813,248.9,135.99,99.61,update,239
gid://shopify/Product/15850275569989,MANDARIN,gid://shopify/ProductVariant/57844737376581,208.9,107.99,83.4,update,200
gid://shopify/Product/15850275569989,MANDARIN,gid://shopify/ProductVariant/57844737409349,236.9,114.99,94.77,update,227
gid://shopify/Product/15850275569989,MANDARIN,gid://shopify/ProductVariant/57844737442117,272.9,146.99,109.33,update,262
gid://shopify/Product/15850275569989,MANDARIN,gid://shopify/ProductVariant/57844737474885,288.9,144.99,115.4,update,277
gid://shopify/Product/15850275569989,MANDARIN,gid://shopify/ProductVariant/57844737507653,309.9,152.99,123.91,update,297
gid://shopify/Product/15850275569989,MANDARIN,gid://shopify/ProductVariant/57844737540421,208.9,109.99,83.4,update,200
gid://shopify/Product/15850275569989,MANDARIN,gid://shopify/ProductVariant/57844737573189,319.9,172.99,128.14,update,308
gid://shopify/Product/15850275569989,MANDARIN,gid://shopify/ProductVariant/57844737605957,319.9,156.99,128.14,update,308
gid://shopify/Product/15850275569989,MANDARIN,gid://shopify/ProductVariant/57844737638725,248.9,135.99,99.61,update,239
gid://shopify/Product/15850275635525,AQUARELLE,gid://shopify/ProductVariant/57844733870405,232.9,47.99,37.13,update,89
gid://shopify/Product/15850275635525,AQUARELLE,gid://shopify/ProductVariant/57844733903173,232.9,47.99,37.13,update,89
gid://shopify/Product/15850275635525,AQUARELLE,gid://shopify/ProductVariant/57844733935941,232.9,49.99,37.13,update,89
gid://shopify/Product/15850275635525,AQUARELLE,gid://shopify/ProductVariant/57844733968709,232.9,48.99,37.13,update,89
gid://shopify/Product/15850275635525,AQUARELLE,gid://shopify/ProductVariant/57844734001477,232.9,50.99,37.13,update,89
gid://shopify/Product/15850275635525,AQUARELLE,gid://shopify/ProductVariant/57844734034245,231.9,50.99,37.13,update,89
gid://shopify/Product/15850275635525,AQUARELLE,gid://shopify/ProductVariant/57844734067013,231.9,50.99,37.13,update,89
gid://shopify/Product/15850275635525,AQUARELLE,gid://shopify/ProductVariant/57844734099781,231.9,47.99,37.13,update,89
gid://shopify/Product/15850275635525,AQUARELLE,gid://shopify/ProductVariant/57844734132549,231.9,52.99,37.13,update,89
gid://shopify/Product/15850275635525,AQUARELLE,gid://shopify/ProductVariant/57844734165317,231.9,46.99,37.13,update,89
gid://shopify/Product/15850275635525,AQUARELLE,gid://shopify/ProductVariant/57844734198085,92.9,47.99,37.13,update,89
gid://shopify/Product/15850275635525,AQUARELLE,gid://shopify/ProductVariant/57844734230853,92.9,47.99,37.13,update,89
gid://shopify/Product/15850275635525,AQUARELLE,gid://shopify/ProductVariant/57844734263621,92.9,52.99,37.13,update,89
gid://shopify/Product/15850275635525,AQUARELLE,gid://shopify/ProductVariant/57844734296389,63.9,35.99,25.61,update,61
gid://shopify/Product/15850275668293,PENDULE,gid://shopify/ProductVariant/57844734329157,359.9,75.99,57.77,update,139
gid://shopify/Product/15850275668293,PENDULE,gid://shopify/ProductVariant/57844734361925,359.9,79.99,57.77,update,139
gid://shopify/Product/15850275668293,PENDULE,gid://shopify/ProductVariant/57844734394693,106.9,24.99,17.29,update,41
gid://shopify/Product/15850275668293,PENDULE,gid://shopify/ProductVariant/57844734427461,106.9,23.99,17.29,update,41
gid://shopify/Product/15850275668293,PENDULE,gid://shopify/ProductVariant/57844734460229,189.9,41.99,30.3,update,73
gid://shopify/Product/15850275668293,PENDULE,gid://shopify/ProductVariant/57844734492997,189.9,40.99,30.3,update,73
gid://shopify/Product/15850275668293,PENDULE,gid://shopify/ProductVariant/57844734525765,189.9,39.99,30.3,update,73
gid://shopify/Product/15850275668293,PENDULE,gid://shopify/ProductVariant/57844734558533,359.9,78.99,57.77,update,139
gid://shopify/Product/15850275668293,PENDULE,gid://shopify/ProductVariant/57844734591301,391.9,81.99,62.67,update,150
gid://shopify/Product/15850275668293,PENDULE,gid://shopify/ProductVariant/57844734624069,99.9,21.99,15.94,update,38
gid://shopify/Product/15850275668293,PENDULE,gid://shopify/ProductVariant/57844734656837,156.9,82.99,62.67,update,150
gid://shopify/Product/15850275668293,PENDULE,gid://shopify/ProductVariant/57844734689605,39.9,22.99,15.94,update,38
gid://shopify/Product/15850275668293,PENDULE,gid://shopify/ProductVariant/57844734722373,156.9,87.99,62.67,update,150
gid://shopify/Product/15850275668293,PENDULE,gid://shopify/ProductVariant/57844734755141,39.9,23.99,15.94,update,38
gid://shopify/Product/15850275668293,PENDULE,gid://shopify/ProductVariant/57844734787909,42.9,24.99,17.29,update,41
gid://shopify/Product/15850275668293,PENDULE,gid://shopify/ProductVariant/57844734820677,81.9,45.99,32.83,update,79
gid://shopify/Product/15850275668293,PENDULE,gid://shopify/ProductVariant/57844734853445,81.9,43.99,32.83,update,79
gid://shopify/Product/15850275668293,PENDULE,gid://shopify/ProductVariant/57844734886213,81.9,44.99,32.83,update,79
gid://shopify/Product/15850275799365,TISSAGE,gid://shopify/ProductVariant/57844742390085,611.9,127.99,98.1,update,235
gid://shopify/Product/15850275799365,TISSAGE,gid://shopify/ProductVariant/57844742422853,576.9,114.99,92.23,update,221
gid://shopify/Product/15850275799365,TISSAGE,gid://shopify/ProductVariant/57844742455621,576.9,121.99,92.23,update,221
gid://shopify/Product/15850275799365,TISSAGE,gid://shopify/ProductVariant/57844742488389,576.9,116.99,92.23,update,221
gid://shopify/Product/15850275799365,TISSAGE,gid://shopify/ProductVariant/57844742521157,851.9,179.99,136.29,update,327
gid://shopify/Product/15850275799365,TISSAGE,gid://shopify/ProductVariant/57844742553925,814.9,175.99,130.42,update,313
gid://shopify/Product/15850275799365,TISSAGE,gid://shopify/ProductVariant/57844742586693,814.9,168.99,130.42,update,313
gid://shopify/Product/15850275799365,TISSAGE,gid://shopify/ProductVariant/57844742619461,814.9,165.99,130.42,update,313
gid://shopify/Product/15850275799365,TISSAGE,gid://shopify/ProductVariant/57844742652229,611.9,132.99,98.1,update,235
gid://shopify/Product/15850275799365,TISSAGE,gid://shopify/ProductVariant/57844742684997,576.9,119.99,92.23,update,221
gid://shopify/Product/15850275799365,TISSAGE,gid://shopify/ProductVariant/57844742717765,230.9,116.99,92.23,update,221
gid://shopify/Product/15850275799365,TISSAGE,gid://shopify/ProductVariant/57844742750533,230.9,124.99,92.23,update,221
gid://shopify/Product/15850275799365,TISSAGE,gid://shopify/ProductVariant/57844742783301,340.9,175.99,136.29,update,327
gid://shopify/Product/15850275799365,TISSAGE,gid://shopify/ProductVariant/57844742816069,325.9,168.99,130.42,update,313
gid://shopify/Product/15850275799365,TISSAGE,gid://shopify/ProductVariant/57844742848837,325.9,170.99,130.42,update,313
gid://shopify/Product/15850275799365,TISSAGE,gid://shopify/ProductVariant/57844742881605,325.9,168.99,130.42,update,313
gid://shopify/Product/15850275799365,TISSAGE,gid://shopify/ProductVariant/57844742914373,244.9,120.99,98.1,update,235
gid://shopify/Product/15850275799365,TISSAGE,gid://shopify/ProductVariant/57844742947141,230.9,113.99,92.23,update,221
gid://shopify/Product/15850275799365,TISSAGE,gid://shopify/ProductVariant/57844742979909,230.9,112.99,92.23,update,221
gid://shopify/Product/15850275799365,TISSAGE,gid://shopify/ProductVariant/57844743012677,230.9,121.99,92.23,update,221
gid://shopify/Product/15850275799365,TISSAGE,gid://shopify/ProductVariant/57844743045445,340.9,169.99,136.29,update,327
gid://shopify/Product/15850275799365,TISSAGE,gid://shopify/ProductVariant/57844743078213,325.9,162.99,130.42,update,313
gid://shopify/Product/15850275799365,TISSAGE,gid://shopify/ProductVariant/57844743110981,325.9,165.99,130.42,update,313
gid://shopify/Product/15850275799365,TISSAGE,gid://shopify/ProductVariant/57844743143749,325.9,173.99,130.42,update,313
gid://shopify/Product/15850275799365,TISSAGE,gid://shopify/ProductVariant/57844743176517,244.9,120.99,98.1,update,235
gid://shopify/Product/15850275799365,TISSAGE,gid://shopify/ProductVariant/57844743209285,230.9,114.99,92.23,update,221
gid://shopify/Product/15850275799365,TISSAGE,gid://shopify/ProductVariant/57844743242053,230.9,123.99,92.23,update,221
gid://shopify/Product/15850275799365,TISSAGE,gid://shopify/ProductVariant/57844743274821,230.9,122.99,92.23,update,221
gid://shopify/Product/15850275799365,TISSAGE,gid://shopify/ProductVariant/57844743307589,340.9,175.99,136.29,update,327
gid://shopify/Product/15850275799365,TISSAGE,gid://shopify/ProductVariant/57844743340357,325.9,168.99,130.42,update,313
gid://shopify/Product/15850275799365,TISSAGE,gid://shopify/ProductVariant/57844743373125,325.9,162.99,130.42,update,313
gid://shopify/Product/15850275799365,TISSAGE,gid://shopify/ProductVariant/57844743405893,325.9,161.99,130.42,update,313
gid://shopify/Product/15850275832133,ETOILE,gid://shopify/ProductVariant/57844741472581,959.9,190.99,153.46,update,368
gid://shopify/Product/15850275832133,ETOILE,gid://shopify/ProductVariant/57844741505349,959.9,198.99,153.46,update,368
gid://shopify/Product/15850275832133,ETOILE,gid://shopify/ProductVariant/57844741538117,959.9,197.99,153.46,update,368
gid://shopify/Product/15850275832133,ETOILE,gid://shopify/ProductVariant/57844741570885,976.9,194.99,156.25,update,375
gid://shopify/Product/15850275832133,ETOILE,gid://shopify/ProductVariant/57844741603653,976.9,213.99,156.25,update,375
gid://shopify/Product/15850275832133,ETOILE,gid://shopify/ProductVariant/57844741636421,959.9,202.99,153.46,update,368
gid://shopify/Product/15850275832133,ETOILE,gid://shopify/ProductVariant/57844741669189,1131.9,248.99,181.35,update,435
gid://shopify/Product/15850275832133,ETOILE,gid://shopify/ProductVariant/57844741701957,1131.9,241.99,181.35,update,435
gid://shopify/Product/15850275832133,ETOILE,gid://shopify/ProductVariant/57844741734725,766.9,158.99,122.76,update,295
gid://shopify/Product/15850275832133,ETOILE,gid://shopify/ProductVariant/57844741767493,766.9,155.99,122.76,update,295
gid://shopify/Product/15850275832133,ETOILE,gid://shopify/ProductVariant/57844741800261,306.9,153.99,122.76,update,295
gid://shopify/Product/15850275832133,ETOILE,gid://shopify/ProductVariant/57844741833029,306.9,158.99,122.76,update,295
gid://shopify/Product/15850275832133,ETOILE,gid://shopify/ProductVariant/57844741865797,390.9,191.99,156.25,update,375
gid://shopify/Product/15850275832133,ETOILE,gid://shopify/ProductVariant/57844741898565,404.9,205.99,161.83,update,388
gid://shopify/Product/15850275832133,ETOILE,gid://shopify/ProductVariant/57844741931333,404.9,197.99,161.83,update,388
gid://shopify/Product/15850275832133,ETOILE,gid://shopify/ProductVariant/57844741964101,404.9,201.99,161.83,update,388
gid://shopify/Product/15850275832133,ETOILE,gid://shopify/ProductVariant/57844741996869,390.9,212.99,156.25,update,375
gid://shopify/Product/15850275832133,ETOILE,gid://shopify/ProductVariant/57844742029637,404.9,205.99,161.83,update,388
gid://shopify/Product/15850275832133,ETOILE,gid://shopify/ProductVariant/57844742062405,522.9,252.99,209.26,update,502
gid://shopify/Product/15850275832133,ETOILE,gid://shopify/ProductVariant/57844742095173,522.9,252.99,209.26,update,502
gid://shopify/Product/15850275832133,ETOILE,gid://shopify/ProductVariant/57844742127941,522.9,240.99,209.26,update,502
gid://shopify/Product/15850275832133,ETOILE,gid://shopify/ProductVariant/57844742160709,522.9,266.99,209.26,update,502
gid://shopify/Product/15850275832133,ETOILE,gid://shopify/ProductVariant/57844742193477,452.9,229.99,181.35,update,435
gid://shopify/Product/15850275832133,ETOILE,gid://shopify/ProductVariant/57844742226245,452.9,240.99,181.35,update,435
gid://shopify/Product/15850275832133,ETOILE,gid://shopify/ProductVariant/57844742259013,418.9,217.99,167.4,update,402
gid://shopify/Product/15850275832133,ETOILE,gid://shopify/ProductVariant/57844742291781,418.9,225.99,167.4,update,402
gid://shopify/Product/15850275832133,ETOILE,gid://shopify/ProductVariant/57844742324549,418.9,225.99,167.4,update,402
gid://shopify/Product/15850275832133,ETOILE,gid://shopify/ProductVariant/57844742357317,418.9,210.99,167.4,update,402
gid://shopify/Product/15850276061509,CARRE,gid://shopify/ProductVariant/57844745830725,484.9,100.99,77.67,update,186
gid://shopify/Product/15850276061509,CARRE,gid://shopify/ProductVariant/57844745863493,484.9,101.99,77.67,update,186
gid://shopify/Product/15850276061509,CARRE,gid://shopify/ProductVariant/57844745896261,642.9,138.99,102.98,update,247
gid://shopify/Product/15850276061509,CARRE,gid://shopify/ProductVariant/57844745929029,484.9,100.99,77.67,update,186
gid://shopify/Product/15850276061509,CARRE,gid://shopify/ProductVariant/57844745961797,642.9,127.99,102.98,update,247
gid://shopify/Product/15850276061509,CARRE,gid://shopify/ProductVariant/57844745994565,484.9,108.99,77.67,update,186
gid://shopify/Product/15850276061509,CARRE,gid://shopify/ProductVariant/57844746027333,709.9,153.99,113.79,update,273
gid://shopify/Product/15850276061509,CARRE,gid://shopify/ProductVariant/57844746060101,551.9,119.99,88.49,update,212
gid://shopify/Product/15850276061509,CARRE,gid://shopify/ProductVariant/57844746092869,641.9,139.99,102.98,update,247
gid://shopify/Product/15850276061509,CARRE,gid://shopify/ProductVariant/57844746125637,484.9,111.99,77.67,update,186
gid://shopify/Product/15850276061509,CARRE,gid://shopify/ProductVariant/57844746158405,256.9,132.99,102.98,update,247
gid://shopify/Product/15850276061509,CARRE,gid://shopify/ProductVariant/57844746191173,193.9,105.99,77.67,update,186
gid://shopify/Product/15850276061509,CARRE,gid://shopify/ProductVariant/57844746223941,256.9,129.99,102.98,update,247
gid://shopify/Product/15850276061509,CARRE,gid://shopify/ProductVariant/57844746256709,283.9,139.99,113.79,update,273
gid://shopify/Product/15850276061509,CARRE,gid://shopify/ProductVariant/57844746289477,220.9,108.99,88.49,update,212
gid://shopify/Product/15850276061509,CARRE,gid://shopify/ProductVariant/57844746322245,256.9,136.99,102.98,update,247
gid://shopify/Product/15850276192581,FILET,gid://shopify/ProductVariant/57844747469125,306.9,67.99,49.02,update,118
gid://shopify/Product/15850276192581,FILET,gid://shopify/ProductVariant/57844747501893,216.9,46.99,34.75,update,83
gid://shopify/Product/15850277273925,MARMO,gid://shopify/ProductVariant/57844751958341,874.9,190.99,140.07,update,336
gid://shopify/Product/15850277273925,MARMO,gid://shopify/ProductVariant/57844751991109,874.9,172.99,140.07,update,336
gid://shopify/Product/15850277273925,MARMO,gid://shopify/ProductVariant/57844752023877,749.9,160.99,120.17,update,288
gid://shopify/Product/15850277273925,MARMO,gid://shopify/ProductVariant/57844752056645,749.9,151.99,120.17,update,288
gid://shopify/Product/15850277306693,HALO CIRCLE,gid://shopify/ProductVariant/57844752318789,486.9,110.99,77.89,update,187
gid://shopify/Product/15850277306693,HALO CIRCLE,gid://shopify/ProductVariant/57844752351557,454.9,99.99,72.85,update,175
gid://shopify/Product/15850277306693,HALO CIRCLE,gid://shopify/ProductVariant/57844752384325,454.9,99.99,72.85,update,175
gid://shopify/Product/15850277306693,HALO CIRCLE,gid://shopify/ProductVariant/57844752417093,454.9,104.99,72.85,update,175
gid://shopify/Product/15850277306693,HALO CIRCLE,gid://shopify/ProductVariant/57844752449861,309.9,68.99,49.55,update,119
gid://shopify/Product/15850277306693,HALO CIRCLE,gid://shopify/ProductVariant/57844752482629,256.9,53.99,41.15,update,99
gid://shopify/Product/15850277306693,HALO CIRCLE,gid://shopify/ProductVariant/57844752515397,224.9,50.99,36.11,update,87
gid://shopify/Product/15850277306693,HALO CIRCLE,gid://shopify/ProductVariant/57844752548165,224.9,51.99,36.11,update,87
gid://shopify/Product/15850277306693,HALO CIRCLE,gid://shopify/ProductVariant/57844752580933,241.9,50.99,38.62,update,93
gid://shopify/Product/15850277306693,HALO CIRCLE,gid://shopify/ProductVariant/57844752613701,241.9,51.99,38.62,update,93
gid://shopify/Product/15850277306693,HALO CIRCLE,gid://shopify/ProductVariant/57844752646469,479.9,242.99,192.16,update,461
gid://shopify/Product/15850277306693,HALO CIRCLE,gid://shopify/ProductVariant/57844752679237,458.9,249.99,183.76,update,441
gid://shopify/Product/15850277306693,HALO CIRCLE,gid://shopify/ProductVariant/57844752712005,437.9,235.99,175.35,update,421
gid://shopify/Product/15850277306693,HALO CIRCLE,gid://shopify/ProductVariant/57844752744773,437.9,223.99,175.35,update,421
gid://shopify/Product/15850277306693,HALO CIRCLE,gid://shopify/ProductVariant/57844752777541,437.9,235.99,175.35,update,421
gid://shopify/Product/15850277306693,HALO CIRCLE,gid://shopify/ProductVariant/57844752810309,215.9,110.99,86.29,update,207
gid://shopify/Product/15850277306693,HALO CIRCLE,gid://shopify/ProductVariant/57844752843077,366.9,179.99,146.79,update,352
gid://shopify/Product/15850277306693,HALO CIRCLE,gid://shopify/ProductVariant/57844752875845,301.9,163.99,120.74,update,290
gid://shopify/Product/15850277306693,HALO CIRCLE,gid://shopify/ProductVariant/57844752908613,280.9,139.99,112.33,update,270
gid://shopify/Product/15850277306693,HALO CIRCLE,gid://shopify/ProductVariant/57844752941381,280.9,145.99,112.33,update,270
gid://shopify/Product/15850277306693,HALO CIRCLE,gid://shopify/ProductVariant/57844752974149,280.9,153.99,112.33,update,270
gid://shopify/Product/15850277306693,HALO CIRCLE,gid://shopify/ProductVariant/57844753006917,129.9,67.99,52.08,update,125
gid://shopify/Product/15850277306693,HALO CIRCLE,gid://shopify/ProductVariant/57844753039685,108.9,61.99,43.67,update,105
gid://shopify/Product/15850277306693,HALO CIRCLE,gid://shopify/ProductVariant/57844753072453,96.9,51.99,38.62,update,93
gid://shopify/Product/15850277306693,HALO CIRCLE,gid://shopify/ProductVariant/57844753105221,206.9,100.99,82.76,update,199
gid://shopify/Product/15850277306693,HALO CIRCLE,gid://shopify/ProductVariant/57844753137989,206.9,100.99,82.76,update,199
gid://shopify/Product/15850277306693,HALO CIRCLE,gid://shopify/ProductVariant/57844753170757,206.9,108.99,82.76,update,199
gid://shopify/Product/15850277306693,HALO CIRCLE,gid://shopify/ProductVariant/57844753203525,479.9,257.99,192.16,update,461
gid://shopify/Product/15850277306693,HALO CIRCLE,gid://shopify/ProductVariant/57844753236293,458.9,248.99,183.76,update,441
gid://shopify/Product/15850277306693,HALO CIRCLE,gid://shopify/ProductVariant/57844753269061,437.9,224.99,175.35,update,421
gid://shopify/Product/15850277306693,HALO CIRCLE,gid://shopify/ProductVariant/57844753301829,437.9,215.99,175.35,update,421
gid://shopify/Product/15850277306693,HALO CIRCLE,gid://shopify/ProductVariant/57844753334597,437.9,228.99,175.35,update,421
gid://shopify/Product/15850277306693,HALO CIRCLE,gid://shopify/ProductVariant/57844753367365,89.9,49.99,36.11,update,87
gid://shopify/Product/15850277306693,HALO CIRCLE,gid://shopify/ProductVariant/57844753400133,241.9,132.99,96.88,update,233
gid://shopify/Product/15850277306693,HALO CIRCLE,gid://shopify/ProductVariant/57844753432901,244.9,130.99,98.06,update,235
gid://shopify/Product/15850277306693,HALO CIRCLE,gid://shopify/ProductVariant/57844753465669,221.9,116.99,88.64,update,213
gid://shopify/Product/15850277306693,HALO CIRCLE,gid://shopify/ProductVariant/57844753498437,206.9,112.99,82.76,update,199
gid://shopify/Product/15850277306693,HALO CIRCLE,gid://shopify/ProductVariant/57844753531205,206.9,109.99,82.76,update,199
gid://shopify/Product/15850277306693,HALO CIRCLE,gid://shopify/ProductVariant/57844753563973,206.9,102.99,82.76,update,199
gid://shopify/Product/15850277306693,HALO CIRCLE,gid://shopify/ProductVariant/57844753596741,244.9,125.99,98.06,update,235
gid://shopify/Product/15850277306693,HALO CIRCLE,gid://shopify/ProductVariant/57844753629509,221.9,111.99,88.64,update,213
gid://shopify/Product/15850277306693,HALO CIRCLE,gid://shopify/ProductVariant/57844753662277,271.9,133.99,108.64,update,261
gid://shopify/Product/15850277306693,HALO CIRCLE,gid://shopify/ProductVariant/57844753695045,241.9,118.99,96.88,update,233
gid://shopify/Product/15850277306693,HALO CIRCLE,gid://shopify/ProductVariant/57844753727813,241.9,129.99,96.88,update,233
gid://shopify/Product/15850277306693,HALO CIRCLE,gid://shopify/ProductVariant/57844753760581,241.9,125.99,96.88,update,233
gid://shopify/Product/15850277306693,HALO CIRCLE,gid://shopify/ProductVariant/57844753793349,304.9,159.99,122.09,update,293
gid://shopify/Product/15850277306693,HALO CIRCLE,gid://shopify/ProductVariant/57844753826117,271.9,135.99,108.64,update,261
gid://shopify/Product/15850277306693,HALO CIRCLE,gid://shopify/ProductVariant/57844753858885,241.9,121.99,96.88,update,233
gid://shopify/Product/15850277306693,HALO CIRCLE,gid://shopify/ProductVariant/57844753891653,241.9,123.99,96.88,update,233
gid://shopify/Product/15850277306693,HALO CIRCLE,gid://shopify/ProductVariant/57844753924421,280.9,147.99,112.33,update,270
gid://shopify/Product/15850277306693,HALO CIRCLE,gid://shopify/ProductVariant/57844753957189,280.9,143.99,112.33,update,270
gid://shopify/Product/15850277306693,HALO CIRCLE,gid://shopify/ProductVariant/57844753989957,215.9,104.99,86.29,update,207
gid://shopify/Product/15850277306693,HALO CIRCLE,gid://shopify/ProductVariant/57844754022725,194.9,107.99,77.89,update,187
gid://shopify/Product/15850277306693,HALO CIRCLE,gid://shopify/ProductVariant/57844754055493,181.9,98.99,72.85,update,175
gid://shopify/Product/15850277306693,HALO CIRCLE,gid://shopify/ProductVariant/57844754088261,181.9,100.99,72.85,update,175
gid://shopify/Product/15850277306693,HALO CIRCLE,gid://shopify/ProductVariant/57844754121029,181.9,99.99,72.85,update,175
gid://shopify/Product/15850277306693,HALO CIRCLE,gid://shopify/ProductVariant/57844754153797,304.9,162.99,122.09,update,293
gid://shopify/Product/15850277306693,HALO CIRCLE,gid://shopify/ProductVariant/57844754186565,366.9,191.99,146.79,update,352
gid://shopify/Product/15850277306693,HALO CIRCLE,gid://shopify/ProductVariant/57844754219333,301.9,159.99,120.74,update,290
gid://shopify/Product/15850277306693,HALO CIRCLE,gid://shopify/ProductVariant/57844754252101,280.9,137.99,112.33,update,270
gid://shopify/Product/15850277339461,CIRRUS,gid://shopify/ProductVariant/57844752220485,242.9,52.99,38.73,update,93
gid://shopify/Product/15850277339461,CIRRUS,gid://shopify/ProductVariant/57844752253253,354.9,75.99,56.78,update,136
gid://shopify/Product/15850277372229,SPIRALE,gid://shopify/ProductVariant/57844754383173,1244.9,263.99,199.33,update,478
gid://shopify/Product/15850277372229,SPIRALE,gid://shopify/ProductVariant/57844754415941,1156.9,239.99,185.3,update,445
gid://shopify/Product/15850277372229,SPIRALE,gid://shopify/ProductVariant/57844754448709,1156.9,242.99,185.3,update,445
gid://shopify/Product/15850277372229,SPIRALE,gid://shopify/ProductVariant/57844754481477,1156.9,235.99,185.3,update,445
gid://shopify/Product/15850277372229,SPIRALE,gid://shopify/ProductVariant/57844754514245,994.9,212.99,159.03,update,382
gid://shopify/Product/15850277372229,SPIRALE,gid://shopify/ProductVariant/57844754547013,904.9,182.99,144.74,update,347
gid://shopify/Product/15850277372229,SPIRALE,gid://shopify/ProductVariant/57844754579781,904.9,180.99,144.74,update,347
gid://shopify/Product/15850277372229,SPIRALE,gid://shopify/ProductVariant/57844754612549,904.9,179.99,144.74,update,347
gid://shopify/Product/15850277372229,SPIRALE,gid://shopify/ProductVariant/57844754645317,1244.9,244.99,199.33,update,478
gid://shopify/Product/15850277372229,SPIRALE,gid://shopify/ProductVariant/57844754678085,1156.9,240.99,185.3,update,445
gid://shopify/Product/15850277372229,SPIRALE,gid://shopify/ProductVariant/57844754710853,462.9,237.99,185.3,update,445
gid://shopify/Product/15850277372229,SPIRALE,gid://shopify/ProductVariant/57844754743621,462.9,240.99,185.3,update,445
gid://shopify/Product/15850277372229,SPIRALE,gid://shopify/ProductVariant/57844754776389,497.9,245.99,199.33,update,478
gid://shopify/Product/15850277372229,SPIRALE,gid://shopify/ProductVariant/57844754809157,462.9,231.99,185.3,update,445
gid://shopify/Product/15850277372229,SPIRALE,gid://shopify/ProductVariant/57844754841925,462.9,231.99,185.3,update,445
gid://shopify/Product/15850277372229,SPIRALE,gid://shopify/ProductVariant/57844754874693,462.9,234.99,185.3,update,445
gid://shopify/Product/15850277372229,SPIRALE,gid://shopify/ProductVariant/57844754907461,397.9,202.99,159.03,update,382
gid://shopify/Product/15850277372229,SPIRALE,gid://shopify/ProductVariant/57844754940229,361.9,180.99,144.74,update,347
gid://shopify/Product/15850277372229,SPIRALE,gid://shopify/ProductVariant/57844754972997,361.9,193.99,144.74,update,347
gid://shopify/Product/15850277372229,SPIRALE,gid://shopify/ProductVariant/57844755005765,361.9,187.99,144.74,update,347
gid://shopify/Product/15850277372229,SPIRALE,gid://shopify/ProductVariant/57844755038533,497.9,273.99,199.33,update,478
gid://shopify/Product/15850277372229,SPIRALE,gid://shopify/ProductVariant/57844755071301,462.9,249.99,185.3,update,445
gid://shopify/Product/15850277372229,SPIRALE,gid://shopify/ProductVariant/57844755104069,462.9,254.99,185.3,update,445
gid://shopify/Product/15850277372229,SPIRALE,gid://shopify/ProductVariant/57844755136837,462.9,225.99,185.3,update,445
gid://shopify/Product/15850277404997,REMPART,gid://shopify/ProductVariant/57844755202373,146.9,31.99,23.56,update,57
gid://shopify/Product/15850277404997,REMPART,gid://shopify/ProductVariant/57844755235141,164.9,39.99,26.56,update,64
gid://shopify/Product/15850277404997,REMPART,gid://shopify/ProductVariant/57844755267909,164.9,38.99,26.56,update,64
gid://shopify/Product/15850277437765,CANDY,gid://shopify/ProductVariant/57844755333445,682.9,137.99,109.07,update,262
gid://shopify/Product/15850277437765,CANDY,gid://shopify/ProductVariant/57844755366213,682.9,145.99,109.07,update,262
gid://shopify/Product/15850277437765,CANDY,gid://shopify/ProductVariant/57844755398981,717.9,139.99,114.96,update,276
gid://shopify/Product/15850277437765,CANDY,gid://shopify/ProductVariant/57844755431749,682.9,146.99,109.07,update,262
gid://shopify/Product/15850277437765,CANDY,gid://shopify/ProductVariant/57844755464517,682.9,133.99,109.07,update,262
gid://shopify/Product/15850277437765,CANDY,gid://shopify/ProductVariant/57844755497285,681.9,147.99,109.07,update,262
gid://shopify/Product/15850277437765,CANDY,gid://shopify/ProductVariant/57844755530053,716.9,152.99,114.96,update,276
gid://shopify/Product/15850277437765,CANDY,gid://shopify/ProductVariant/57844755562821,681.9,147.99,109.07,update,262
gid://shopify/Product/15850277437765,CANDY,gid://shopify/ProductVariant/57844755595589,716.9,152.99,114.96,update,276
gid://shopify/Product/15850277437765,CANDY,gid://shopify/ProductVariant/57844755628357,681.9,141.99,109.07,update,262
gid://shopify/Product/15850277437765,CANDY,gid://shopify/ProductVariant/57844755661125,272.9,136.99,109.07,update,262
gid://shopify/Product/15850277437765,CANDY,gid://shopify/ProductVariant/57844755693893,272.9,145.99,109.07,update,262
gid://shopify/Product/15850277437765,CANDY,gid://shopify/ProductVariant/57844755726661,286.9,153.99,114.96,update,276
gid://shopify/Product/15850277437765,CANDY,gid://shopify/ProductVariant/57844755759429,272.9,137.99,109.07,update,262
gid://shopify/Product/15850277437765,CANDY,gid://shopify/ProductVariant/57844755792197,272.9,143.99,109.07,update,262
gid://shopify/Product/15850277437765,CANDY,gid://shopify/ProductVariant/57844755824965,272.9,148.99,109.07,update,262
gid://shopify/Product/15850277437765,CANDY,gid://shopify/ProductVariant/57844755857733,248.9,126.99,99.64,update,239
gid://shopify/Product/15850277437765,CANDY,gid://shopify/ProductVariant/57844755890501,234.9,127.99,93.83,update,225
gid://shopify/Product/15850277437765,CANDY,gid://shopify/ProductVariant/57844755923269,234.9,128.99,93.83,update,225
gid://shopify/Product/15850277437765,CANDY,gid://shopify/ProductVariant/57844755956037,234.9,118.99,93.83,update,225
gid://shopify/Product/15850277437765,CANDY,gid://shopify/ProductVariant/57844755988805,248.9,129.99,99.64,update,239
gid://shopify/Product/15850277437765,CANDY,gid://shopify/ProductVariant/57844756021573,234.9,113.99,93.83,update,225
gid://shopify/Product/15850277437765,CANDY,gid://shopify/ProductVariant/57844756054341,272.9,136.99,109.07,update,262
gid://shopify/Product/15850277437765,CANDY,gid://shopify/ProductVariant/57844756087109,272.9,142.99,109.07,update,262
gid://shopify/Product/15850277437765,CANDY,gid://shopify/ProductVariant/57844756119877,286.9,153.99,114.96,update,276
gid://shopify/Product/15850277437765,CANDY,gid://shopify/ProductVariant/57844756152645,272.9,147.99,109.07,update,262
gid://shopify/Product/15850277437765,CANDY,gid://shopify/ProductVariant/57844756185413,272.9,146.99,109.07,update,262
gid://shopify/Product/15850277437765,CANDY,gid://shopify/ProductVariant/57844756218181,272.9,147.99,109.07,update,262
gid://shopify/Product/15850277437765,CANDY,gid://shopify/ProductVariant/57844756250949,286.9,152.99,114.96,update,276
gid://shopify/Product/15850277437765,CANDY,gid://shopify/ProductVariant/57844756283717,272.9,143.99,109.07,update,262
gid://shopify/Product/15850277437765,CANDY,gid://shopify/ProductVariant/57844756316485,234.9,124.99,93.83,update,225
gid://shopify/Product/15850277437765,CANDY,gid://shopify/ProductVariant/57844756349253,234.9,121.99,93.83,update,225
gid://shopify/Product/15850277437765,CANDY,gid://shopify/ProductVariant/57844756382021,248.9,130.99,99.64,update,239
gid://shopify/Product/15850277437765,CANDY,gid://shopify/ProductVariant/57844756414789,234.9,125.99,93.83,update,225
gid://shopify/Product/15850277437765,CANDY,gid://shopify/ProductVariant/57844756447557,234.9,127.99,93.83,update,225
gid://shopify/Product/15850277437765,CANDY,gid://shopify/ProductVariant/57844756480325,234.9,117.99,93.83,update,225
gid://shopify/Product/15850277437765,CANDY,gid://shopify/ProductVariant/57844756513093,248.9,123.99,99.64,update,239
gid://shopify/Product/15850277437765,CANDY,gid://shopify/ProductVariant/57844756545861,234.9,123.99,93.83,update,225
gid://shopify/Product/15850277437765,CANDY,gid://shopify/ProductVariant/57844756578629,234.9,116.99,93.83,update,225
gid://shopify/Product/15850277437765,CANDY,gid://shopify/ProductVariant/57844756611397,234.9,116.99,93.83,update,225
gid://shopify/Product/15850277437765,CANDY,gid://shopify/ProductVariant/57844756644165,248.9,128.99,99.64,update,239
gid://shopify/Product/15850277437765,CANDY,gid://shopify/ProductVariant/57844756676933,234.9,119.99,93.83,update,225
gid://shopify/Product/15850277437765,CANDY,gid://shopify/ProductVariant/57844756709701,234.9,119.99,93.83,update,225
gid://shopify/Product/15850277437765,CANDY,gid://shopify/ProductVariant/57844756742469,234.9,121.99,93.83,update,225
gid://shopify/Product/15850277437765,CANDY,gid://shopify/ProductVariant/57844756775237,248.9,122.99,99.64,update,239
gid://shopify/Product/15850277437765,CANDY,gid://shopify/ProductVariant/57844756808005,234.9,122.99,93.83,update,225
gid://shopify/Product/15850277437765,CANDY,gid://shopify/ProductVariant/57844756840773,234.9,117.99,93.83,update,225
gid://shopify/Product/15850277437765,CANDY,gid://shopify/ProductVariant/57844756873541,234.9,118.99,93.83,update,225
gid://shopify/Product/15850277437765,CANDY,gid://shopify/ProductVariant/57844756906309,204.9,108.99,82.13,update,197
gid://shopify/Product/15850277437765,CANDY,gid://shopify/ProductVariant/57844756939077,190.9,98.99,76.23,update,183
gid://shopify/Product/15850277437765,CANDY,gid://shopify/ProductVariant/57844756971845,190.9,98.99,76.23,update,183
gid://shopify/Product/15850277437765,CANDY,gid://shopify/ProductVariant/57844757004613,190.9,100.99,76.23,update,183
gid://shopify/Product/15850277470533,MODUL,gid://shopify/ProductVariant/57844757070149,941.9,202.99,150.8,update,362
gid://shopify/Product/15850277470533,MODUL,gid://shopify/ProductVariant/57844757102917,896.9,186.99,143.48,update,344
gid://shopify/Product/15850277470533,MODUL,gid://shopify/ProductVariant/57844757135685,871.9,170.99,139.74,update,335
gid://shopify/Product/15850277470533,MODUL,gid://shopify/ProductVariant/57844757168453,941.9,186.99,150.8,update,362
gid://shopify/Product/15850277470533,MODUL,gid://shopify/ProductVariant/57844757201221,896.9,189.99,143.48,update,344
gid://shopify/Product/15850277470533,MODUL,gid://shopify/ProductVariant/57844757233989,849.9,169.99,136.06,update,327
gid://shopify/Product/15850277470533,MODUL,gid://shopify/ProductVariant/57844757266757,919.9,196.99,147.03,update,353
gid://shopify/Product/15850277470533,MODUL,gid://shopify/ProductVariant/57844757299525,871.9,173.99,139.71,update,335
gid://shopify/Product/15850277470533,MODUL,gid://shopify/ProductVariant/57844757332293,849.9,171.99,136.06,update,327
gid://shopify/Product/15850277470533,MODUL,gid://shopify/ProductVariant/57844757365061,919.9,184.99,147.03,update,353
gid://shopify/Product/15850277470533,MODUL,gid://shopify/ProductVariant/57844757397829,348.9,188.99,139.71,update,335
gid://shopify/Product/15850277470533,MODUL,gid://shopify/ProductVariant/57844757430597,348.9,184.99,139.74,update,335
gid://shopify/Product/15850277503301,PINA,gid://shopify/ProductVariant/57844757496133,79.9,17.99,12.93,update,31
gid://shopify/Product/15850277503301,PINA,gid://shopify/ProductVariant/57844757528901,79.9,17.99,12.93,update,31
gid://shopify/Product/15850277503301,PINA,gid://shopify/ProductVariant/57844757561669,79.9,18.99,12.93,update,31
gid://shopify/Product/15850277503301,PINA,gid://shopify/ProductVariant/57844757594437,79.9,17.99,12.93,update,31
gid://shopify/Product/15850277503301,PINA,gid://shopify/ProductVariant/57844757627205,79.9,18.99,12.93,update,31
gid://shopify/Product/15850277503301,PINA,gid://shopify/ProductVariant/57844757659973,79.9,18.99,12.93,update,31
gid://shopify/Product/15850277503301,PINA,gid://shopify/ProductVariant/57844757692741,79.9,17.99,12.93,update,31
gid://shopify/Product/15850277503301,PINA,gid://shopify/ProductVariant/57844757725509,79.9,18.99,12.93,update,31
gid://shopify/Product/15850277568837,TUBE FLEXIBLE,gid://shopify/ProductVariant/57844758118725,804.9,182.99,140.14,update,336
gid://shopify/Product/15850277568837,TUBE FLEXIBLE,gid://shopify/ProductVariant/57844758151493,804.9,183.99,140.14,update,336
gid://shopify/Product/15850277568837,TUBE FLEXIBLE,gid://shopify/ProductVariant/57844758184261,1726.9,362.99,300.3,update,721
gid://shopify/Product/15850277568837,TUBE FLEXIBLE,gid://shopify/ProductVariant/57844758217029,804.9,184.99,140.14,update,336
gid://shopify/Product/15850277568837,TUBE FLEXIBLE,gid://shopify/ProductVariant/57844758249797,1649.9,355.99,286.94,update,689
gid://shopify/Product/15850277568837,TUBE FLEXIBLE,gid://shopify/ProductVariant/57844758282565,1649.9,333.99,286.94,update,689
gid://shopify/Product/15850277568837,TUBE FLEXIBLE,gid://shopify/ProductVariant/57844758315333,1526.9,330.99,265.62,update,637
gid://shopify/Product/15850277568837,TUBE FLEXIBLE,gid://shopify/ProductVariant/57844758348101,1649.9,337.99,286.94,update,689
gid://shopify/Product/15850277568837,TUBE FLEXIBLE,gid://shopify/ProductVariant/57844758380869,1189.9,246.99,206.94,update,497
gid://shopify/Product/15850277568837,TUBE FLEXIBLE,gid://shopify/ProductVariant/57844758413637,1189.9,259.99,206.94,update,497
gid://shopify/Product/15850277568837,TUBE FLEXIBLE,gid://shopify/ProductVariant/57844758446405,423.9,252.99,184.18,update,442
gid://shopify/Product/15850277568837,TUBE FLEXIBLE,gid://shopify/ProductVariant/57844758479173,475.9,244.99,206.94,update,497
gid://shopify/Product/15850277568837,TUBE FLEXIBLE,gid://shopify/ProductVariant/57844758511941,392.9,221.99,170.84,update,410
gid://shopify/Product/15850277568837,TUBE FLEXIBLE,gid://shopify/ProductVariant/57844758544709,392.9,226.99,170.84,update,410
gid://shopify/Product/15850277568837,TUBE FLEXIBLE,gid://shopify/ProductVariant/57844758577477,352.9,187.99,153.48,update,368
gid://shopify/Product/15850277568837,TUBE FLEXIBLE,gid://shopify/ProductVariant/57844758610245,392.9,211.99,170.84,update,410
gid://shopify/Product/15850277568837,TUBE FLEXIBLE,gid://shopify/ProductVariant/57844758643013,392.9,211.99,170.84,update,410
gid://shopify/Product/15850277568837,TUBE FLEXIBLE,gid://shopify/ProductVariant/57844758675781,392.9,227.99,170.84,update,410
gid://shopify/Product/15850277568837,TUBE FLEXIBLE,gid://shopify/ProductVariant/57844758708549,352.9,203.99,153.48,update,368
gid://shopify/Product/15850277568837,TUBE FLEXIBLE,gid://shopify/ProductVariant/57844758741317,392.9,210.99,170.84,update,410
gid://shopify/Product/15850277568837,TUBE FLEXIBLE,gid://shopify/ProductVariant/57844758774085,321.9,183.99,140.14,update,336
gid://shopify/Product/15850277568837,TUBE FLEXIBLE,gid://shopify/ProductVariant/57844758806853,321.9,174.99,140.14,update,336
gid://shopify/Product/15850277568837,TUBE FLEXIBLE,gid://shopify/ProductVariant/57844758839621,546.9,301.99,237.63,update,570
gid://shopify/Product/15850277568837,TUBE FLEXIBLE,gid://shopify/ProductVariant/57844758872389,321.9,178.99,140.14,update,336
gid://shopify/Product/15850277568837,TUBE FLEXIBLE,gid://shopify/ProductVariant/57844758905157,579.9,304.99,252.27,update,605
gid://shopify/Product/15850277568837,TUBE FLEXIBLE,gid://shopify/ProductVariant/57844758937925,579.9,314.99,252.27,update,605
gid://shopify/Product/15850277568837,TUBE FLEXIBLE,gid://shopify/ProductVariant/57844758970693,506.9,272.99,220.3,update,529
gid://shopify/Product/15850277568837,TUBE FLEXIBLE,gid://shopify/ProductVariant/57844759003461,579.9,292.99,252.27,update,605
gid://shopify/Product/15850277568837,TUBE FLEXIBLE,gid://shopify/ProductVariant/57844759036229,475.9,248.99,206.94,update,497
gid://shopify/Product/15850277568837,TUBE FLEXIBLE,gid://shopify/ProductVariant/57844759068997,475.9,261.99,206.94,update,497
gid://shopify/Product/15850277568837,TUBE FLEXIBLE,gid://shopify/ProductVariant/57844759101765,423.9,248.99,184.18,update,442
gid://shopify/Product/15850277568837,TUBE FLEXIBLE,gid://shopify/ProductVariant/57844759134533,475.9,252.99,206.94,update,497
gid://shopify/Product/15850277568837,TUBE FLEXIBLE,gid://shopify/ProductVariant/57844759167301,637.9,346.99,277.56,update,666
gid://shopify/Product/15850277568837,TUBE FLEXIBLE,gid://shopify/ProductVariant/57844759200069,637.9,334.99,277.56,update,666
gid://shopify/Product/15850277568837,TUBE FLEXIBLE,gid://shopify/ProductVariant/57844759232837,668.9,358.99,290.92,update,698
gid://shopify/Product/15850277568837,TUBE FLEXIBLE,gid://shopify/ProductVariant/57844759265605,637.9,352.99,277.56,update,666
gid://shopify/Product/15850277568837,TUBE FLEXIBLE,gid://shopify/ProductVariant/57844759298373,637.9,323.99,277.56,update,666
gid://shopify/Product/15850277568837,TUBE FLEXIBLE,gid://shopify/ProductVariant/57844759331141,637.9,336.99,277.56,update,666
gid://shopify/Product/15850277568837,TUBE FLEXIBLE,gid://shopify/ProductVariant/57844759363909,546.9,288.99,237.63,update,570
gid://shopify/Product/15850277568837,TUBE FLEXIBLE,gid://shopify/ProductVariant/57844759396677,637.9,319.99,277.56,update,666
gid://shopify/Product/15850277568837,TUBE FLEXIBLE,gid://shopify/ProductVariant/57844759429445,475.9,262.99,206.94,update,497
gid://shopify/Product/15850277568837,TUBE FLEXIBLE,gid://shopify/ProductVariant/57844759462213,475.9,259.99,206.94,update,497
gid://shopify/Product/15850277568837,TUBE FLEXIBLE,gid://shopify/ProductVariant/57844759494981,506.9,266.99,220.3,update,529
gid://shopify/Product/15850277568837,TUBE FLEXIBLE,gid://shopify/ProductVariant/57844759527749,475.9,250.99,206.94,update,497
gid://shopify/Product/15850277568837,TUBE FLEXIBLE,gid://shopify/ProductVariant/57844759560517,475.9,261.99,206.94,update,497
gid://shopify/Product/15850277568837,TUBE FLEXIBLE,gid://shopify/ProductVariant/57844759593285,475.9,241.99,206.94,update,497
gid://shopify/Product/15850277568837,TUBE FLEXIBLE,gid://shopify/ProductVariant/57844759626053,668.9,355.99,290.92,update,698
gid://shopify/Product/15850277568837,TUBE FLEXIBLE,gid://shopify/ProductVariant/57844759658821,475.9,256.99,206.94,update,497
gid://shopify/Product/15850277568837,TUBE FLEXIBLE,gid://shopify/ProductVariant/57844759691589,659.9,333.99,286.94,update,689
gid://shopify/Product/15850277568837,TUBE FLEXIBLE,gid://shopify/ProductVariant/57844759724357,659.9,343.99,286.94,update,689
gid://shopify/Product/15850277568837,TUBE FLEXIBLE,gid://shopify/ProductVariant/57844759757125,663.9,325.99,265.62,update,637
gid://shopify/Product/15850277568837,TUBE FLEXIBLE,gid://shopify/ProductVariant/57844759789893,716.9,361.99,286.94,update,689
gid://shopify/Product/15850277568837,TUBE FLEXIBLE,gid://shopify/ProductVariant/57844759822661,630.9,305.99,252.27,update,605
gid://shopify/Product/15850277568837,TUBE FLEXIBLE,gid://shopify/ProductVariant/57844759855429,630.9,301.99,252.27,update,605
gid://shopify/Product/15850277568837,TUBE FLEXIBLE,gid://shopify/ProductVariant/57844759888197,550.9,280.99,220.3,update,529
gid://shopify/Product/15850277568837,TUBE FLEXIBLE,gid://shopify/ProductVariant/57844759920965,630.9,319.99,252.27,update,605
gid://shopify/Product/15850277568837,TUBE FLEXIBLE,gid://shopify/ProductVariant/57844759953733,560.9,279.99,224.27,update,538
gid://shopify/Product/15850277568837,TUBE FLEXIBLE,gid://shopify/ProductVariant/57844759986501,560.9,264.99,224.27,update,538
gid://shopify/Product/15850277568837,TUBE FLEXIBLE,gid://shopify/ProductVariant/57844760019269,249.9,136.99,100.06,update,240
gid://shopify/Product/15850277568837,TUBE FLEXIBLE,gid://shopify/ProductVariant/57844760052037,560.9,285.99,224.27,update,538
gid://shopify/Product/15850277568837,TUBE FLEXIBLE,gid://shopify/ProductVariant/57844760084805,216.9,111.99,86.69,update,208
gid://shopify/Product/15850277568837,TUBE FLEXIBLE,gid://shopify/ProductVariant/57844760117573,216.9,106.99,86.69,update,208
gid://shopify/Product/15850277568837,TUBE FLEXIBLE,gid://shopify/ProductVariant/57844760150341,750.9,360.99,300.3,update,721
gid://shopify/Product/15850277568837,TUBE FLEXIBLE,gid://shopify/ProductVariant/57844760183109,216.9,114.99,86.69,update,208
gid://shopify/Product/15850277568837,TUBE FLEXIBLE,gid://shopify/ProductVariant/57844760215877,516.9,257.99,206.94,update,497
gid://shopify/Product/15850277568837,TUBE FLEXIBLE,gid://shopify/ProductVariant/57844760248645,516.9,245.99,206.94,update,497
gid://shopify/Product/15850277568837,TUBE FLEXIBLE,gid://shopify/ProductVariant/57844760281413,459.9,244.99,184.18,update,442
gid://shopify/Product/15850277568837,TUBE FLEXIBLE,gid://shopify/ProductVariant/57844760314181,516.9,260.99,206.94,update,497
gid://shopify/Product/15850277568837,TUBE FLEXIBLE,gid://shopify/ProductVariant/57844760346949,426.9,226.99,170.84,update,410
gid://shopify/Product/15850277568837,TUBE FLEXIBLE,gid://shopify/ProductVariant/57844760379717,426.9,232.99,170.84,update,410
gid://shopify/Product/15850277568837,TUBE FLEXIBLE,gid://shopify/ProductVariant/57844760412485,550.9,270.99,220.3,update,529
gid://shopify/Product/15850277568837,TUBE FLEXIBLE,gid://shopify/ProductVariant/57844760445253,426.9,212.99,170.84,update,410
gid://shopify/Product/15850277568837,TUBE FLEXIBLE,gid://shopify/ProductVariant/57844760478021,550.9,270.99,220.3,update,529
gid://shopify/Product/15850277568837,TUBE FLEXIBLE,gid://shopify/ProductVariant/57844760510789,560.9,265.99,224.27,update,538
gid://shopify/Product/15850277568837,TUBE FLEXIBLE,gid://shopify/ProductVariant/57844760543557,560.9,266.99,224.27,update,538
gid://shopify/Product/15850277568837,TUBE FLEXIBLE,gid://shopify/ProductVariant/57844760576325,560.9,276.99,224.27,update,538
gid://shopify/Product/15850277634373,WABI,gid://shopify/ProductVariant/57844760609093,959.9,198.99,153.42,update,368
gid://shopify/Product/15850277634373,WABI,gid://shopify/ProductVariant/57844760641861,959.9,192.99,153.42,update,368
gid://shopify/Product/15850277634373,WABI,gid://shopify/ProductVariant/57844760674629,959.9,209.99,153.42,update,368
gid://shopify/Product/15850277634373,WABI,gid://shopify/ProductVariant/57844760707397,959.9,187.99,153.42,update,368
gid://shopify/Product/15850277634373,WABI,gid://shopify/ProductVariant/57844760740165,959.9,191.99,153.42,update,368
gid://shopify/Product/15850277634373,WABI,gid://shopify/ProductVariant/57844760772933,959.9,201.99,153.42,update,368
gid://shopify/Product/15850277634373,WABI,gid://shopify/ProductVariant/57844760805701,959.9,196.99,153.42,update,368
gid://shopify/Product/15850277634373,WABI,gid://shopify/ProductVariant/57844760838469,959.9,191.99,153.42,update,368
gid://shopify/Product/15850277667141,COTON,gid://shopify/ProductVariant/57844761723205,756.9,159.99,121.19,update,291
gid://shopify/Product/15850277667141,COTON,gid://shopify/ProductVariant/57844761755973,1789.9,342.99,286.29,update,687
gid://shopify/Product/15850277667141,COTON,gid://shopify/ProductVariant/57844761788741,1789.9,359.99,286.29,update,687
gid://shopify/Product/15850277667141,COTON,gid://shopify/ProductVariant/57844761821509,1789.9,349.99,286.29,update,687
gid://shopify/Product/15850277667141,COTON,gid://shopify/ProductVariant/57844761854277,1361.9,277.99,218.18,update,524
gid://shopify/Product/15850277667141,COTON,gid://shopify/ProductVariant/57844761887045,1361.9,251.99,218.18,update,524
gid://shopify/Product/15850277667141,COTON,gid://shopify/ProductVariant/57844761919813,1361.9,268.99,218.18,update,524
gid://shopify/Product/15850277667141,COTON,gid://shopify/ProductVariant/57844761952581,1211.9,240.99,193.92,update,465
gid://shopify/Product/15850277667141,COTON,gid://shopify/ProductVariant/57844761985349,1211.9,261.99,193.92,update,465
gid://shopify/Product/15850277667141,COTON,gid://shopify/ProductVariant/57844762018117,1211.9,262.99,193.92,update,465
gid://shopify/Product/15850277667141,COTON,gid://shopify/ProductVariant/57844762050885,302.9,163.99,121.19,update,291
gid://shopify/Product/15850277667141,COTON,gid://shopify/ProductVariant/57844762083653,302.9,148.99,121.19,update,291
gid://shopify/Product/15850277699909,SABLIER,gid://shopify/ProductVariant/57844762116421,164.9,34.99,26.27,update,63
gid://shopify/Product/15850277699909,SABLIER,gid://shopify/ProductVariant/57844762149189,274.9,60.99,43.9,update,105
gid://shopify/Product/15850277699909,SABLIER,gid://shopify/ProductVariant/57844762181957,249.9,51.99,40.06,update,96
gid://shopify/Product/15850277699909,SABLIER,gid://shopify/ProductVariant/57844762214725,181.9,40.99,29.19,update,70
gid://shopify/Product/15850277863749,BRANCHE,gid://shopify/ProductVariant/57844763197765,834.9,163.99,133.63,update,321
gid://shopify/Product/15850277863749,BRANCHE,gid://shopify/ProductVariant/57844763230533,589.9,128.99,94.32,update,226
gid://shopify/Product/15850277863749,BRANCHE,gid://shopify/ProductVariant/57844763263301,1037.9,205.99,165.9,update,398
gid://shopify/Product/15850277863749,BRANCHE,gid://shopify/ProductVariant/57844763296069,1037.9,212.99,165.9,update,398
gid://shopify/Product/15850277863749,BRANCHE,gid://shopify/ProductVariant/57844763328837,834.9,174.99,133.63,update,321
gid://shopify/Product/15850277863749,BRANCHE,gid://shopify/ProductVariant/57844763361605,834.9,179.99,133.63,update,321
gid://shopify/Product/15850277863749,BRANCHE,gid://shopify/ProductVariant/57844763394373,311.9,68.99,49.88,update,120
gid://shopify/Product/15850277863749,BRANCHE,gid://shopify/ProductVariant/57844763427141,589.9,116.99,94.32,update,226
gid://shopify/Product/15850277863749,BRANCHE,gid://shopify/ProductVariant/57844763459909,209.9,44.99,33.79,update,81
gid://shopify/Product/15850277863749,BRANCHE,gid://shopify/ProductVariant/57844763492677,589.9,119.99,94.32,update,226
gid://shopify/Product/15850277863749,BRANCHE,gid://shopify/ProductVariant/57844763525445,124.9,63.99,49.88,update,120
gid://shopify/Product/15850277863749,BRANCHE,gid://shopify/ProductVariant/57844763558213,414.9,219.99,165.9,update,398
gid://shopify/Product/15850277863749,BRANCHE,gid://shopify/ProductVariant/57844763590981,181.9,102.99,72.6,update,174
gid://shopify/Product/15850277863749,BRANCHE,gid://shopify/ProductVariant/57844763623749,181.9,103.99,72.6,update,174
gid://shopify/Product/15850277863749,BRANCHE,gid://shopify/ProductVariant/57844763656517,83.9,43.99,33.79,update,81
gid://shopify/Product/15850277863749,BRANCHE,gid://shopify/ProductVariant/57844763689285,124.9,70.99,49.88,update,120
gid://shopify/Product/15850277863749,BRANCHE,gid://shopify/ProductVariant/57844763722053,181.9,93.99,72.6,update,174
gid://shopify/Product/15850277863749,BRANCHE,gid://shopify/ProductVariant/57844763754821,83.9,44.99,33.79,update,81
gid://shopify/Product/15850277896517,GALAXIE,gid://shopify/ProductVariant/57844763820357,404.9,82.99,64.72,update,155
gid://shopify/Product/15850277896517,GALAXIE,gid://shopify/ProductVariant/57844763853125,169.9,36.99,27.24,update,65
gid://shopify/Product/15850277896517,GALAXIE,gid://shopify/ProductVariant/57844763885893,704.9,137.99,112.61,update,270
gid://shopify/Product/15850277896517,GALAXIE,gid://shopify/ProductVariant/57844763918661,259.9,54.99,41.77,update,100
gid://shopify/Product/15850277896517,GALAXIE,gid://shopify/ProductVariant/57844763951429,761.9,163.99,121.99,update,293
gid://shopify/Product/15850277896517,GALAXIE,gid://shopify/ProductVariant/57844763984197,316.9,66.99,50.85,update,122
gid://shopify/Product/15850277896517,GALAXIE,gid://shopify/ProductVariant/57844764016965,704.9,149.99,112.61,update,270
gid://shopify/Product/15850277896517,GALAXIE,gid://shopify/ProductVariant/57844764049733,259.9,53.99,41.77,update,100
gid://shopify/Product/15850277896517,GALAXIE,gid://shopify/ProductVariant/57844764082501,761.9,162.99,121.99,update,293
gid://shopify/Product/15850277896517,GALAXIE,gid://shopify/ProductVariant/57844764115269,316.9,64.99,50.85,update,122
gid://shopify/Product/15850277896517,GALAXIE,gid://shopify/ProductVariant/57844764148037,335.9,181.99,134.26,update,322
gid://shopify/Product/15850277896517,GALAXIE,gid://shopify/ProductVariant/57844764180805,143.9,79.99,57.51,update,138
gid://shopify/Product/15850277896517,GALAXIE,gid://shopify/ProductVariant/57844764213573,351.9,174.99,140.76,update,338
gid://shopify/Product/15850277896517,GALAXIE,gid://shopify/ProductVariant/57844764246341,170.9,90.99,68.41,update,164
gid://shopify/Product/15850277896517,GALAXIE,gid://shopify/ProductVariant/57844764279109,170.9,91.99,68.41,update,164
gid://shopify/Product/15850277896517,GALAXIE,gid://shopify/ProductVariant/57844764311877,306.9,160.99,122.6,update,294
gid://shopify/Product/15850277896517,GALAXIE,gid://shopify/ProductVariant/57844764344645,143.9,81.99,57.51,update,138
gid://shopify/Product/15850277896517,GALAXIE,gid://shopify/ProductVariant/57844764377413,291.9,143.99,116.95,update,281
gid://shopify/Product/15850277896517,GALAXIE,gid://shopify/ProductVariant/57844764410181,304.9,163.99,121.99,update,293
gid://shopify/Product/15850277896517,GALAXIE,gid://shopify/ProductVariant/57844764442949,125.9,64.99,50.25,update,121
gid://shopify/Product/15850277896517,GALAXIE,gid://shopify/ProductVariant/57844764475717,335.9,171.99,134.26,update,322
gid://shopify/Product/15850277896517,GALAXIE,gid://shopify/ProductVariant/57844764508485,143.9,82.99,57.51,update,138
gid://shopify/Product/15850277896517,GALAXIE,gid://shopify/ProductVariant/57844764541253,351.9,176.99,140.76,update,338
gid://shopify/Product/15850277896517,GALAXIE,gid://shopify/ProductVariant/57844764574021,170.9,91.99,68.41,update,164
gid://shopify/Product/15850277896517,GALAXIE,gid://shopify/ProductVariant/57844764606789,161.9,91.99,64.72,update,155
gid://shopify/Product/15850277896517,GALAXIE,gid://shopify/ProductVariant/57844764639557,75.9,41.99,30.27,update,73
gid://shopify/Product/15850277896517,GALAXIE,gid://shopify/ProductVariant/57844764672325,161.9,88.99,64.72,update,155
gid://shopify/Product/15850277896517,GALAXIE,gid://shopify/ProductVariant/57844764705093,67.9,40.99,27.24,update,65
gid://shopify/Product/15850277896517,GALAXIE,gid://shopify/ProductVariant/57844764737861,281.9,138.99,112.61,update,270
gid://shopify/Product/15850277896517,GALAXIE,gid://shopify/ProductVariant/57844764770629,102.9,56.99,41.16,update,99
gid://shopify/Product/15850277962053,GALET LUMIERE,gid://shopify/ProductVariant/57844764836165,866.9,172.99,138.7,update,333
gid://shopify/Product/15850277962053,GALET LUMIERE,gid://shopify/ProductVariant/57844764868933,439.9,100.99,70.38,update,169
gid://shopify/Product/15850277962053,GALET LUMIERE,gid://shopify/ProductVariant/57844764901701,439.9,93.99,70.38,update,169
gid://shopify/Product/15850277962053,GALET LUMIERE,gid://shopify/ProductVariant/57844764934469,439.9,89.99,70.38,update,169
gid://shopify/Product/15850277962053,GALET LUMIERE,gid://shopify/ProductVariant/57844764967237,589.9,124.99,94.58,update,227
gid://shopify/Product/15850277962053,GALET LUMIERE,gid://shopify/ProductVariant/57844765000005,589.9,128.99,94.58,update,227
gid://shopify/Product/15850277962053,GALET LUMIERE,gid://shopify/ProductVariant/57844765032773,866.9,186.99,138.7,update,333
gid://shopify/Product/15850277962053,GALET LUMIERE,gid://shopify/ProductVariant/57844765065541,866.9,183.99,138.7,update,333
gid://shopify/Product/15850277962053,GALET LUMIERE,gid://shopify/ProductVariant/57844765098309,439.9,90.99,70.38,update,169
gid://shopify/Product/15850277962053,GALET LUMIERE,gid://shopify/ProductVariant/57844765131077,439.9,90.99,70.38,update,169
gid://shopify/Product/15850277962053,GALET LUMIERE,gid://shopify/ProductVariant/57844765163845,175.9,95.99,70.38,update,169
gid://shopify/Product/15850277962053,GALET LUMIERE,gid://shopify/ProductVariant/57844765196613,235.9,125.99,94.58,update,227
gid://shopify/Product/15850277962053,GALET LUMIERE,gid://shopify/ProductVariant/57844765229381,235.9,115.99,94.58,update,227
gid://shopify/Product/15850277962053,GALET LUMIERE,gid://shopify/ProductVariant/57844765262149,346.9,173.99,138.7,update,333
gid://shopify/Product/15850277962053,GALET LUMIERE,gid://shopify/ProductVariant/57844765294917,346.9,173.99,138.7,update,333
gid://shopify/Product/15850277962053,GALET LUMIERE,gid://shopify/ProductVariant/57844765327685,346.9,190.99,138.7,update,333
gid://shopify/Product/15850277962053,GALET LUMIERE,gid://shopify/ProductVariant/57844765360453,235.9,118.99,94.58,update,227
gid://shopify/Product/15850277962053,GALET LUMIERE,gid://shopify/ProductVariant/57844765393221,235.9,121.99,94.58,update,227
gid://shopify/Product/15850277994821,ZEN,gid://shopify/ProductVariant/57844765458757,1309.9,246.99,209.55,update,503
gid://shopify/Product/15850277994821,ZEN,gid://shopify/ProductVariant/57844765491525,1309.9,254.99,209.55,update,503
gid://shopify/Product/15850277994821,ZEN,gid://shopify/ProductVariant/57844765524293,1309.9,241.99,209.55,update,503
gid://shopify/Product/15850277994821,ZEN,gid://shopify/ProductVariant/57844765557061,1309.9,267.99,209.55,update,503
gid://shopify/Product/15850277994821,ZEN,gid://shopify/ProductVariant/57844765589829,1309.9,258.99,209.55,update,503
gid://shopify/Product/15850277994821,ZEN,gid://shopify/ProductVariant/57844765622597,1309.9,257.99,209.55,update,503
gid://shopify/Product/15850277994821,ZEN,gid://shopify/ProductVariant/57844765655365,1309.9,240.99,209.55,update,503
gid://shopify/Product/15850277994821,ZEN,gid://shopify/ProductVariant/57844765688133,1309.9,258.99,209.55,update,503
gid://shopify/Product/15850277994821,ZEN,gid://shopify/ProductVariant/57844765720901,1309.9,251.99,209.55,update,503
gid://shopify/Product/15850277994821,ZEN,gid://shopify/ProductVariant/57844765753669,1309.9,250.99,209.55,update,503
gid://shopify/Product/15850277994821,ZEN,gid://shopify/ProductVariant/57844765786437,523.9,254.99,209.55,update,503
gid://shopify/Product/15850277994821,ZEN,gid://shopify/ProductVariant/57844765819205,523.9,252.99,209.55,update,503
gid://shopify/Product/15850277994821,ZEN,gid://shopify/ProductVariant/57844765851973,523.9,244.99,209.55,update,503
gid://shopify/Product/15850277994821,ZEN,gid://shopify/ProductVariant/57844765884741,523.9,258.99,209.55,update,503
gid://shopify/Product/15850277994821,ZEN,gid://shopify/ProductVariant/57844765917509,523.9,257.99,209.55,update,503
gid://shopify/Product/15850277994821,ZEN,gid://shopify/ProductVariant/57844765950277,523.9,248.99,209.55,update,503
gid://shopify/Product/15850277994821,ZEN,gid://shopify/ProductVariant/57844765983045,523.9,258.99,209.55,update,503
gid://shopify/Product/15850277994821,ZEN,gid://shopify/ProductVariant/57844766015813,523.9,258.99,209.55,update,503
gid://shopify/Product/15850277994821,ZEN,gid://shopify/ProductVariant/57844766048581,523.9,247.99,209.55,update,503
gid://shopify/Product/15850277994821,ZEN,gid://shopify/ProductVariant/57844766081349,523.9,256.99,209.55,update,503
gid://shopify/Product/15850277994821,ZEN,gid://shopify/ProductVariant/57844766114117,523.9,243.99,209.55,update,503
gid://shopify/Product/15850277994821,ZEN,gid://shopify/ProductVariant/57844766146885,523.9,262.99,209.55,update,503
gid://shopify/Product/15850277994821,ZEN,gid://shopify/ProductVariant/57844766179653,523.9,242.99,209.55,update,503
gid://shopify/Product/15850277994821,ZEN,gid://shopify/ProductVariant/57844766212421,523.9,259.99,209.55,update,503
gid://shopify/Product/15850277994821,ZEN,gid://shopify/ProductVariant/57844766245189,523.9,243.99,209.55,update,503
gid://shopify/Product/15850277994821,ZEN,gid://shopify/ProductVariant/57844766277957,523.9,243.99,209.55,update,503
gid://shopify/Product/15850277994821,ZEN,gid://shopify/ProductVariant/57844766310725,523.9,242.99,209.55,update,503
gid://shopify/Product/15850277994821,ZEN,gid://shopify/ProductVariant/57844766343493,523.9,245.99,209.55,update,503
gid://shopify/Product/15850277994821,ZEN,gid://shopify/ProductVariant/57844766376261,523.9,245.99,209.55,update,503
gid://shopify/Product/15850277994821,ZEN,gid://shopify/ProductVariant/57844766409029,523.9,247.99,209.55,update,503
gid://shopify/Product/15850277994821,ZEN,gid://shopify/ProductVariant/57844766441797,523.9,254.99,209.55,update,503
gid://shopify/Product/15850277994821,ZEN,gid://shopify/ProductVariant/57844766474565,523.9,245.99,209.55,update,503
gid://shopify/Product/15850277994821,ZEN,gid://shopify/ProductVariant/57844766507333,523.9,259.99,209.55,update,503
gid://shopify/Product/15850277994821,ZEN,gid://shopify/ProductVariant/57844766540101,523.9,248.99,209.55,update,503
gid://shopify/Product/15850277994821,ZEN,gid://shopify/ProductVariant/57844766572869,523.9,241.99,209.55,update,503
gid://shopify/Product/15850277994821,ZEN,gid://shopify/ProductVariant/57844766605637,523.9,253.99,209.55,update,503
gid://shopify/Product/15850278060357,CASCADE OR,gid://shopify/ProductVariant/57844766802245,1799.9,377.99,313.12,update,751
gid://shopify/Product/15850278060357,CASCADE OR,gid://shopify/ProductVariant/57844766835013,1799.9,371.99,313.12,update,751
gid://shopify/Product/15850278060357,CASCADE OR,gid://shopify/ProductVariant/57844766867781,1967.9,424.99,342.1,update,821
gid://shopify/Product/15850278060357,CASCADE OR,gid://shopify/ProductVariant/57844766900549,1912.9,414.99,332.45,update,798
gid://shopify/Product/15850278060357,CASCADE OR,gid://shopify/ProductVariant/57844766933317,1234.9,259.99,214.73,update,515
gid://shopify/Product/15850278060357,CASCADE OR,gid://shopify/ProductVariant/57844766966085,1234.9,263.99,214.73,update,515
gid://shopify/Product/15850278060357,CASCADE OR,gid://shopify/ProductVariant/57844766998853,1401.9,284.99,243.72,update,585
gid://shopify/Product/15850278060357,CASCADE OR,gid://shopify/ProductVariant/57844767031621,1344.9,287.99,234.06,update,562
gid://shopify/Product/15850278060357,CASCADE OR,gid://shopify/ProductVariant/57844767064389,994.9,210.99,172.98,update,415
gid://shopify/Product/15850278060357,CASCADE OR,gid://shopify/ProductVariant/57844767097157,994.9,217.99,172.98,update,415
gid://shopify/Product/15850278060357,CASCADE OR,gid://shopify/ProductVariant/57844767129925,464.9,251.99,201.98,update,485
gid://shopify/Product/15850278060357,CASCADE OR,gid://shopify/ProductVariant/57844767162693,441.9,238.99,192.32,update,462
gid://shopify/Product/15850278060357,CASCADE OR,gid://shopify/ProductVariant/57844767195461,306.9,178.99,133.36,update,320
gid://shopify/Product/15850278060357,CASCADE OR,gid://shopify/ProductVariant/57844767228229,306.9,172.99,133.36,update,320
gid://shopify/Product/15850278060357,CASCADE OR,gid://shopify/ProductVariant/57844767260997,372.9,216.99,162.35,update,390
gid://shopify/Product/15850278060357,CASCADE OR,gid://shopify/ProductVariant/57844767293765,350.9,187.99,152.7,update,366
gid://shopify/Product/15850278060357,CASCADE OR,gid://shopify/ProductVariant/57844767326533,1093.9,583.99,475.47,update,1141
gid://shopify/Product/15850278060357,CASCADE OR,gid://shopify/ProductVariant/57844767359301,1093.9,584.99,475.47,update,1141
gid://shopify/Product/15850278060357,CASCADE OR,gid://shopify/ProductVariant/57844767392069,1159.9,605.99,504.46,update,1211
gid://shopify/Product/15850278060357,CASCADE OR,gid://shopify/ProductVariant/57844767424837,1137.9,630.99,494.79,update,1187
gid://shopify/Product/15850278060357,CASCADE OR,gid://shopify/ProductVariant/57844767457605,719.9,374.99,313.12,update,751
gid://shopify/Product/15850278060357,CASCADE OR,gid://shopify/ProductVariant/57844767490373,719.9,360.99,313.12,update,751
gid://shopify/Product/15850278060357,CASCADE OR,gid://shopify/ProductVariant/57844767523141,786.9,401.99,342.1,update,821
gid://shopify/Product/15850278060357,CASCADE OR,gid://shopify/ProductVariant/57844767555909,764.9,397.99,332.45,update,798
gid://shopify/Product/15850278060357,CASCADE OR,gid://shopify/ProductVariant/57844767588677,493.9,246.99,214.73,update,515
gid://shopify/Product/15850278060357,CASCADE OR,gid://shopify/ProductVariant/57844767621445,493.9,254.99,214.73,update,515
gid://shopify/Product/15850278060357,CASCADE OR,gid://shopify/ProductVariant/57844767654213,560.9,305.99,243.72,update,585
gid://shopify/Product/15850278060357,CASCADE OR,gid://shopify/ProductVariant/57844767686981,537.9,273.99,234.06,update,562
gid://shopify/Product/15850278060357,CASCADE OR,gid://shopify/ProductVariant/57844767719749,397.9,228.99,172.98,update,415
gid://shopify/Product/15850278060357,CASCADE OR,gid://shopify/ProductVariant/57844767752517,397.9,227.99,172.98,update,415
gid://shopify/Product/15850278060357,CASCADE OR,gid://shopify/ProductVariant/57844767785285,464.9,237.99,201.98,update,485
gid://shopify/Product/15850278060357,CASCADE OR,gid://shopify/ProductVariant/57844767818053,441.9,254.99,192.32,update,462
gid://shopify/Product/15850278060357,CASCADE OR,gid://shopify/ProductVariant/57844767850821,1093.9,567.99,475.47,update,1141
gid://shopify/Product/15850278060357,CASCADE OR,gid://shopify/ProductVariant/57844767883589,1093.9,553.99,475.47,update,1141
gid://shopify/Product/15850278060357,CASCADE OR,gid://shopify/ProductVariant/57844767916357,1159.9,604.99,504.46,update,1211
gid://shopify/Product/15850278060357,CASCADE OR,gid://shopify/ProductVariant/57844767949125,1137.9,605.99,494.79,update,1187
gid://shopify/Product/15850278060357,CASCADE OR,gid://shopify/ProductVariant/57844767981893,306.9,165.99,133.36,update,320
gid://shopify/Product/15850278060357,CASCADE OR,gid://shopify/ProductVariant/57844768014661,306.9,179.99,133.36,update,320
gid://shopify/Product/15850278060357,CASCADE OR,gid://shopify/ProductVariant/57844768047429,372.9,204.99,162.35,update,390
gid://shopify/Product/15850278060357,CASCADE OR,gid://shopify/ProductVariant/57844768080197,350.9,192.99,152.7,update,366
gid://shopify/Product/15850278060357,CASCADE OR,gid://shopify/ProductVariant/57844768112965,1093.9,590.99,475.47,update,1141
gid://shopify/Product/15850278060357,CASCADE OR,gid://shopify/ProductVariant/57844768145733,1093.9,582.99,475.47,update,1141
gid://shopify/Product/15850278060357,CASCADE OR,gid://shopify/ProductVariant/57844768178501,1159.9,601.99,504.46,update,1211
gid://shopify/Product/15850278060357,CASCADE OR,gid://shopify/ProductVariant/57844768211269,1137.9,625.99,494.79,update,1187
gid://shopify/Product/15850278060357,CASCADE OR,gid://shopify/ProductVariant/57844768244037,719.9,399.99,313.12,update,751
gid://shopify/Product/15850278060357,CASCADE OR,gid://shopify/ProductVariant/57844768276805,719.9,373.99,313.12,update,751
gid://shopify/Product/15850278060357,CASCADE OR,gid://shopify/ProductVariant/57844768309573,786.9,432.99,342.1,update,821
gid://shopify/Product/15850278060357,CASCADE OR,gid://shopify/ProductVariant/57844768342341,764.9,396.99,332.45,update,798
gid://shopify/Product/15850278060357,CASCADE OR,gid://shopify/ProductVariant/57844768375109,493.9,251.99,214.73,update,515
gid://shopify/Product/15850278060357,CASCADE OR,gid://shopify/ProductVariant/57844768407877,493.9,272.99,214.73,update,515
gid://shopify/Product/15850278060357,CASCADE OR,gid://shopify/ProductVariant/57844768440645,608.9,308.99,243.72,update,585
gid://shopify/Product/15850278060357,CASCADE OR,gid://shopify/ProductVariant/57844768473413,584.9,280.99,234.06,update,562
gid://shopify/Product/15850278060357,CASCADE OR,gid://shopify/ProductVariant/57844768506181,431.9,216.99,172.98,update,415
gid://shopify/Product/15850278060357,CASCADE OR,gid://shopify/ProductVariant/57844768538949,431.9,230.99,172.98,update,415
gid://shopify/Product/15850278060357,CASCADE OR,gid://shopify/ProductVariant/57844768571717,504.9,234.99,201.98,update,485
gid://shopify/Product/15850278060357,CASCADE OR,gid://shopify/ProductVariant/57844768604485,480.9,256.99,192.32,update,462
gid://shopify/Product/15850278060357,CASCADE OR,gid://shopify/ProductVariant/57844768637253,332.9,174.99,133.36,update,320
gid://shopify/Product/15850278060357,CASCADE OR,gid://shopify/ProductVariant/57844768670021,332.9,165.99,133.36,update,320
gid://shopify/Product/15850278060357,CASCADE OR,gid://shopify/ProductVariant/57844768702789,405.9,206.99,162.35,update,390
gid://shopify/Product/15850278060357,CASCADE OR,gid://shopify/ProductVariant/57844768735557,381.9,201.99,152.7,update,366
gid://shopify/Product/15850278093125,ORBE,gid://shopify/ProductVariant/57844770406725,554.9,118.99,88.67,update,213
gid://shopify/Product/15850278093125,ORBE,gid://shopify/ProductVariant/57844770439493,554.9,118.99,88.67,update,213
gid://shopify/Product/15850278093125,ORBE,gid://shopify/ProductVariant/57844770472261,489.9,107.99,78.44,update,188
gid://shopify/Product/15850278093125,ORBE,gid://shopify/ProductVariant/57844770505029,489.9,108.99,78.44,update,188
gid://shopify/Product/15850278093125,ORBE,gid://shopify/ProductVariant/57844770537797,489.9,108.99,78.44,update,188
gid://shopify/Product/15850278093125,ORBE,gid://shopify/ProductVariant/57844770570565,426.9,94.99,68.21,update,164
gid://shopify/Product/15850278093125,ORBE,gid://shopify/ProductVariant/57844770603333,426.9,93.99,68.21,update,164
gid://shopify/Product/15850278093125,ORBE,gid://shopify/ProductVariant/57844770636101,426.9,97.99,68.21,update,164
gid://shopify/Product/15850278093125,ORBE,gid://shopify/ProductVariant/57844770668869,946.9,190.99,151.43,update,363
gid://shopify/Product/15850278093125,ORBE,gid://shopify/ProductVariant/57844770701637,946.9,193.99,151.43,update,363
gid://shopify/Product/15850278093125,ORBE,gid://shopify/ProductVariant/57844770734405,378.9,193.99,151.43,update,363
gid://shopify/Product/15850278093125,ORBE,gid://shopify/ProductVariant/57844770767173,221.9,107.99,88.67,update,213
gid://shopify/Product/15850278093125,ORBE,gid://shopify/ProductVariant/57844770799941,195.9,108.99,78.44,update,188
gid://shopify/Product/15850278093125,ORBE,gid://shopify/ProductVariant/57844770832709,195.9,107.99,78.44,update,188
gid://shopify/Product/15850278093125,ORBE,gid://shopify/ProductVariant/57844770865477,170.9,88.99,68.21,update,164
gid://shopify/Product/15850278093125,ORBE,gid://shopify/ProductVariant/57844770898245,170.9,94.99,68.21,update,164
gid://shopify/Product/15850278093125,ORBE,gid://shopify/ProductVariant/57844770931013,170.9,88.99,68.21,update,164
gid://shopify/Product/15850278093125,ORBE,gid://shopify/ProductVariant/57844770963781,84.9,45.99,34.1,update,82
gid://shopify/Product/15850278093125,ORBE,gid://shopify/ProductVariant/57844770996549,84.9,47.99,34.1,update,82
gid://shopify/Product/15850278093125,ORBE,gid://shopify/ProductVariant/57844771029317,84.9,47.99,34.1,update,82
gid://shopify/Product/15850278093125,ORBE,gid://shopify/ProductVariant/57844771062085,84.9,46.99,34.1,update,82
gid://shopify/Product/15850278093125,ORBE,gid://shopify/ProductVariant/57844771094853,378.9,196.99,151.43,update,363
gid://shopify/Product/15850278093125,ORBE,gid://shopify/ProductVariant/57844771127621,378.9,204.99,151.43,update,363
gid://shopify/Product/15850278093125,ORBE,gid://shopify/ProductVariant/57844771160389,378.9,204.99,151.43,update,363
gid://shopify/Product/15850278093125,ORBE,gid://shopify/ProductVariant/57844771193157,221.9,119.99,88.67,update,213
gid://shopify/Product/15850278093125,ORBE,gid://shopify/ProductVariant/57844771225925,221.9,109.99,88.67,update,213
gid://shopify/Product/15850278093125,ORBE,gid://shopify/ProductVariant/57844771258693,221.9,108.99,88.67,update,213
gid://shopify/Product/15850278093125,ORBE,gid://shopify/ProductVariant/57844771291461,195.9,101.99,78.44,update,188
gid://shopify/Product/15850278093125,ORBE,gid://shopify/ProductVariant/57844771324229,195.9,102.99,78.44,update,188
gid://shopify/Product/15850278093125,ORBE,gid://shopify/ProductVariant/57844771356997,195.9,110.99,78.44,update,188
gid://shopify/Product/15850278093125,ORBE,gid://shopify/ProductVariant/57844771389765,195.9,109.99,78.44,update,188
gid://shopify/Product/15850278093125,ORBE,gid://shopify/ProductVariant/57844771422533,170.9,88.99,68.21,update,164
gid://shopify/Product/15850278093125,ORBE,gid://shopify/ProductVariant/57844771455301,170.9,94.99,68.21,update,164
gid://shopify/Product/15850278093125,ORBE,gid://shopify/ProductVariant/57844771488069,170.9,90.99,68.21,update,164
gid://shopify/Product/15850278093125,ORBE,gid://shopify/ProductVariant/57844771520837,84.9,43.99,34.1,update,82
gid://shopify/Product/15850278093125,ORBE,gid://shopify/ProductVariant/57844771553605,84.9,44.99,34.1,update,82
gid://shopify/Product/15850278093125,ORBE,gid://shopify/ProductVariant/57844771586373,84.9,46.99,34.1,update,82
gid://shopify/Product/15850278093125,ORBE,gid://shopify/ProductVariant/57844771619141,84.9,44.99,34.1,update,82
gid://shopify/Product/15850278093125,ORBE,gid://shopify/ProductVariant/57844771651909,378.9,202.99,151.43,update,363
gid://shopify/Product/15850278093125,ORBE,gid://shopify/ProductVariant/57844771684677,378.9,191.99,151.43,update,363
gid://shopify/Product/15850278093125,ORBE,gid://shopify/ProductVariant/57844771717445,378.9,190.99,151.43,update,363
gid://shopify/Product/15850278093125,ORBE,gid://shopify/ProductVariant/57844771750213,221.9,111.99,88.67,update,213
gid://shopify/Product/15850278093125,ORBE,gid://shopify/ProductVariant/57844771782981,221.9,119.99,88.67,update,213
gid://shopify/Product/15850278093125,ORBE,gid://shopify/ProductVariant/57844771815749,221.9,113.99,88.67,update,213
gid://shopify/Product/15850278093125,ORBE,gid://shopify/ProductVariant/57844771848517,221.9,119.99,88.67,update,213
gid://shopify/Product/15850278093125,ORBE,gid://shopify/ProductVariant/57844771881285,195.9,107.99,78.44,update,188
gid://shopify/Product/15850278093125,ORBE,gid://shopify/ProductVariant/57844771914053,195.9,111.99,78.44,update,188
gid://shopify/Product/15850278093125,ORBE,gid://shopify/ProductVariant/57844771946821,195.9,100.99,78.44,update,188
gid://shopify/Product/15850278093125,ORBE,gid://shopify/ProductVariant/57844771979589,170.9,96.99,68.21,update,164
gid://shopify/Product/15850278093125,ORBE,gid://shopify/ProductVariant/57844772012357,170.9,92.99,68.21,update,164
gid://shopify/Product/15850278093125,ORBE,gid://shopify/ProductVariant/57844772045125,170.9,96.99,68.21,update,164
gid://shopify/Product/15850278093125,ORBE,gid://shopify/ProductVariant/57844772077893,84.9,44.99,34.1,update,82
gid://shopify/Product/15850278093125,ORBE,gid://shopify/ProductVariant/57844772110661,84.9,44.99,34.1,update,82
gid://shopify/Product/15850278093125,ORBE,gid://shopify/ProductVariant/57844772143429,84.9,42.99,34.1,update,82
gid://shopify/Product/15850278093125,ORBE,gid://shopify/ProductVariant/57844772176197,84.9,47.99,34.1,update,82
gid://shopify/Product/15850278093125,ORBE,gid://shopify/ProductVariant/57844772208965,378.9,187.99,151.43,update,363
gid://shopify/Product/15850278093125,ORBE,gid://shopify/ProductVariant/57844772241733,378.9,188.99,151.43,update,363
gid://shopify/Product/15850278093125,ORBE,gid://shopify/ProductVariant/57844772274501,378.9,193.99,151.43,update,363
gid://shopify/Product/15850278093125,ORBE,gid://shopify/ProductVariant/57844772307269,221.9,115.99,88.67,update,213
gid://shopify/Product/15850278093125,ORBE,gid://shopify/ProductVariant/57844772340037,221.9,120.99,88.67,update,213
gid://shopify/Product/15850278191429,TUBE VERRE,gid://shopify/ProductVariant/57844770210117,449.9,101.99,71.96,update,173
gid://shopify/Product/15850278191429,TUBE VERRE,gid://shopify/ProductVariant/57844770242885,566.9,119.99,90.72,update,218
gid://shopify/Product/15850278191429,TUBE VERRE,gid://shopify/ProductVariant/57844770275653,744.9,157.99,119.37,update,286
gid://shopify/Product/15850278191429,TUBE VERRE,gid://shopify/ProductVariant/57844770308421,449.9,94.99,71.96,update,173
gid://shopify/Product/15850278191429,TUBE VERRE,gid://shopify/ProductVariant/57844770341189,566.9,115.99,90.72,update,218
gid://shopify/Product/15850278191429,TUBE VERRE,gid://shopify/ProductVariant/57844770373957,744.9,145.99,119.37,update,286
gid://shopify/Product/15850278256965,EVENTAIL,gid://shopify/ProductVariant/57844772798789,2739.9,504.99,438.45,update,1052
gid://shopify/Product/15850278256965,EVENTAIL,gid://shopify/ProductVariant/57844772831557,2739.9,524.99,438.45,update,1052
gid://shopify/Product/15850278256965,EVENTAIL,gid://shopify/ProductVariant/57844772864325,2739.9,537.99,438.45,update,1052
gid://shopify/Product/15850278256965,EVENTAIL,gid://shopify/ProductVariant/57844772897093,2739.9,513.99,438.45,update,1052
gid://shopify/Product/15850278289733,MARBRE TETE DE LIT,gid://shopify/ProductVariant/57844772962629,269.9,59.99,43.36,update,104
gid://shopify/Product/15850278289733,MARBRE TETE DE LIT,gid://shopify/ProductVariant/57844772995397,186.9,40.99,29.97,update,72
gid://shopify/Product/15850278322501,LUNE BETON,gid://shopify/ProductVariant/57844773093701,296.9,63.99,47.64,update,114
gid://shopify/Product/15850278322501,LUNE BETON,gid://shopify/ProductVariant/57844773126469,296.9,67.99,47.64,update,114
gid://shopify/Product/15850278322501,LUNE BETON,gid://shopify/ProductVariant/57844773159237,386.9,85.99,62.08,update,149
gid://shopify/Product/15850278322501,LUNE BETON,gid://shopify/ProductVariant/57844773192005,311.9,65.99,49.98,update,120
gid://shopify/Product/15850278322501,LUNE BETON,gid://shopify/ProductVariant/57844773224773,401.9,90.99,64.42,update,155
gid://shopify/Product/15850278322501,LUNE BETON,gid://shopify/ProductVariant/57844773257541,386.9,83.99,62.08,update,149
gid://shopify/Product/15850278355269,FAIRBANKS,gid://shopify/ProductVariant/57844773355845,1534.9,298.99,245.76,update,590
gid://shopify/Product/15850278355269,FAIRBANKS,gid://shopify/ProductVariant/57844773388613,2579.9,482.99,412.99,update,991
gid://shopify/Product/15850278355269,FAIRBANKS,gid://shopify/ProductVariant/57844773421381,2579.9,490.99,412.99,update,991
gid://shopify/Product/15850278355269,FAIRBANKS,gid://shopify/ProductVariant/57844773454149,2579.9,501.99,412.99,update,991
gid://shopify/Product/15850278355269,FAIRBANKS,gid://shopify/ProductVariant/57844773486917,1534.9,285.99,245.76,update,590
gid://shopify/Product/15850278355269,FAIRBANKS,gid://shopify/ProductVariant/57844773519685,2579.9,519.99,412.99,update,991
gid://shopify/Product/15850278355269,FAIRBANKS,gid://shopify/ProductVariant/57844773552453,2579.9,521.99,412.99,update,991
gid://shopify/Product/15850278355269,FAIRBANKS,gid://shopify/ProductVariant/57844773585221,2579.9,475.99,412.99,update,991
gid://shopify/Product/15850278355269,FAIRBANKS,gid://shopify/ProductVariant/57844773617989,1534.9,287.99,245.76,update,590
gid://shopify/Product/15850278355269,FAIRBANKS,gid://shopify/ProductVariant/57844773650757,1534.9,308.99,245.76,update,590
gid://shopify/Product/15850278355269,FAIRBANKS,gid://shopify/ProductVariant/57844773683525,613.9,308.99,245.76,update,590
gid://shopify/Product/15850278355269,FAIRBANKS,gid://shopify/ProductVariant/57844773716293,613.9,289.99,245.76,update,590
gid://shopify/Product/15850278420805,CERCLE OR ROSE,gid://shopify/ProductVariant/57844776730949,2982.9,652.99,518.73,update,1245
gid://shopify/Product/15850278420805,CERCLE OR ROSE,gid://shopify/ProductVariant/57844776763717,2889.9,539.99,462.38,update,1110
gid://shopify/Product/15850278420805,CERCLE OR ROSE,gid://shopify/ProductVariant/57844776796485,2729.9,521.99,436.71,update,1048
gid://shopify/Product/15850278420805,CERCLE OR ROSE,gid://shopify/ProductVariant/57844776829253,2622.9,504.99,419.65,update,1007
gid://shopify/Product/15850278420805,CERCLE OR ROSE,gid://shopify/ProductVariant/57844776862021,3089.9,637.99,537.51,update,1290
gid://shopify/Product/15850278420805,CERCLE OR ROSE,gid://shopify/ProductVariant/57844776894789,3236.9,694.99,563.03,update,1351
gid://shopify/Product/15850278420805,CERCLE OR ROSE,gid://shopify/ProductVariant/57844776927557,3079.9,656.99,535.79,update,1286
gid://shopify/Product/15850278420805,CERCLE OR ROSE,gid://shopify/ProductVariant/57844776960325,2981.9,609.99,518.73,update,1245
gid://shopify/Product/15850278420805,CERCLE OR ROSE,gid://shopify/ProductVariant/57844776993093,3561.9,713.99,619.38,update,1487
gid://shopify/Product/15850278420805,CERCLE OR ROSE,gid://shopify/ProductVariant/57844777025861,3384.9,689.99,588.69,update,1413
gid://shopify/Product/15850278420805,CERCLE OR ROSE,gid://shopify/ProductVariant/57844777058629,1255.9,647.99,545.97,update,1310
gid://shopify/Product/15850278420805,CERCLE OR ROSE,gid://shopify/ProductVariant/57844777091397,1235.9,622.99,537.51,update,1290
gid://shopify/Product/15850278420805,CERCLE OR ROSE,gid://shopify/ProductVariant/57844777124165,1549.9,848.99,674.01,update,1618
gid://shopify/Product/15850278420805,CERCLE OR ROSE,gid://shopify/ProductVariant/57844777156933,1451.9,750.99,631.27,update,1515
gid://shopify/Product/15850278420805,CERCLE OR ROSE,gid://shopify/ProductVariant/57844777189701,1424.9,743.99,619.38,update,1487
gid://shopify/Product/15850278420805,CERCLE OR ROSE,gid://shopify/ProductVariant/57844777222469,1372.9,723.99,597.15,update,1433
gid://shopify/Product/15850278420805,CERCLE OR ROSE,gid://shopify/ProductVariant/57844777255237,1243.9,667.99,540.8,update,1298
gid://shopify/Product/15850278420805,CERCLE OR ROSE,gid://shopify/ProductVariant/57844777288005,1180.9,595.99,513.56,update,1233
gid://shopify/Product/15850278420805,CERCLE OR ROSE,gid://shopify/ProductVariant/57844777320773,1240.9,605.99,496.5,update,1192
gid://shopify/Product/15850278420805,CERCLE OR ROSE,gid://shopify/ProductVariant/57844777353541,1048.9,491.99,419.65,update,1007
gid://shopify/Product/15850278420805,CERCLE OR ROSE,gid://shopify/ProductVariant/57844777386309,1494.9,821.99,650.06,update,1560
gid://shopify/Product/15850278420805,CERCLE OR ROSE,gid://shopify/ProductVariant/57844777419077,1412.9,734.99,614.21,update,1474
gid://shopify/Product/15850278420805,CERCLE OR ROSE,gid://shopify/ProductVariant/57844777451845,1372.9,720.99,597.15,update,1433
gid://shopify/Product/15850278420805,CERCLE OR ROSE,gid://shopify/ProductVariant/57844777484613,1192.9,613.99,518.73,update,1245
gid://shopify/Product/15850278420805,CERCLE OR ROSE,gid://shopify/ProductVariant/57844777517381,1155.9,558.99,462.38,update,1110
gid://shopify/Product/15850278420805,CERCLE OR ROSE,gid://shopify/ProductVariant/57844777550149,1091.9,514.99,436.71,update,1048
gid://shopify/Product/15850278420805,CERCLE OR ROSE,gid://shopify/ProductVariant/57844777582917,1048.9,496.99,419.65,update,1007
gid://shopify/Product/15850278420805,CERCLE OR ROSE,gid://shopify/ProductVariant/57844777615685,1048.9,484.99,419.65,update,1007
gid://shopify/Product/15850278420805,CERCLE OR ROSE,gid://shopify/ProductVariant/57844777648453,1294.9,701.99,563.03,update,1351
gid://shopify/Product/15850278420805,CERCLE OR ROSE,gid://shopify/ProductVariant/57844777681221,1231.9,661.99,535.79,update,1286
gid://shopify/Product/15850278420805,CERCLE OR ROSE,gid://shopify/ProductVariant/57844777713989,1192.9,601.99,518.73,update,1245
gid://shopify/Product/15850278420805,CERCLE OR ROSE,gid://shopify/ProductVariant/57844777746757,1074.9,512.99,429.98,update,1032
gid://shopify/Product/15850278420805,CERCLE OR ROSE,gid://shopify/ProductVariant/57844777779525,976.9,475.99,390.69,update,938
gid://shopify/Product/15850278420805,CERCLE OR ROSE,gid://shopify/ProductVariant/57844777812293,933.9,475.99,373.63,update,897
gid://shopify/Product/15850278420805,CERCLE OR ROSE,gid://shopify/ProductVariant/57844777845061,890.9,436.99,356.57,update,856
gid://shopify/Product/15850278420805,CERCLE OR ROSE,gid://shopify/ProductVariant/57844777877829,890.9,434.99,356.57,update,856
gid://shopify/Product/15850278420805,CERCLE OR ROSE,gid://shopify/ProductVariant/57844777910597,1180.9,594.99,472.56,update,1134
gid://shopify/Product/15850278420805,CERCLE OR ROSE,gid://shopify/ProductVariant/57844777943365,1117.9,560.99,447.04,update,1073
gid://shopify/Product/15850278420805,CERCLE OR ROSE,gid://shopify/ProductVariant/57844777976133,1074.9,516.99,429.98,update,1032
gid://shopify/Product/15850278420805,CERCLE OR ROSE,gid://shopify/ProductVariant/57844778008901,1074.9,523.99,429.98,update,1032
gid://shopify/Product/15850278420805,CERCLE OR ROSE,gid://shopify/ProductVariant/57844778041669,976.9,492.99,390.69,update,938
gid://shopify/Product/15850278420805,CERCLE OR ROSE,gid://shopify/ProductVariant/57844778074437,933.9,451.99,373.63,update,897
gid://shopify/Product/15850278420805,CERCLE OR ROSE,gid://shopify/ProductVariant/57844778107205,890.9,449.99,356.57,update,856
gid://shopify/Product/15850278420805,CERCLE OR ROSE,gid://shopify/ProductVariant/57844778139973,1240.9,600.99,496.5,update,1192
gid://shopify/Product/15850278420805,CERCLE OR ROSE,gid://shopify/ProductVariant/57844778172741,1180.9,547.99,472.56,update,1134
gid://shopify/Product/15850278420805,CERCLE OR ROSE,gid://shopify/ProductVariant/57844778205509,1117.9,565.99,447.04,update,1073
gid://shopify/Product/15850278420805,CERCLE OR ROSE,gid://shopify/ProductVariant/57844778238277,1074.9,533.99,429.98,update,1032
gid://shopify/Product/15850278420805,CERCLE OR ROSE,gid://shopify/ProductVariant/57844778271045,890.9,432.99,356.57,update,856
gid://shopify/Product/15850278453573,LATTE BOIS,gid://shopify/ProductVariant/57844776501573,379.9,84.99,60.88,update,146
gid://shopify/Product/15850278453573,LATTE BOIS,gid://shopify/ProductVariant/57844776534341,379.9,79.99,60.88,update,146
gid://shopify/Product/15850278453573,LATTE BOIS,gid://shopify/ProductVariant/57844776567109,296.9,62.99,47.53,update,114
gid://shopify/Product/15850278453573,LATTE BOIS,gid://shopify/ProductVariant/57844776599877,296.9,61.99,47.53,update,114
gid://shopify/Product/15850278453573,LATTE BOIS,gid://shopify/ProductVariant/57844776632645,211.9,43.99,34.17,update,82
gid://shopify/Product/15850278453573,LATTE BOIS,gid://shopify/ProductVariant/57844776665413,211.9,46.99,34.17,update,82
gid://shopify/Product/15850278486341,OVALE NORDIQUE,gid://shopify/ProductVariant/57844778336581,386.9,82.99,61.88,update,149
gid://shopify/Product/15850278486341,OVALE NORDIQUE,gid://shopify/ProductVariant/57844778369349,386.9,85.99,61.88,update,149
gid://shopify/Product/15850278486341,OVALE NORDIQUE,gid://shopify/ProductVariant/57844778402117,589.9,122.99,94.2,update,226
gid://shopify/Product/15850278486341,OVALE NORDIQUE,gid://shopify/ProductVariant/57844778434885,554.9,120.99,88.8,update,213
gid://shopify/Product/15850278486341,OVALE NORDIQUE,gid://shopify/ProductVariant/57844778467653,554.9,108.99,88.8,update,213
gid://shopify/Product/15850278486341,OVALE NORDIQUE,gid://shopify/ProductVariant/57844778500421,411.9,89.99,65.87,update,158
gid://shopify/Product/15850278486341,OVALE NORDIQUE,gid://shopify/ProductVariant/57844778533189,411.9,90.99,65.87,update,158
gid://shopify/Product/15850278486341,OVALE NORDIQUE,gid://shopify/ProductVariant/57844778565957,386.9,83.99,61.88,update,149
gid://shopify/Product/15850278486341,OVALE NORDIQUE,gid://shopify/ProductVariant/57844778598725,386.9,78.99,61.88,update,149
gid://shopify/Product/15850278486341,OVALE NORDIQUE,gid://shopify/ProductVariant/57844778631493,589.9,128.99,94.2,update,226
gid://shopify/Product/15850278486341,OVALE NORDIQUE,gid://shopify/ProductVariant/57844778664261,443.9,220.99,177.7,update,426
gid://shopify/Product/15850278486341,OVALE NORDIQUE,gid://shopify/ProductVariant/57844778697029,457.9,248.99,183.01,update,439
gid://shopify/Product/15850278486341,OVALE NORDIQUE,gid://shopify/ProductVariant/57844778729797,443.9,220.99,177.7,update,426
gid://shopify/Product/15850278486341,OVALE NORDIQUE,gid://shopify/ProductVariant/57844778762565,443.9,218.99,177.7,update,426
gid://shopify/Product/15850278486341,OVALE NORDIQUE,gid://shopify/ProductVariant/57844778795333,221.9,110.99,88.8,update,213
gid://shopify/Product/15850278486341,OVALE NORDIQUE,gid://shopify/ProductVariant/57844778828101,221.9,110.99,88.8,update,213
gid://shopify/Product/15850278486341,OVALE NORDIQUE,gid://shopify/ProductVariant/57844778860869,457.9,242.99,183.01,update,439
gid://shopify/Product/15850278486341,OVALE NORDIQUE,gid://shopify/ProductVariant/57844778893637,443.9,236.99,177.7,update,426
gid://shopify/Product/15850278519109,COUPELLE,gid://shopify/ProductVariant/57844778926405,416.9,88.99,66.89,update,161
gid://shopify/Product/15850278519109,COUPELLE,gid://shopify/ProductVariant/57844778959173,416.9,95.99,66.89,update,161
gid://shopify/Product/15850278519109,COUPELLE,gid://shopify/ProductVariant/57844778991941,416.9,85.99,66.89,update,161
gid://shopify/Product/15850278519109,COUPELLE,gid://shopify/ProductVariant/57844779024709,416.9,86.99,66.89,update,161
gid://shopify/Product/15850278551877,VINTAGE FER,gid://shopify/ProductVariant/57844779090245,101.9,22.99,16.53,update,40
gid://shopify/Product/15850278584645,OISEAU DORE,gid://shopify/ProductVariant/57844779155781,126.9,28.99,20.39,update,49
gid://shopify/Product/15850278584645,OISEAU DORE,gid://shopify/ProductVariant/57844779188549,539.9,114.99,86.55,update,208
gid://shopify/Product/15850278584645,OISEAU DORE,gid://shopify/ProductVariant/57844779221317,539.9,118.99,86.55,update,208
gid://shopify/Product/15850278584645,OISEAU DORE,gid://shopify/ProductVariant/57844779254085,539.9,116.99,86.55,update,208
gid://shopify/Product/15850278584645,OISEAU DORE,gid://shopify/ProductVariant/57844779286853,254.9,54.99,40.94,update,98
gid://shopify/Product/15850278584645,OISEAU DORE,gid://shopify/ProductVariant/57844779319621,254.9,54.99,40.94,update,98
gid://shopify/Product/15850278584645,OISEAU DORE,gid://shopify/ProductVariant/57844779352389,254.9,55.99,40.94,update,98
gid://shopify/Product/15850278584645,OISEAU DORE,gid://shopify/ProductVariant/57844779385157,164.9,35.99,26.41,update,63
gid://shopify/Product/15850278584645,OISEAU DORE,gid://shopify/ProductVariant/57844779417925,164.9,37.99,26.41,update,63
gid://shopify/Product/15850278584645,OISEAU DORE,gid://shopify/ProductVariant/57844779450693,164.9,39.99,26.41,update,63
gid://shopify/Product/15850278584645,OISEAU DORE,gid://shopify/ProductVariant/57844779483461,80.9,44.99,32.42,update,78
gid://shopify/Product/15850278584645,OISEAU DORE,gid://shopify/ProductVariant/57844779516229,80.9,44.99,32.42,update,78
gid://shopify/Product/15850278584645,OISEAU DORE,gid://shopify/ProductVariant/57844779548997,80.9,41.99,32.42,update,78
gid://shopify/Product/15850278584645,OISEAU DORE,gid://shopify/ProductVariant/57844779581765,50.9,26.99,20.39,update,49
gid://shopify/Product/15850278584645,OISEAU DORE,gid://shopify/ProductVariant/57844779614533,50.9,29.99,20.39,update,49
gid://shopify/Product/15850278650181,BRANCHE CRISTAL,gid://shopify/ProductVariant/57844779843909,12.9,2.99,1.96,skipped(suspect),
gid://shopify/Product/15850278650181,BRANCHE CRISTAL,gid://shopify/ProductVariant/57844779876677,12.9,1.99,1.96,skipped(suspect),
gid://shopify/Product/15850278650181,BRANCHE CRISTAL,gid://shopify/ProductVariant/57844779909445,12.9,2.99,1.96,skipped(suspect),
gid://shopify/Product/15850278650181,BRANCHE CRISTAL,gid://shopify/ProductVariant/57844779942213,12.9,1.99,1.96,skipped(suspect),
gid://shopify/Product/15850278650181,BRANCHE CRISTAL,gid://shopify/ProductVariant/57844779974981,4261.9,2183.99,1852.84,update,4447
gid://shopify/Product/15850278650181,BRANCHE CRISTAL,gid://shopify/ProductVariant/57844780007749,7311.9,1558.99,1271.63,update,3052
gid://shopify/Product/15850278650181,BRANCHE CRISTAL,gid://shopify/ProductVariant/57844780040517,7731.9,1576.99,1344.9,update,3228
gid://shopify/Product/15850278650181,BRANCHE CRISTAL,gid://shopify/ProductVariant/57844780073285,7731.9,1599.99,1344.9,update,3228
gid://shopify/Product/15850278650181,BRANCHE CRISTAL,gid://shopify/ProductVariant/57844780106053,7731.9,1666.99,1344.9,update,3228
gid://shopify/Product/15850278650181,BRANCHE CRISTAL,gid://shopify/ProductVariant/57844780138821,7731.9,1567.99,1344.9,update,3228
gid://shopify/Product/15850278650181,BRANCHE CRISTAL,gid://shopify/ProductVariant/57844780171589,4261.9,2305.99,1852.84,update,4447
gid://shopify/Product/15850278650181,BRANCHE CRISTAL,gid://shopify/ProductVariant/57844780204357,4261.9,2358.99,1852.84,update,4447
gid://shopify/Product/15850278650181,BRANCHE CRISTAL,gid://shopify/ProductVariant/57844780237125,4261.9,2358.99,1852.84,update,4447
gid://shopify/Product/15850278650181,BRANCHE CRISTAL,gid://shopify/ProductVariant/57844780269893,3479.9,1815.99,1512.99,update,3631
gid://shopify/Product/15850278650181,BRANCHE CRISTAL,gid://shopify/ProductVariant/57844780302661,1992.9,1107.99,866.44,update,2079
gid://shopify/Product/15850278650181,BRANCHE CRISTAL,gid://shopify/ProductVariant/57844780335429,1992.9,1104.99,866.44,update,2079
gid://shopify/Product/15850278650181,BRANCHE CRISTAL,gid://shopify/ProductVariant/57844780368197,1992.9,999.99,866.44,update,2079
gid://shopify/Product/15850278650181,BRANCHE CRISTAL,gid://shopify/ProductVariant/57844780400965,1992.9,1063.99,866.44,update,2079
gid://shopify/Product/15850278650181,BRANCHE CRISTAL,gid://shopify/ProductVariant/57844780433733,2924.9,1613.99,1271.63,update,3052
gid://shopify/Product/15850278650181,BRANCHE CRISTAL,gid://shopify/ProductVariant/57844780466501,2924.9,1621.99,1271.63,update,3052
gid://shopify/Product/15850278650181,BRANCHE CRISTAL,gid://shopify/ProductVariant/57844780499269,2924.9,1497.99,1271.63,update,3052
gid://shopify/Product/15850278650181,BRANCHE CRISTAL,gid://shopify/ProductVariant/57844780532037,1526.9,811.99,663.8,update,1593
gid://shopify/Product/15850278650181,BRANCHE CRISTAL,gid://shopify/ProductVariant/57844780564805,2443.9,1350.99,1062.54,update,2550
gid://shopify/Product/15850278650181,BRANCHE CRISTAL,gid://shopify/ProductVariant/57844780597573,2443.9,1240.99,1062.54,update,2550
gid://shopify/Product/15850278650181,BRANCHE CRISTAL,gid://shopify/ProductVariant/57844780630341,2443.9,1323.99,1062.54,update,2550
gid://shopify/Product/15850278650181,BRANCHE CRISTAL,gid://shopify/ProductVariant/57844780663109,2443.9,1253.99,1062.54,update,2550
gid://shopify/Product/15850278650181,BRANCHE CRISTAL,gid://shopify/ProductVariant/57844780695877,3479.9,1932.99,1512.99,update,3631
gid://shopify/Product/15850278650181,BRANCHE CRISTAL,gid://shopify/ProductVariant/57844780728645,3479.9,1771.99,1512.99,update,3631
gid://shopify/Product/15850278650181,BRANCHE CRISTAL,gid://shopify/ProductVariant/57844780761413,3479.9,1913.99,1512.99,update,3631
gid://shopify/Product/15850278650181,BRANCHE CRISTAL,gid://shopify/ProductVariant/57844780794181,1526.9,770.99,663.8,update,1593
gid://shopify/Product/15850278650181,BRANCHE CRISTAL,gid://shopify/ProductVariant/57844780826949,1526.9,823.99,663.8,update,1593
gid://shopify/Product/15850278650181,BRANCHE CRISTAL,gid://shopify/ProductVariant/57844780859717,1526.9,817.99,663.8,update,1593
gid://shopify/Product/15850278781253,BAMBOU TRESSE,gid://shopify/ProductVariant/57844782760261,147.9,32.99,23.73,update,57
gid://shopify/Product/15850278781253,BAMBOU TRESSE,gid://shopify/ProductVariant/57844782793029,147.9,33.99,23.4,update,56
gid://shopify/Product/15850278781253,BAMBOU TRESSE,gid://shopify/ProductVariant/57844782825797,167.9,34.99,26.63,update,64
gid://shopify/Product/15850278781253,BAMBOU TRESSE,gid://shopify/ProductVariant/57844782858565,144.9,34.99,23.1,update,55
gid://shopify/Product/15850278781253,BAMBOU TRESSE,gid://shopify/ProductVariant/57844782891333,229.9,47.99,36.77,update,88
gid://shopify/Product/15850278781253,BAMBOU TRESSE,gid://shopify/ProductVariant/57844782924101,201.9,40.99,32.21,update,77
gid://shopify/Product/15850278781253,BAMBOU TRESSE,gid://shopify/ProductVariant/57844782956869,279.9,61.99,44.75,update,107
gid://shopify/Product/15850278781253,BAMBOU TRESSE,gid://shopify/ProductVariant/57844782989637,189.9,42.99,30.26,update,73
gid://shopify/Product/15850278781253,BAMBOU TRESSE,gid://shopify/ProductVariant/57844783022405,181.9,43.99,29.04,update,70
gid://shopify/Product/15850278781253,BAMBOU TRESSE,gid://shopify/ProductVariant/57844783055173,281.9,59.99,45.01,update,108
gid://shopify/Product/15850278781253,BAMBOU TRESSE,gid://shopify/ProductVariant/57844783087941,65.9,34.99,26.36,update,63
gid://shopify/Product/15850278781253,BAMBOU TRESSE,gid://shopify/ProductVariant/57844783120709,58.9,33.99,23.69,update,57
gid://shopify/Product/15850278781253,BAMBOU TRESSE,gid://shopify/ProductVariant/57844783153477,66.9,40.99,26.8,update,64
gid://shopify/Product/15850278781253,BAMBOU TRESSE,gid://shopify/ProductVariant/57844783186245,70.9,41.99,28.41,update,68
gid://shopify/Product/15850278781253,BAMBOU TRESSE,gid://shopify/ProductVariant/57844783219013,71.9,42.99,28.73,update,69
gid://shopify/Product/15850278846789,AMPOULE EDISON,gid://shopify/ProductVariant/57844783317317,132.9,30.99,21.14,update,51
gid://shopify/Product/15850278846789,AMPOULE EDISON,gid://shopify/ProductVariant/57844783350085,132.9,31.99,21.14,update,51
gid://shopify/Product/15850278879557,RUBAN MURAL,gid://shopify/ProductVariant/57844783448389,769.9,155.99,123.07,update,295
gid://shopify/Product/15850278879557,RUBAN MURAL,gid://shopify/ProductVariant/57844783481157,576.9,112.99,92.31,update,222
gid://shopify/Product/15850278879557,RUBAN MURAL,gid://shopify/ProductVariant/57844783513925,1146.9,236.99,183.46,update,440
gid://shopify/Product/15850278879557,RUBAN MURAL,gid://shopify/ProductVariant/57844783546693,1056.9,209.99,169.21,update,406
gid://shopify/Product/15850278879557,RUBAN MURAL,gid://shopify/ProductVariant/57844783579461,441.9,96.99,70.94,update,170
gid://shopify/Product/15850278879557,RUBAN MURAL,gid://shopify/ProductVariant/57844783612229,179.9,42.99,28.63,update,69
gid://shopify/Product/15850278879557,RUBAN MURAL,gid://shopify/ProductVariant/57844783644997,11.9,1.99,2.02,skipped(suspect),
gid://shopify/Product/15850278879557,RUBAN MURAL,gid://shopify/ProductVariant/57844783677765,11.9,1.99,2.02,skipped(suspect),
gid://shopify/Product/15850278879557,RUBAN MURAL,gid://shopify/ProductVariant/57844783710533,11.9,2.99,2.02,skipped(suspect),
gid://shopify/Product/15850278879557,RUBAN MURAL,gid://shopify/ProductVariant/57844783743301,11.9,1.99,2.02,skipped(suspect),
gid://shopify/Product/15850278879557,RUBAN MURAL,gid://shopify/ProductVariant/57844783776069,4.9,1.99,2.02,skipped(suspect),
gid://shopify/Product/15850278879557,RUBAN MURAL,gid://shopify/ProductVariant/57844783808837,4.9,1.99,2.02,skipped(suspect),
gid://shopify/Product/15850278879557,RUBAN MURAL,gid://shopify/ProductVariant/57844783841605,4.9,1.99,2.02,skipped(suspect),
gid://shopify/Product/15850278879557,RUBAN MURAL,gid://shopify/ProductVariant/57844783874373,176.9,100.99,70.76,update,170
gid://shopify/Product/15850278879557,RUBAN MURAL,gid://shopify/ProductVariant/57844783907141,1063.9,490.99,425.6,update,1021
gid://shopify/Product/15850278879557,RUBAN MURAL,gid://shopify/ProductVariant/57844783939909,278.9,146.99,111.79,update,268
gid://shopify/Product/15850278879557,RUBAN MURAL,gid://shopify/ProductVariant/57844783972677,195.9,102.99,78.34,update,188
gid://shopify/Product/15850278879557,RUBAN MURAL,gid://shopify/ProductVariant/57844784005445,458.9,231.99,183.46,update,440
gid://shopify/Product/15850278879557,RUBAN MURAL,gid://shopify/ProductVariant/57844784038213,422.9,216.99,169.21,update,406
gid://shopify/Product/15850278879557,RUBAN MURAL,gid://shopify/ProductVariant/57844784070981,781.9,381.99,312.79,update,751
gid://shopify/Product/15850278879557,RUBAN MURAL,gid://shopify/ProductVariant/57844784103749,550.9,254.99,220.49,update,529
gid://shopify/Product/15850278879557,RUBAN MURAL,gid://shopify/ProductVariant/57844784136517,1227.9,581.99,491.24,update,1179
gid://shopify/Product/15850278879557,RUBAN MURAL,gid://shopify/ProductVariant/57844784169285,868.9,405.99,347.66,update,834
gid://shopify/Product/15850278879557,RUBAN MURAL,gid://shopify/ProductVariant/57844784202053,483.9,241.99,193.72,update,465
gid://shopify/Product/15850278879557,RUBAN MURAL,gid://shopify/ProductVariant/57844784234821,4.9,2.99,2.02,skipped(suspect),
gid://shopify/Product/15850278879557,RUBAN MURAL,gid://shopify/ProductVariant/57844784267589,355.9,184.99,142.44,update,342
gid://shopify/Product/15850278879557,RUBAN MURAL,gid://shopify/ProductVariant/57844784300357,4.9,1.99,2.02,skipped(suspect),
gid://shopify/Product/15850278879557,RUBAN MURAL,gid://shopify/ProductVariant/57844784333125,637.9,319.99,255.37,update,613
gid://shopify/Product/15850278879557,RUBAN MURAL,gid://shopify/ProductVariant/57844784365893,553.9,276.99,221.52,update,532
gid://shopify/Product/15850278879557,RUBAN MURAL,gid://shopify/ProductVariant/57844784398661,230.9,126.99,92.31,update,222
gid://shopify/Product/15850278879557,RUBAN MURAL,gid://shopify/ProductVariant/57844784431429,176.9,99.99,70.94,update,170
gid://shopify/Product/15850278879557,RUBAN MURAL,gid://shopify/ProductVariant/57844784464197,422.9,215.99,169.21,update,406
gid://shopify/Product/15850278879557,RUBAN MURAL,gid://shopify/ProductVariant/57844784496965,307.9,159.99,123.07,update,295
gid://shopify/Product/15850278879557,RUBAN MURAL,gid://shopify/ProductVariant/57844784529733,781.9,378.99,312.79,update,751
gid://shopify/Product/15850278879557,RUBAN MURAL,gid://shopify/ProductVariant/57844784562501,550.9,278.99,220.49,update,529
gid://shopify/Product/15850278879557,RUBAN MURAL,gid://shopify/ProductVariant/57844784595269,71.9,40.99,28.63,update,69
gid://shopify/Product/15850278879557,RUBAN MURAL,gid://shopify/ProductVariant/57844784628037,1063.9,509.99,425.6,update,1021
gid://shopify/Product/15850278879557,RUBAN MURAL,gid://shopify/ProductVariant/57844784660805,176.9,91.99,70.94,update,170
gid://shopify/Product/15850278879557,RUBAN MURAL,gid://shopify/ProductVariant/57844784693573,71.9,39.99,28.63,update,69
gid://shopify/Product/15850278879557,RUBAN MURAL,gid://shopify/ProductVariant/57844784726341,307.9,153.99,123.07,update,295
gid://shopify/Product/15850278879557,RUBAN MURAL,gid://shopify/ProductVariant/57844784759109,230.9,124.99,92.31,update,222
gid://shopify/Product/15850278879557,RUBAN MURAL,gid://shopify/ProductVariant/57844784791877,550.9,274.99,220.49,update,529
gid://shopify/Product/15850278879557,RUBAN MURAL,gid://shopify/ProductVariant/57844784824645,458.9,224.99,183.46,update,440
gid://shopify/Product/15850278879557,RUBAN MURAL,gid://shopify/ProductVariant/57844784857413,1063.9,543.99,425.6,update,1021
gid://shopify/Product/15850278879557,RUBAN MURAL,gid://shopify/ProductVariant/57844784890181,781.9,380.99,312.79,update,751
gid://shopify/Product/15850278912325,BULLES DE VERRE,gid://shopify/ProductVariant/57844785021253,1332.9,266.99,213.02,update,511
gid://shopify/Product/15850278912325,BULLES DE VERRE,gid://shopify/ProductVariant/57844785054021,1332.9,247.99,213.02,update,511
gid://shopify/Product/15850278912325,BULLES DE VERRE,gid://shopify/ProductVariant/57844785086789,1714.9,314.99,274.22,update,658
gid://shopify/Product/15850278912325,BULLES DE VERRE,gid://shopify/ProductVariant/57844785119557,1714.9,343.99,274.22,update,658
gid://shopify/Product/15850278912325,BULLES DE VERRE,gid://shopify/ProductVariant/57844785152325,1332.9,271.99,213.02,update,511
gid://shopify/Product/15850278912325,BULLES DE VERRE,gid://shopify/ProductVariant/57844785185093,1331.9,247.99,213.02,update,511
gid://shopify/Product/15850278912325,BULLES DE VERRE,gid://shopify/ProductVariant/57844785217861,1331.9,266.99,213.02,update,511
gid://shopify/Product/15850278912325,BULLES DE VERRE,gid://shopify/ProductVariant/57844785250629,1331.9,254.99,213.02,update,511
gid://shopify/Product/15850278912325,BULLES DE VERRE,gid://shopify/ProductVariant/57844785283397,1714.9,336.99,274.22,update,658
gid://shopify/Product/15850278912325,BULLES DE VERRE,gid://shopify/ProductVariant/57844785316165,1714.9,337.99,274.22,update,658
gid://shopify/Product/15850278912325,BULLES DE VERRE,gid://shopify/ProductVariant/57844785348933,685.9,335.99,274.22,update,658
gid://shopify/Product/15850278912325,BULLES DE VERRE,gid://shopify/ProductVariant/57844785381701,685.9,323.99,274.22,update,658
gid://shopify/Product/15850278912325,BULLES DE VERRE,gid://shopify/ProductVariant/57844785414469,532.9,266.99,213.02,update,511
gid://shopify/Product/15850278912325,BULLES DE VERRE,gid://shopify/ProductVariant/57844785447237,532.9,244.99,213.02,update,511
gid://shopify/Product/15850278912325,BULLES DE VERRE,gid://shopify/ProductVariant/57844785480005,7.9,3.99,3.27,skipped(suspect),
gid://shopify/Product/15850278912325,BULLES DE VERRE,gid://shopify/ProductVariant/57844785512773,7.9,4.99,3.27,skipped(suspect),
gid://shopify/Product/15850278912325,BULLES DE VERRE,gid://shopify/ProductVariant/57844785545541,685.9,330.99,274.22,update,658
gid://shopify/Product/15850278912325,BULLES DE VERRE,gid://shopify/ProductVariant/57844785578309,685.9,318.99,274.22,update,658
gid://shopify/Product/15850278912325,BULLES DE VERRE,gid://shopify/ProductVariant/57844785611077,7.9,4.99,3.27,skipped(suspect),
gid://shopify/Product/15850278912325,BULLES DE VERRE,gid://shopify/ProductVariant/57844785643845,7.9,3.99,3.27,skipped(suspect),
gid://shopify/Product/15850278945093,MARBRE CHAINE,gid://shopify/ProductVariant/57844790919493,19941.9,4127.99,3468.29,update,8324
gid://shopify/Product/15850278945093,MARBRE CHAINE,gid://shopify/ProductVariant/57844790952261,19941.9,4218.99,3468.29,update,8324
gid://shopify/Product/15850278945093,MARBRE CHAINE,gid://shopify/ProductVariant/57844790985029,19941.9,4079.99,3468.29,update,8324
gid://shopify/Product/15850278945093,MARBRE CHAINE,gid://shopify/ProductVariant/57844791017797,19941.9,4351.99,3468.29,update,8324
gid://shopify/Product/15850278945093,MARBRE CHAINE,gid://shopify/ProductVariant/57844791050565,14901.9,3160.99,2591.94,update,6221
gid://shopify/Product/15850278945093,MARBRE CHAINE,gid://shopify/ProductVariant/57844791083333,14901.9,3111.99,2591.94,update,6221
gid://shopify/Product/15850278945093,MARBRE CHAINE,gid://shopify/ProductVariant/57844791116101,14901.9,3193.99,2591.94,update,6221
gid://shopify/Product/15850278945093,MARBRE CHAINE,gid://shopify/ProductVariant/57844791148869,14901.9,3260.99,2591.94,update,6221
gid://shopify/Product/15850278945093,MARBRE CHAINE,gid://shopify/ProductVariant/57844791181637,14901.9,3209.99,2591.94,update,6221
gid://shopify/Product/15850278945093,MARBRE CHAINE,gid://shopify/ProductVariant/57844791214405,14901.9,3002.99,2591.94,update,6221
gid://shopify/Product/15850278945093,MARBRE CHAINE,gid://shopify/ProductVariant/57844791247173,5960.9,3215.99,2591.94,update,6221
gid://shopify/Product/15850278945093,MARBRE CHAINE,gid://shopify/ProductVariant/57844791279941,7976.9,4316.99,3468.29,update,8324
gid://shopify/Product/15850278945093,MARBRE CHAINE,gid://shopify/ProductVariant/57844791312709,7976.9,4369.99,3468.29,update,8324
gid://shopify/Product/15850278945093,MARBRE CHAINE,gid://shopify/ProductVariant/57844791345477,7976.9,4013.99,3468.29,update,8324
gid://shopify/Product/15850278945093,MARBRE CHAINE,gid://shopify/ProductVariant/57844791378245,7976.9,4026.99,3468.29,update,8324
gid://shopify/Product/15850278945093,MARBRE CHAINE,gid://shopify/ProductVariant/57844791411013,7976.9,4183.99,3468.29,update,8324
gid://shopify/Product/15850278945093,MARBRE CHAINE,gid://shopify/ProductVariant/57844791673157,190.9,105.99,76.21,update,183
gid://shopify/Product/15850278945093,MARBRE CHAINE,gid://shopify/ProductVariant/57844791705925,190.9,98.99,76.21,update,183
gid://shopify/Product/15850278945093,MARBRE CHAINE,gid://shopify/ProductVariant/57844791804229,190.9,106.99,76.21,update,183
gid://shopify/Product/15850278945093,MARBRE CHAINE,gid://shopify/ProductVariant/57844791836997,190.9,105.99,76.21,update,183
gid://shopify/Product/15850278945093,MARBRE CHAINE,gid://shopify/ProductVariant/57844791869765,190.9,98.99,76.21,update,183
gid://shopify/Product/15850278945093,MARBRE CHAINE,gid://shopify/ProductVariant/57844791902533,190.9,98.99,76.21,update,183
gid://shopify/Product/15850278945093,MARBRE CHAINE,gid://shopify/ProductVariant/57844791935301,811.9,405.99,324.87,update,780
gid://shopify/Product/15850278945093,MARBRE CHAINE,gid://shopify/ProductVariant/57844791968069,811.9,383.99,324.87,update,780
gid://shopify/Product/15850278945093,MARBRE CHAINE,gid://shopify/ProductVariant/57844792000837,811.9,410.99,324.87,update,780
gid://shopify/Product/15850278945093,MARBRE CHAINE,gid://shopify/ProductVariant/57844792033605,811.9,405.99,324.87,update,780
gid://shopify/Product/15850278945093,MARBRE CHAINE,gid://shopify/ProductVariant/57844792066373,811.9,373.99,324.87,update,780
gid://shopify/Product/15850278945093,MARBRE CHAINE,gid://shopify/ProductVariant/57844792099141,811.9,406.99,324.87,update,780
gid://shopify/Product/15850278945093,MARBRE CHAINE,gid://shopify/ProductVariant/57844792131909,811.9,384.99,324.87,update,780
gid://shopify/Product/15850278945093,MARBRE CHAINE,gid://shopify/ProductVariant/57844792164677,811.9,375.99,324.87,update,780
gid://shopify/Product/15850278945093,MARBRE CHAINE,gid://shopify/ProductVariant/57844792197445,190.9,105.99,76.21,update,183
gid://shopify/Product/15850278945093,MARBRE CHAINE,gid://shopify/ProductVariant/57844792230213,190.9,104.99,76.21,update,183
gid://shopify/Product/15850278945093,MARBRE CHAINE,gid://shopify/ProductVariant/57844792262981,190.9,97.99,76.21,update,183
gid://shopify/Product/15850278945093,MARBRE CHAINE,gid://shopify/ProductVariant/57844792295749,190.9,102.99,76.21,update,183
gid://shopify/Product/15850278945093,MARBRE CHAINE,gid://shopify/ProductVariant/57844792328517,190.9,101.99,76.21,update,183
gid://shopify/Product/15850278945093,MARBRE CHAINE,gid://shopify/ProductVariant/57844792361285,190.9,103.99,76.21,update,183
gid://shopify/Product/15850278945093,MARBRE CHAINE,gid://shopify/ProductVariant/57844792394053,190.9,103.99,76.21,update,183
gid://shopify/Product/15850278945093,MARBRE CHAINE,gid://shopify/ProductVariant/57844792426821,190.9,101.99,76.21,update,183
gid://shopify/Product/15850278945093,MARBRE CHAINE,gid://shopify/ProductVariant/57844792459589,190.9,99.99,76.21,update,183
gid://shopify/Product/15850278945093,MARBRE CHAINE,gid://shopify/ProductVariant/57844792492357,190.9,97.99,76.21,update,183
gid://shopify/Product/15850278945093,MARBRE CHAINE,gid://shopify/ProductVariant/57844792525125,190.9,103.99,76.21,update,183
gid://shopify/Product/15850278945093,MARBRE CHAINE,gid://shopify/ProductVariant/57844792557893,190.9,105.99,76.21,update,183
gid://shopify/Product/15850278945093,MARBRE CHAINE,gid://shopify/ProductVariant/57844792590661,1281.9,656.99,557.5,update,1338
gid://shopify/Product/15850278945093,MARBRE CHAINE,gid://shopify/ProductVariant/57844792623429,1281.9,677.99,557.5,update,1338
gid://shopify/Product/15850278945093,MARBRE CHAINE,gid://shopify/ProductVariant/57844792656197,1281.9,643.99,557.5,update,1338
gid://shopify/Product/15850278945093,MARBRE CHAINE,gid://shopify/ProductVariant/57844792688965,1281.9,702.99,557.5,update,1338
gid://shopify/Product/15850278945093,MARBRE CHAINE,gid://shopify/ProductVariant/57844792721733,1281.9,657.99,557.5,update,1338
gid://shopify/Product/15850278945093,MARBRE CHAINE,gid://shopify/ProductVariant/57844792754501,1281.9,674.99,557.5,update,1338
gid://shopify/Product/15850278945093,MARBRE CHAINE,gid://shopify/ProductVariant/57844792787269,1281.9,667.99,557.5,update,1338
gid://shopify/Product/15850278945093,MARBRE CHAINE,gid://shopify/ProductVariant/57844792820037,1815.9,922.99,789.62,update,1895
gid://shopify/Product/15850278945093,MARBRE CHAINE,gid://shopify/ProductVariant/57844792852805,1815.9,1002.99,789.62,update,1895
gid://shopify/Product/15850278945093,MARBRE CHAINE,gid://shopify/ProductVariant/57844792885573,1815.9,995.99,789.62,update,1895
gid://shopify/Product/15850278945093,MARBRE CHAINE,gid://shopify/ProductVariant/57844792918341,1815.9,963.99,789.62,update,1895
gid://shopify/Product/15850278945093,MARBRE CHAINE,gid://shopify/ProductVariant/57844792951109,1815.9,1000.99,789.62,update,1895
gid://shopify/Product/15850278945093,MARBRE CHAINE,gid://shopify/ProductVariant/57844792983877,811.9,403.99,324.87,update,780
gid://shopify/Product/15850278945093,MARBRE CHAINE,gid://shopify/ProductVariant/57844793016645,811.9,390.99,324.87,update,780
gid://shopify/Product/15850278945093,MARBRE CHAINE,gid://shopify/ProductVariant/57844793049413,811.9,386.99,324.87,update,780
gid://shopify/Product/15850278945093,MARBRE CHAINE,gid://shopify/ProductVariant/57844793082181,811.9,390.99,324.87,update,780
gid://shopify/Product/15850278945093,MARBRE CHAINE,gid://shopify/ProductVariant/57844793114949,811.9,403.99,324.87,update,780
gid://shopify/Product/15850278945093,MARBRE CHAINE,gid://shopify/ProductVariant/57844793147717,811.9,384.99,324.87,update,780
gid://shopify/Product/15850278945093,MARBRE CHAINE,gid://shopify/ProductVariant/57844793180485,811.9,375.99,324.87,update,780
gid://shopify/Product/15850278945093,MARBRE CHAINE,gid://shopify/ProductVariant/57844793213253,811.9,388.99,324.87,update,780
gid://shopify/Product/15850278945093,MARBRE CHAINE,gid://shopify/ProductVariant/57844793246021,811.9,393.99,324.87,update,780
gid://shopify/Product/15850278945093,MARBRE CHAINE,gid://shopify/ProductVariant/57844793278789,811.9,410.99,324.87,update,780
gid://shopify/Product/15850278945093,MARBRE CHAINE,gid://shopify/ProductVariant/57844793311557,1281.9,653.99,557.5,update,1338
gid://shopify/Product/15850278945093,MARBRE CHAINE,gid://shopify/ProductVariant/57844793344325,1281.9,698.99,557.5,update,1338
gid://shopify/Product/15850278945093,MARBRE CHAINE,gid://shopify/ProductVariant/57844793377093,2411.9,1338.99,1048.81,update,2517
gid://shopify/Product/15850278945093,MARBRE CHAINE,gid://shopify/ProductVariant/57844793409861,2980.9,1650.99,1295.97,update,3110
gid://shopify/Product/15850278945093,MARBRE CHAINE,gid://shopify/ProductVariant/57844793442629,2980.9,1500.99,1295.97,update,3110
gid://shopify/Product/15850278945093,MARBRE CHAINE,gid://shopify/ProductVariant/57844793475397,2980.9,1567.99,1295.97,update,3110
gid://shopify/Product/15850278945093,MARBRE CHAINE,gid://shopify/ProductVariant/57844793508165,2980.9,1536.99,1295.97,update,3110
gid://shopify/Product/15850278945093,MARBRE CHAINE,gid://shopify/ProductVariant/57844793540933,2980.9,1631.99,1295.97,update,3110
gid://shopify/Product/15850278945093,MARBRE CHAINE,gid://shopify/ProductVariant/57844793573701,2980.9,1544.99,1295.97,update,3110
gid://shopify/Product/15850278945093,MARBRE CHAINE,gid://shopify/ProductVariant/57844793606469,2980.9,1582.99,1295.97,update,3110
gid://shopify/Product/15850278945093,MARBRE CHAINE,gid://shopify/ProductVariant/57844793639237,2980.9,1490.99,1295.97,update,3110
gid://shopify/Product/15850278945093,MARBRE CHAINE,gid://shopify/ProductVariant/57844793672005,2980.9,1523.99,1295.97,update,3110
gid://shopify/Product/15850278945093,MARBRE CHAINE,gid://shopify/ProductVariant/57844793704773,4073.9,2165.99,1771.24,update,4251
gid://shopify/Product/15850278945093,MARBRE CHAINE,gid://shopify/ProductVariant/57844793737541,4073.9,2105.99,1771.24,update,4251
gid://shopify/Product/15850278945093,MARBRE CHAINE,gid://shopify/ProductVariant/57844793770309,1815.9,970.99,789.62,update,1895
gid://shopify/Product/15850278945093,MARBRE CHAINE,gid://shopify/ProductVariant/57844793803077,1815.9,954.99,789.62,update,1895
gid://shopify/Product/15850278945093,MARBRE CHAINE,gid://shopify/ProductVariant/57844793835845,1815.9,967.99,789.62,update,1895
gid://shopify/Product/15850278945093,MARBRE CHAINE,gid://shopify/ProductVariant/57844793868613,1815.9,957.99,789.62,update,1895
gid://shopify/Product/15850278945093,MARBRE CHAINE,gid://shopify/ProductVariant/57844793901381,2411.9,1310.99,1048.81,update,2517
gid://shopify/Product/15850278945093,MARBRE CHAINE,gid://shopify/ProductVariant/57844793934149,2411.9,1231.99,1048.81,update,2517
gid://shopify/Product/15850278945093,MARBRE CHAINE,gid://shopify/ProductVariant/57844793966917,2411.9,1327.99,1048.81,update,2517
gid://shopify/Product/15850278945093,MARBRE CHAINE,gid://shopify/ProductVariant/57844793999685,2411.9,1308.99,1048.81,update,2517
gid://shopify/Product/15850278945093,MARBRE CHAINE,gid://shopify/ProductVariant/57844794032453,2411.9,1238.99,1048.81,update,2517
gid://shopify/Product/15850278945093,MARBRE CHAINE,gid://shopify/ProductVariant/57844794065221,2411.9,1206.99,1048.81,update,2517
gid://shopify/Product/15850278945093,MARBRE CHAINE,gid://shopify/ProductVariant/57844794097989,2411.9,1261.99,1048.81,update,2517
gid://shopify/Product/15850278945093,MARBRE CHAINE,gid://shopify/ProductVariant/57844794130757,2411.9,1236.99,1048.81,update,2517
gid://shopify/Product/15850278945093,MARBRE CHAINE,gid://shopify/ProductVariant/57844794163525,4984.9,2588.99,2167.3,update,5202
gid://shopify/Product/15850278945093,MARBRE CHAINE,gid://shopify/ProductVariant/57844794196293,4984.9,2727.99,2167.3,update,5202
gid://shopify/Product/15850278945093,MARBRE CHAINE,gid://shopify/ProductVariant/57844794229061,4984.9,2738.99,2167.3,update,5202
gid://shopify/Product/15850278945093,MARBRE CHAINE,gid://shopify/ProductVariant/57844794261829,4984.9,2759.99,2167.3,update,5202
gid://shopify/Product/15850278945093,MARBRE CHAINE,gid://shopify/ProductVariant/57844794294597,1302.9,650.99,566.52,update,1360
gid://shopify/Product/15850278945093,MARBRE CHAINE,gid://shopify/ProductVariant/57844794327365,1302.9,698.99,566.52,update,1360
gid://shopify/Product/15850278945093,MARBRE CHAINE,gid://shopify/ProductVariant/57844794360133,1302.9,713.99,566.52,update,1360
gid://shopify/Product/15850278945093,MARBRE CHAINE,gid://shopify/ProductVariant/57844794392901,1302.9,704.99,566.52,update,1360
gid://shopify/Product/15850278945093,MARBRE CHAINE,gid://shopify/ProductVariant/57844794425669,1302.9,658.99,566.52,update,1360
gid://shopify/Product/15850278945093,MARBRE CHAINE,gid://shopify/ProductVariant/57844794458437,1302.9,689.99,566.52,update,1360
gid://shopify/Product/15850278945093,MARBRE CHAINE,gid://shopify/ProductVariant/57844794491205,1302.9,668.99,566.52,update,1360
gid://shopify/Product/15850278945093,MARBRE CHAINE,gid://shopify/ProductVariant/57844794523973,1302.9,686.99,566.52,update,1360
gid://shopify/Product/15850278945093,MARBRE CHAINE,gid://shopify/ProductVariant/57844794556741,4073.9,2049.99,1771.24,update,4251
gid://shopify/Product/15850278945093,MARBRE CHAINE,gid://shopify/ProductVariant/57844794589509,4073.9,2265.99,1771.24,update,4251
gid://shopify/Product/15850278945093,MARBRE CHAINE,gid://shopify/ProductVariant/57844794622277,4073.9,2199.99,1771.24,update,4251
gid://shopify/Product/15850278945093,MARBRE CHAINE,gid://shopify/ProductVariant/57844794655045,4073.9,2057.99,1771.24,update,4251
gid://shopify/Product/15850278945093,MARBRE CHAINE,gid://shopify/ProductVariant/57844794687813,4073.9,2248.99,1771.24,update,4251
gid://shopify/Product/15850278945093,MARBRE CHAINE,gid://shopify/ProductVariant/57844794720581,4073.9,2242.99,1771.24,update,4251
gid://shopify/Product/15850278945093,MARBRE CHAINE,gid://shopify/ProductVariant/57844794753349,4073.9,2155.99,1771.24,update,4251
gid://shopify/Product/15850278945093,MARBRE CHAINE,gid://shopify/ProductVariant/57844794786117,4984.9,2688.99,2167.3,update,5202
gid://shopify/Product/15850278945093,MARBRE CHAINE,gid://shopify/ProductVariant/57844794818885,4984.9,2596.99,2167.3,update,5202
gid://shopify/Product/15850278945093,MARBRE CHAINE,gid://shopify/ProductVariant/57844794851653,4984.9,2765.99,2167.3,update,5202
gid://shopify/Product/15850278945093,MARBRE CHAINE,gid://shopify/ProductVariant/57844794884421,4984.9,2515.99,2167.3,update,5202
gid://shopify/Product/15850278945093,MARBRE CHAINE,gid://shopify/ProductVariant/57844794917189,4984.9,2518.99,2167.3,update,5202
gid://shopify/Product/15850278945093,MARBRE CHAINE,gid://shopify/ProductVariant/57844794949957,1858.9,942.99,808.17,update,1940
gid://shopify/Product/15850278945093,MARBRE CHAINE,gid://shopify/ProductVariant/57844794982725,1858.9,1014.99,808.17,update,1940
gid://shopify/Product/15850278945093,MARBRE CHAINE,gid://shopify/ProductVariant/57844795015493,1858.9,936.99,808.17,update,1940
gid://shopify/Product/15850278945093,MARBRE CHAINE,gid://shopify/ProductVariant/57844795048261,1858.9,988.99,808.17,update,1940
gid://shopify/Product/15850278945093,MARBRE CHAINE,gid://shopify/ProductVariant/57844795081029,1858.9,974.99,808.17,update,1940
gid://shopify/Product/15850278945093,MARBRE CHAINE,gid://shopify/ProductVariant/57844795113797,1858.9,1029.99,808.17,update,1940
gid://shopify/Product/15850278945093,MARBRE CHAINE,gid://shopify/ProductVariant/57844795146565,1858.9,953.99,808.17,update,1940
gid://shopify/Product/15850278945093,MARBRE CHAINE,gid://shopify/ProductVariant/57844795179333,2572.9,1323.99,1118.5,update,2684
gid://shopify/Product/15850278945093,MARBRE CHAINE,gid://shopify/ProductVariant/57844795212101,2572.9,1331.99,1118.5,update,2684
gid://shopify/Product/15850278945093,MARBRE CHAINE,gid://shopify/ProductVariant/57844795244869,2572.9,1401.99,1118.5,update,2684
gid://shopify/Product/15850278945093,MARBRE CHAINE,gid://shopify/ProductVariant/57844795277637,2572.9,1387.99,1118.5,update,2684
gid://shopify/Product/15850278945093,MARBRE CHAINE,gid://shopify/ProductVariant/57844795310405,2572.9,1392.99,1118.5,update,2684
gid://shopify/Product/15850278945093,MARBRE CHAINE,gid://shopify/ProductVariant/57844795343173,1302.9,673.99,566.52,update,1360
gid://shopify/Product/15850278945093,MARBRE CHAINE,gid://shopify/ProductVariant/57844795375941,1302.9,670.99,566.52,update,1360
gid://shopify/Product/15850278945093,MARBRE CHAINE,gid://shopify/ProductVariant/57844795408709,1302.9,655.99,566.52,update,1360
gid://shopify/Product/15850278945093,MARBRE CHAINE,gid://shopify/ProductVariant/57844795441477,1302.9,665.99,566.52,update,1360
gid://shopify/Product/15850278945093,MARBRE CHAINE,gid://shopify/ProductVariant/57844795474245,1302.9,707.99,566.52,update,1360
gid://shopify/Product/15850278945093,MARBRE CHAINE,gid://shopify/ProductVariant/57844795507013,1302.9,693.99,566.52,update,1360
gid://shopify/Product/15850278945093,MARBRE CHAINE,gid://shopify/ProductVariant/57844795539781,1302.9,661.99,566.52,update,1360
gid://shopify/Product/15850278945093,MARBRE CHAINE,gid://shopify/ProductVariant/57844795572549,1302.9,662.99,566.52,update,1360
gid://shopify/Product/15850278945093,MARBRE CHAINE,gid://shopify/ProductVariant/57844795605317,1302.9,684.99,566.52,update,1360
gid://shopify/Product/15850278945093,MARBRE CHAINE,gid://shopify/ProductVariant/57844795638085,1302.9,680.99,566.52,update,1360
gid://shopify/Product/15850278945093,MARBRE CHAINE,gid://shopify/ProductVariant/57844795670853,1858.9,984.99,808.17,update,1940
gid://shopify/Product/15850278945093,MARBRE CHAINE,gid://shopify/ProductVariant/57844795703621,1858.9,1029.99,808.17,update,1940
gid://shopify/Product/15850278945093,MARBRE CHAINE,gid://shopify/ProductVariant/57844795736389,3559.9,1820.99,1547.65,update,3714
gid://shopify/Product/15850278945093,MARBRE CHAINE,gid://shopify/ProductVariant/57844795769157,4180.9,2162.99,1817.87,update,4363
gid://shopify/Product/15850278945093,MARBRE CHAINE,gid://shopify/ProductVariant/57844795801925,4180.9,2152.99,1817.87,update,4363
gid://shopify/Product/15850278945093,MARBRE CHAINE,gid://shopify/ProductVariant/57844795834693,4180.9,2117.99,1817.87,update,4363
gid://shopify/Product/15850278945093,MARBRE CHAINE,gid://shopify/ProductVariant/57844795867461,4180.9,2126.99,1817.87,update,4363
gid://shopify/Product/15850278945093,MARBRE CHAINE,gid://shopify/ProductVariant/57844795900229,4180.9,2251.99,1817.87,update,4363
gid://shopify/Product/15850278945093,MARBRE CHAINE,gid://shopify/ProductVariant/57844795932997,4180.9,2284.99,1817.87,update,4363
gid://shopify/Product/15850278945093,MARBRE CHAINE,gid://shopify/ProductVariant/57844795965765,4180.9,2254.99,1817.87,update,4363
gid://shopify/Product/15850278945093,MARBRE CHAINE,gid://shopify/ProductVariant/57844795998533,4180.9,2099.99,1817.87,update,4363
gid://shopify/Product/15850278945093,MARBRE CHAINE,gid://shopify/ProductVariant/57844796031301,4180.9,2287.99,1817.87,update,4363
gid://shopify/Product/15850278945093,MARBRE CHAINE,gid://shopify/ProductVariant/57844796064069,5960.9,3090.99,2591.94,update,6221
gid://shopify/Product/15850278945093,MARBRE CHAINE,gid://shopify/ProductVariant/57844796096837,5960.9,3010.99,2591.94,update,6221
gid://shopify/Product/15850278945093,MARBRE CHAINE,gid://shopify/ProductVariant/57844796129605,2572.9,1321.99,1118.5,update,2684
gid://shopify/Product/15850278945093,MARBRE CHAINE,gid://shopify/ProductVariant/57844796162373,2572.9,1337.99,1118.5,update,2684
gid://shopify/Product/15850278945093,MARBRE CHAINE,gid://shopify/ProductVariant/57844796195141,2572.9,1359.99,1118.5,update,2684
gid://shopify/Product/15850278945093,MARBRE CHAINE,gid://shopify/ProductVariant/57844796227909,2572.9,1383.99,1118.5,update,2684
gid://shopify/Product/15850278945093,MARBRE CHAINE,gid://shopify/ProductVariant/57844796260677,3559.9,1831.99,1547.65,update,3714
gid://shopify/Product/15850278945093,MARBRE CHAINE,gid://shopify/ProductVariant/57844796293445,3559.9,1978.99,1547.65,update,3714
gid://shopify/Product/15850278945093,MARBRE CHAINE,gid://shopify/ProductVariant/57844796326213,3559.9,1785.99,1547.65,update,3714
gid://shopify/Product/15850278945093,MARBRE CHAINE,gid://shopify/ProductVariant/57844796358981,3559.9,1860.99,1547.65,update,3714
gid://shopify/Product/15850278945093,MARBRE CHAINE,gid://shopify/ProductVariant/57844796391749,3559.9,1869.99,1547.65,update,3714
gid://shopify/Product/15850278945093,MARBRE CHAINE,gid://shopify/ProductVariant/57844796424517,3559.9,1929.99,1547.65,update,3714
gid://shopify/Product/15850278945093,MARBRE CHAINE,gid://shopify/ProductVariant/57844796457285,3559.9,1829.99,1547.65,update,3714
gid://shopify/Product/15850278945093,MARBRE CHAINE,gid://shopify/ProductVariant/57844796490053,3559.9,1871.99,1547.65,update,3714
gid://shopify/Product/15850278977861,TOUCHE COULEUR,gid://shopify/ProductVariant/57844785807685,106.9,24.99,17.1,update,41
gid://shopify/Product/15850278977861,TOUCHE COULEUR,gid://shopify/ProductVariant/57844785840453,99.9,20.99,15.94,update,38
gid://shopify/Product/15850278977861,TOUCHE COULEUR,gid://shopify/ProductVariant/57844785873221,106.9,24.99,17.39,update,42
gid://shopify/Product/15850278977861,TOUCHE COULEUR,gid://shopify/ProductVariant/57844785905989,109.9,24.99,17.43,update,42
gid://shopify/Product/15850278977861,TOUCHE COULEUR,gid://shopify/ProductVariant/57844785938757,106.9,23.99,17.25,update,41
gid://shopify/Product/15850279043397,CERCLE LED,gid://shopify/ProductVariant/57844786495813,237.9,53.99,37.87,update,91
gid://shopify/Product/15850279043397,CERCLE LED,gid://shopify/ProductVariant/57844786528581,314.9,64.99,50.28,update,121
gid://shopify/Product/15850279043397,CERCLE LED,gid://shopify/ProductVariant/57844786561349,304.9,68.99,48.62,update,117
gid://shopify/Product/15850279043397,CERCLE LED,gid://shopify/ProductVariant/57844786594117,237.9,49.99,37.87,update,91
gid://shopify/Product/15850279043397,CERCLE LED,gid://shopify/ProductVariant/57844786626885,304.9,67.99,48.62,update,117
gid://shopify/Product/15850279043397,CERCLE LED,gid://shopify/ProductVariant/57844786659653,469.9,105.99,75.08,update,180
gid://shopify/Product/15850279043397,CERCLE LED,gid://shopify/ProductVariant/57844786692421,469.9,104.99,75.08,update,180
gid://shopify/Product/15850279043397,CERCLE LED,gid://shopify/ProductVariant/57844786725189,469.9,103.99,75.08,update,180
gid://shopify/Product/15850279043397,CERCLE LED,gid://shopify/ProductVariant/57844786757957,469.9,101.99,75.08,update,180
gid://shopify/Product/15850279043397,CERCLE LED,gid://shopify/ProductVariant/57844786790725,324.9,70.99,51.94,update,125
gid://shopify/Product/15850279043397,CERCLE LED,gid://shopify/ProductVariant/57844786823493,121.9,63.99,48.84,update,117
gid://shopify/Product/15850279043397,CERCLE LED,gid://shopify/ProductVariant/57844786856261,96.9,51.99,38.63,update,93
gid://shopify/Product/15850279043397,CERCLE LED,gid://shopify/ProductVariant/57844786889029,96.9,51.99,38.63,update,93
gid://shopify/Product/15850279043397,CERCLE LED,gid://shopify/ProductVariant/57844786921797,213.9,112.99,85.79,update,206
gid://shopify/Product/15850279043397,CERCLE LED,gid://shopify/ProductVariant/57844786954565,208.9,112.99,83.67,update,201
gid://shopify/Product/15850279043397,CERCLE LED,gid://shopify/ProductVariant/57844786987333,244.9,120.99,98.16,update,236
gid://shopify/Product/15850279043397,CERCLE LED,gid://shopify/ProductVariant/57844787020101,227.9,117.99,91.31,update,219
gid://shopify/Product/15850279043397,CERCLE LED,gid://shopify/ProductVariant/57844787052869,272.9,137.99,109.28,update,262
gid://shopify/Product/15850279043397,CERCLE LED,gid://shopify/ProductVariant/57844787085637,208.9,113.99,83.67,update,201
gid://shopify/Product/15850279043397,CERCLE LED,gid://shopify/ProductVariant/57844787118405,219.9,111.99,87.97,update,211
gid://shopify/Product/15850279043397,CERCLE LED,gid://shopify/ProductVariant/57844787151173,227.9,123.99,91.03,update,218
gid://shopify/Product/15850279043397,CERCLE LED,gid://shopify/ProductVariant/57844787183941,187.9,99.99,75.08,update,180
gid://shopify/Product/15850279043397,CERCLE LED,gid://shopify/ProductVariant/57844787216709,187.9,95.99,75.08,update,180
gid://shopify/Product/15850279043397,CERCLE LED,gid://shopify/ProductVariant/57844787249477,227.9,121.99,91.31,update,219
gid://shopify/Product/15850279043397,CERCLE LED,gid://shopify/ProductVariant/57844787282245,192.9,107.99,77.28,update,185
gid://shopify/Product/15850279043397,CERCLE LED,gid://shopify/ProductVariant/57844787315013,213.9,113.99,85.79,update,206
gid://shopify/Product/15850279043397,CERCLE LED,gid://shopify/ProductVariant/57844787347781,246.9,126.99,98.69,update,237
gid://shopify/Product/15850279043397,CERCLE LED,gid://shopify/ProductVariant/57844787380549,271.9,143.99,108.81,update,261
gid://shopify/Product/15850279043397,CERCLE LED,gid://shopify/ProductVariant/57844787413317,157.9,83.99,63.09,update,151
gid://shopify/Product/15850279043397,CERCLE LED,gid://shopify/ProductVariant/57844787446085,121.9,62.99,48.81,update,117
gid://shopify/Product/15850279043397,CERCLE LED,gid://shopify/ProductVariant/57844787478853,244.9,127.99,98.16,update,236
gid://shopify/Product/15850279043397,CERCLE LED,gid://shopify/ProductVariant/57844787511621,244.9,122.99,98.16,update,236
gid://shopify/Product/15850279043397,CERCLE LED,gid://shopify/ProductVariant/57844787544389,244.9,125.99,98.16,update,236
gid://shopify/Product/15850279043397,CERCLE LED,gid://shopify/ProductVariant/57844787577157,248.9,124.99,99.69,update,239
gid://shopify/Product/15850279043397,CERCLE LED,gid://shopify/ProductVariant/57844787609925,144.9,75.99,57.88,update,139
gid://shopify/Product/15850279043397,CERCLE LED,gid://shopify/ProductVariant/57844787642693,144.9,81.99,57.88,update,139
gid://shopify/Product/15850279043397,CERCLE LED,gid://shopify/ProductVariant/57844787675461,180.9,95.99,72.4,update,174
gid://shopify/Product/15850279043397,CERCLE LED,gid://shopify/ProductVariant/57844787708229,168.9,92.99,67.78,update,163
gid://shopify/Product/15850279043397,CERCLE LED,gid://shopify/ProductVariant/57844787740997,157.9,85.99,63.09,update,151
gid://shopify/Product/15850279043397,CERCLE LED,gid://shopify/ProductVariant/57844787773765,129.9,69.99,52.04,update,125
gid://shopify/Product/15850279043397,CERCLE LED,gid://shopify/ProductVariant/57844787806533,126.9,66.99,50.7,update,122
gid://shopify/Product/15850279043397,CERCLE LED,gid://shopify/ProductVariant/57844787839301,157.9,87.99,63.09,update,151
gid://shopify/Product/15850279043397,CERCLE LED,gid://shopify/ProductVariant/57844787872069,187.9,95.99,75.29,update,181
gid://shopify/Product/15850279043397,CERCLE LED,gid://shopify/ProductVariant/57844787904837,216.9,106.99,86.61,update,208
gid://shopify/Product/15850279043397,CERCLE LED,gid://shopify/ProductVariant/57844787937605,216.9,115.99,86.61,update,208
gid://shopify/Product/15850279043397,CERCLE LED,gid://shopify/ProductVariant/57844787970373,216.9,111.99,86.61,update,208
gid://shopify/Product/15850279043397,CERCLE LED,gid://shopify/ProductVariant/57844788003141,187.9,96.99,75.29,update,181
gid://shopify/Product/15850279043397,CERCLE LED,gid://shopify/ProductVariant/57844788035909,208.9,112.99,83.67,update,201
gid://shopify/Product/15850279043397,CERCLE LED,gid://shopify/ProductVariant/57844788068677,187.9,101.99,75.29,update,181
gid://shopify/Product/15850279043397,CERCLE LED,gid://shopify/ProductVariant/57844788101445,227.9,110.99,91.19,update,219
gid://shopify/Product/15850279043397,CERCLE LED,gid://shopify/ProductVariant/57844788134213,187.9,107.99,75.29,update,181
gid://shopify/Product/15850279043397,CERCLE LED,gid://shopify/ProductVariant/57844788166981,234.9,116.99,93.95,update,225
gid://shopify/Product/15850279043397,CERCLE LED,gid://shopify/ProductVariant/57844788199749,187.9,104.99,75.29,update,181
gid://shopify/Product/15850279043397,CERCLE LED,gid://shopify/ProductVariant/57844788232517,227.9,112.99,91.31,update,219
gid://shopify/Product/15850279043397,CERCLE LED,gid://shopify/ProductVariant/57844788265285,246.9,130.99,98.98,update,238
gid://shopify/Product/15850279043397,CERCLE LED,gid://shopify/ProductVariant/57844788298053,246.9,122.99,98.98,update,238
gid://shopify/Product/15850279043397,CERCLE LED,gid://shopify/ProductVariant/57844788330821,251.9,137.99,100.89,update,242
gid://shopify/Product/15850279043397,CERCLE LED,gid://shopify/ProductVariant/57844788363589,251.9,126.99,100.89,update,242
gid://shopify/Product/15850279043397,CERCLE LED,gid://shopify/ProductVariant/57844788396357,221.9,116.99,88.78,update,213
gid://shopify/Product/15850279043397,CERCLE LED,gid://shopify/ProductVariant/57844788429125,274.9,137.99,110.08,update,264
gid://shopify/Product/15850279043397,CERCLE LED,gid://shopify/ProductVariant/57844788461893,246.9,125.99,98.98,update,238
gid://shopify/Product/15850279043397,CERCLE LED,gid://shopify/ProductVariant/57844788494661,246.9,134.99,98.98,update,238
gid://shopify/Product/15850279043397,CERCLE LED,gid://shopify/ProductVariant/57844788527429,213.9,105.99,85.7,update,206
gid://shopify/Product/15850279043397,CERCLE LED,gid://shopify/ProductVariant/57844788560197,213.9,108.99,85.7,update,206
gid://shopify/Product/15850279043397,CERCLE LED,gid://shopify/ProductVariant/57844788592965,213.9,107.99,85.7,update,206
gid://shopify/Product/15850279043397,CERCLE LED,gid://shopify/ProductVariant/57844788625733,218.9,115.99,87.55,update,210
gid://shopify/Product/15850279043397,CERCLE LED,gid://shopify/ProductVariant/57844788658501,251.9,125.99,100.89,update,242
gid://shopify/Product/15850279043397,CERCLE LED,gid://shopify/ProductVariant/57844788691269,213.9,112.99,85.7,update,206
gid://shopify/Product/15850279043397,CERCLE LED,gid://shopify/ProductVariant/57844788724037,213.9,113.99,85.7,update,206
gid://shopify/Product/15850279043397,CERCLE LED,gid://shopify/ProductVariant/57844788756805,178.9,90.99,71.59,update,172
gid://shopify/Product/15850279043397,CERCLE LED,gid://shopify/ProductVariant/57844788789573,276.9,142.99,110.88,update,266
gid://shopify/Product/15850279043397,CERCLE LED,gid://shopify/ProductVariant/57844788822341,223.9,110.99,89.58,update,215
gid://shopify/Product/15850279043397,CERCLE LED,gid://shopify/ProductVariant/57844788855109,248.9,124.99,99.77,update,239
gid://shopify/Product/15850279043397,CERCLE LED,gid://shopify/ProductVariant/57844788887877,248.9,131.99,99.77,update,239
gid://shopify/Product/15850279043397,CERCLE LED,gid://shopify/ProductVariant/57844788920645,218.9,105.99,87.55,update,210
gid://shopify/Product/15850279043397,CERCLE LED,gid://shopify/ProductVariant/57844788953413,218.9,115.99,87.55,update,210
gid://shopify/Product/15850279043397,CERCLE LED,gid://shopify/ProductVariant/57844788986181,248.9,133.99,99.77,update,239
gid://shopify/Product/15850279043397,CERCLE LED,gid://shopify/ProductVariant/57844789018949,248.9,136.99,99.77,update,239
gid://shopify/Product/15850279043397,CERCLE LED,gid://shopify/ProductVariant/57844789051717,283.9,145.99,113.65,update,273
gid://shopify/Product/15850279043397,CERCLE LED,gid://shopify/ProductVariant/57844789084485,263.9,130.99,105.71,update,254
gid://shopify/Product/15850279043397,CERCLE LED,gid://shopify/ProductVariant/57844789117253,230.9,112.99,92.4,update,222
gid://shopify/Product/15850279108933,DETECTEUR EXTERIEUR,gid://shopify/ProductVariant/57844789182789,201.9,41.99,32.58,update,78
gid://shopify/Product/15850279108933,DETECTEUR EXTERIEUR,gid://shopify/ProductVariant/57844789215557,211.9,44.99,34.05,update,82
gid://shopify/Product/15850279108933,DETECTEUR EXTERIEUR,gid://shopify/ProductVariant/57844789248325,201.9,42.99,32.56,update,78
gid://shopify/Product/15850279108933,DETECTEUR EXTERIEUR,gid://shopify/ProductVariant/57844789281093,199.9,42.99,32.04,update,77
gid://shopify/Product/15850279141701,TABLEAU LUMINEUX,gid://shopify/ProductVariant/57844789313861,1426.9,275.99,228.44,update,548
gid://shopify/Product/15850279141701,TABLEAU LUMINEUX,gid://shopify/ProductVariant/57844789346629,1186.9,241.99,190.04,update,456
gid://shopify/Product/15850279141701,TABLEAU LUMINEUX,gid://shopify/ProductVariant/57844789379397,1006.9,216.99,161.25,update,387
gid://shopify/Product/15850279141701,TABLEAU LUMINEUX,gid://shopify/ProductVariant/57844789412165,826.9,169.99,132.45,update,318
gid://shopify/Product/15850279141701,TABLEAU LUMINEUX,gid://shopify/ProductVariant/57844789444933,1426.9,291.99,228.44,update,548
gid://shopify/Product/15850279141701,TABLEAU LUMINEUX,gid://shopify/ProductVariant/57844789477701,1186.9,254.99,190.04,update,456
gid://shopify/Product/15850279141701,TABLEAU LUMINEUX,gid://shopify/ProductVariant/57844789510469,1006.9,201.99,161.25,update,387
gid://shopify/Product/15850279141701,TABLEAU LUMINEUX,gid://shopify/ProductVariant/57844789543237,826.9,177.99,132.45,update,318
gid://shopify/Product/15850279141701,TABLEAU LUMINEUX,gid://shopify/ProductVariant/57844789576005,1426.9,279.99,228.44,update,548
gid://shopify/Product/15850279141701,TABLEAU LUMINEUX,gid://shopify/ProductVariant/57844789608773,1186.9,241.99,190.04,update,456
gid://shopify/Product/15850279141701,TABLEAU LUMINEUX,gid://shopify/ProductVariant/57844789641541,402.9,214.99,161.25,update,387
gid://shopify/Product/15850279141701,TABLEAU LUMINEUX,gid://shopify/ProductVariant/57844789674309,330.9,173.99,132.45,update,318
gid://shopify/Product/15850279141701,TABLEAU LUMINEUX,gid://shopify/ProductVariant/57844789707077,330.9,164.99,132.45,update,318
gid://shopify/Product/15850279141701,TABLEAU LUMINEUX,gid://shopify/ProductVariant/57844789739845,570.9,265.99,228.44,update,548
gid://shopify/Product/15850279141701,TABLEAU LUMINEUX,gid://shopify/ProductVariant/57844789772613,474.9,237.99,190.04,update,456
gid://shopify/Product/15850279141701,TABLEAU LUMINEUX,gid://shopify/ProductVariant/57844789805381,402.9,201.99,161.25,update,387
gid://shopify/Product/15850279174469,MULTI-POINTS OR,gid://shopify/ProductVariant/57844790198597,471.9,99.99,75.78,update,182
gid://shopify/Product/15850279174469,MULTI-POINTS OR,gid://shopify/ProductVariant/57844790231365,399.9,86.99,63.81,update,153
gid://shopify/Product/15850279174469,MULTI-POINTS OR,gid://shopify/ProductVariant/57844790264133,471.9,97.99,75.65,update,182
gid://shopify/Product/15850279174469,MULTI-POINTS OR,gid://shopify/ProductVariant/57844790296901,536.9,110.99,86.13,update,207
gid://shopify/Product/15850279174469,MULTI-POINTS OR,gid://shopify/ProductVariant/57844790329669,416.9,92.99,66.65,update,160
gid://shopify/Product/15850279174469,MULTI-POINTS OR,gid://shopify/ProductVariant/57844790362437,1134.9,242.99,181.55,update,436
gid://shopify/Product/15850279174469,MULTI-POINTS OR,gid://shopify/ProductVariant/57844790395205,776.9,161.99,124.22,update,298
gid://shopify/Product/15850279174469,MULTI-POINTS OR,gid://shopify/ProductVariant/57844790427973,659.9,129.99,105.55,update,253
gid://shopify/Product/15850279174469,MULTI-POINTS OR,gid://shopify/ProductVariant/57844790460741,1139.9,225.99,182.53,update,438
gid://shopify/Product/15850279174469,MULTI-POINTS OR,gid://shopify/ProductVariant/57844790493509,776.9,165.99,124.22,update,298
gid://shopify/Product/15850279174469,MULTI-POINTS OR,gid://shopify/ProductVariant/57844790526277,238.9,128.99,95.53,update,229
gid://shopify/Product/15850279174469,MULTI-POINTS OR,gid://shopify/ProductVariant/57844790559045,263.9,133.99,105.55,update,253
gid://shopify/Product/15850279174469,MULTI-POINTS OR,gid://shopify/ProductVariant/57844790591813,281.9,151.99,112.67,update,270
gid://shopify/Product/15850279174469,MULTI-POINTS OR,gid://shopify/ProductVariant/57844790624581,459.9,224.99,184.13,update,442
gid://shopify/Product/15850279174469,MULTI-POINTS OR,gid://shopify/ProductVariant/57844790657349,239.9,127.99,96.16,update,231
gid://shopify/Product/15850279174469,MULTI-POINTS OR,gid://shopify/ProductVariant/57844790690117,402.9,209.99,161.34,update,387
gid://shopify/Product/15850279174469,MULTI-POINTS OR,gid://shopify/ProductVariant/57844790722885,281.9,154.99,112.67,update,270
gid://shopify/Product/15850279174469,MULTI-POINTS OR,gid://shopify/ProductVariant/57844790755653,456.9,224.99,182.68,update,438
gid://shopify/Product/15850279174469,MULTI-POINTS OR,gid://shopify/ProductVariant/57844790788421,231.9,124.99,92.86,update,223
gid://shopify/Product/15850279174469,MULTI-POINTS OR,gid://shopify/ProductVariant/57844790821189,251.9,134.99,100.98,update,242
gid://shopify/Product/15850279174469,MULTI-POINTS OR,gid://shopify/ProductVariant/57844790853957,214.9,108.99,86.13,update,207
gid://shopify/Product/15850279174469,MULTI-POINTS OR,gid://shopify/ProductVariant/57844790886725,166.9,95.99,66.65,update,160
gid://shopify/Product/15850279305541,MINI SUSPENSION,gid://shopify/ProductVariant/57844799832389,646.9,135.99,103.71,update,249
gid://shopify/Product/15850279305541,MINI SUSPENSION,gid://shopify/ProductVariant/57844799865157,646.9,135.99,103.71,update,249
gid://shopify/Product/15850279305541,MINI SUSPENSION,gid://shopify/ProductVariant/57844799897925,559.9,113.99,89.62,update,215
gid://shopify/Product/15850279305541,MINI SUSPENSION,gid://shopify/ProductVariant/57844799930693,559.9,120.99,89.62,update,215
gid://shopify/Product/15850279305541,MINI SUSPENSION,gid://shopify/ProductVariant/57844799963461,646.9,135.99,103.71,update,249
gid://shopify/Product/15850279305541,MINI SUSPENSION,gid://shopify/ProductVariant/57844799996229,559.9,120.99,89.62,update,215
gid://shopify/Product/15850279305541,MINI SUSPENSION,gid://shopify/ProductVariant/57844800028997,559.9,118.99,89.62,update,215
gid://shopify/Product/15850279305541,MINI SUSPENSION,gid://shopify/ProductVariant/57844800061765,559.9,112.99,89.62,update,215
gid://shopify/Product/15850279305541,MINI SUSPENSION,gid://shopify/ProductVariant/57844800094533,521.9,109.99,83.74,update,201
gid://shopify/Product/15850279305541,MINI SUSPENSION,gid://shopify/ProductVariant/57844800127301,521.9,102.99,83.74,update,201
gid://shopify/Product/15850279305541,MINI SUSPENSION,gid://shopify/ProductVariant/57844800160069,233.9,115.99,93.46,update,224
gid://shopify/Product/15850279305541,MINI SUSPENSION,gid://shopify/ProductVariant/57844800192837,223.9,110.99,89.62,update,215
gid://shopify/Product/15850279305541,MINI SUSPENSION,gid://shopify/ProductVariant/57844800225605,258.9,130.99,103.71,update,249
gid://shopify/Product/15850279305541,MINI SUSPENSION,gid://shopify/ProductVariant/57844800258373,233.9,115.99,93.45,update,224
gid://shopify/Product/15850279305541,MINI SUSPENSION,gid://shopify/ProductVariant/57844800291141,208.9,110.99,83.74,update,201
gid://shopify/Product/15850279305541,MINI SUSPENSION,gid://shopify/ProductVariant/57844800323909,233.9,120.99,93.45,update,224
gid://shopify/Product/15850279305541,MINI SUSPENSION,gid://shopify/ProductVariant/57844800356677,208.9,106.99,83.74,update,201
gid://shopify/Product/15850279305541,MINI SUSPENSION,gid://shopify/ProductVariant/57844800389445,208.9,103.99,83.74,update,201
gid://shopify/Product/15850279305541,MINI SUSPENSION,gid://shopify/ProductVariant/57844800422213,208.9,106.99,83.74,update,201
gid://shopify/Product/15850279305541,MINI SUSPENSION,gid://shopify/ProductVariant/57844800454981,208.9,103.99,83.74,update,201
gid://shopify/Product/15850279305541,MINI SUSPENSION,gid://shopify/ProductVariant/57844800487749,233.9,122.99,93.46,update,224
gid://shopify/Product/15850279305541,MINI SUSPENSION,gid://shopify/ProductVariant/57844800520517,208.9,110.99,83.74,update,201
gid://shopify/Product/15850279305541,MINI SUSPENSION,gid://shopify/ProductVariant/57844800553285,208.9,109.99,83.74,update,201
gid://shopify/Product/15850279305541,MINI SUSPENSION,gid://shopify/ProductVariant/57844800586053,233.9,127.99,93.46,update,224
gid://shopify/Product/15850279305541,MINI SUSPENSION,gid://shopify/ProductVariant/57844800618821,233.9,121.99,93.45,update,224
gid://shopify/Product/15850279338309,LIGNE ALU,gid://shopify/ProductVariant/57844800684357,309.9,64.99,49.58,update,119
gid://shopify/Product/15850279338309,LIGNE ALU,gid://shopify/ProductVariant/57844800717125,259.9,56.99,41.72,update,100
gid://shopify/Product/15850279338309,LIGNE ALU,gid://shopify/ProductVariant/57844800749893,314.9,66.99,50.2,update,120
gid://shopify/Product/15850279338309,LIGNE ALU,gid://shopify/ProductVariant/57844800782661,314.9,69.99,50.2,update,120
gid://shopify/Product/15850279338309,LIGNE ALU,gid://shopify/ProductVariant/57844800815429,259.9,53.99,41.72,update,100
gid://shopify/Product/15850279338309,LIGNE ALU,gid://shopify/ProductVariant/57844800848197,259.9,57.99,41.72,update,100
gid://shopify/Product/15850279338309,LIGNE ALU,gid://shopify/ProductVariant/57844800880965,259.9,58.99,41.72,update,100
gid://shopify/Product/15850279338309,LIGNE ALU,gid://shopify/ProductVariant/57844800913733,309.9,62.99,49.58,update,119
gid://shopify/Product/15850279338309,LIGNE ALU,gid://shopify/ProductVariant/57844800946501,314.9,64.99,50.2,update,120
gid://shopify/Product/15850279338309,LIGNE ALU,gid://shopify/ProductVariant/57844800979269,371.9,84.99,59.59,update,143
gid://shopify/Product/15850279338309,LIGNE ALU,gid://shopify/ProductVariant/57844801012037,148.9,77.99,59.59,update,143
gid://shopify/Product/15850279338309,LIGNE ALU,gid://shopify/ProductVariant/57844801044805,125.9,66.99,50.2,update,120
gid://shopify/Product/15850279338309,LIGNE ALU,gid://shopify/ProductVariant/57844801077573,87.9,47.99,35.38,update,85
gid://shopify/Product/15850279338309,LIGNE ALU,gid://shopify/ProductVariant/57844801110341,107.9,56.99,43.25,update,104
gid://shopify/Product/15850279338309,LIGNE ALU,gid://shopify/ProductVariant/57844801143109,107.9,60.99,43.25,update,104
gid://shopify/Product/15850279338309,LIGNE ALU,gid://shopify/ProductVariant/57844801175877,87.9,47.99,35.38,update,85
gid://shopify/Product/15850279338309,LIGNE ALU,gid://shopify/ProductVariant/57844801208645,87.9,48.99,35.38,update,85
gid://shopify/Product/15850279338309,LIGNE ALU,gid://shopify/ProductVariant/57844801241413,87.9,47.99,35.38,update,85
gid://shopify/Product/15850279371077,SCONCE ETANCHE,gid://shopify/ProductVariant/57844801339717,1934.9,379.99,309.7,update,743
gid://shopify/Product/15850279502149,BRANCHE VERRE,gid://shopify/ProductVariant/57844802781509,867.9,184.99,138.68,update,333
gid://shopify/Product/15850279502149,BRANCHE VERRE,gid://shopify/ProductVariant/57844802814277,972.9,212.99,155.56,update,373
gid://shopify/Product/15850279502149,BRANCHE VERRE,gid://shopify/ProductVariant/57844802847045,2914.9,610.99,507.07,update,1217
gid://shopify/Product/15850279502149,BRANCHE VERRE,gid://shopify/ProductVariant/57844802879813,3172.9,634.99,551.8,update,1324
gid://shopify/Product/15850279502149,BRANCHE VERRE,gid://shopify/ProductVariant/57844802912581,3654.9,750.99,635.21,update,1525
gid://shopify/Product/15850279502149,BRANCHE VERRE,gid://shopify/ProductVariant/57844802945349,1134.9,235.99,181.53,update,436
gid://shopify/Product/15850279502149,BRANCHE VERRE,gid://shopify/ProductVariant/57844802978117,1464.9,284.99,234.34,update,562
gid://shopify/Product/15850279502149,BRANCHE VERRE,gid://shopify/ProductVariant/57844803010885,1874.9,366.99,300.15,update,720
gid://shopify/Product/15850279502149,BRANCHE VERRE,gid://shopify/ProductVariant/57844803043653,2529.9,494.99,404.91,update,972
gid://shopify/Product/15850279534917,CREME FRANCAISE,gid://shopify/ProductVariant/57844803207493,821.9,178.99,131.47,update,316
gid://shopify/Product/15850279534917,CREME FRANCAISE,gid://shopify/ProductVariant/57844803240261,821.9,170.99,131.47,update,316
gid://shopify/Product/15850279534917,CREME FRANCAISE,gid://shopify/ProductVariant/57844803273029,821.9,172.99,131.47,update,316
gid://shopify/Product/15850279534917,CREME FRANCAISE,gid://shopify/ProductVariant/57844803305797,971.9,190.99,155.6,update,373
gid://shopify/Product/15850279534917,CREME FRANCAISE,gid://shopify/ProductVariant/57844803338565,971.9,207.99,155.6,update,373
gid://shopify/Product/15850279534917,CREME FRANCAISE,gid://shopify/ProductVariant/57844803371333,971.9,205.99,155.6,update,373
gid://shopify/Product/15850279534917,CREME FRANCAISE,gid://shopify/ProductVariant/57844803404101,851.9,173.99,136.47,update,328
gid://shopify/Product/15850279534917,CREME FRANCAISE,gid://shopify/ProductVariant/57844803436869,1084.9,228.99,173.74,update,417
gid://shopify/Product/15850279534917,CREME FRANCAISE,gid://shopify/ProductVariant/57844803469637,1084.9,212.99,173.74,update,417
gid://shopify/Product/15850279534917,CREME FRANCAISE,gid://shopify/ProductVariant/57844803502405,1084.9,238.99,173.74,update,417
gid://shopify/Product/15850279534917,CREME FRANCAISE,gid://shopify/ProductVariant/57844803535173,400.9,212.99,160.59,update,385
gid://shopify/Product/15850279534917,CREME FRANCAISE,gid://shopify/ProductVariant/57844803567941,446.9,228.99,178.9,update,429
gid://shopify/Product/15850279567685,CERCLE MINIMAL,gid://shopify/ProductVariant/57844803699013,1404.9,277.99,224.71,update,539
gid://shopify/Product/15850279567685,CERCLE MINIMAL,gid://shopify/ProductVariant/57844803731781,1209.9,252.99,193.72,update,465
gid://shopify/Product/15850279567685,CERCLE MINIMAL,gid://shopify/ProductVariant/57844803764549,727.9,158.99,116.23,update,279
gid://shopify/Product/15850279567685,CERCLE MINIMAL,gid://shopify/ProductVariant/57844803797317,727.9,149.99,116.23,update,279
gid://shopify/Product/15850279567685,CERCLE MINIMAL,gid://shopify/ProductVariant/57844803830085,919.9,195.99,147.23,update,353
gid://shopify/Product/15850279567685,CERCLE MINIMAL,gid://shopify/ProductVariant/57844803862853,919.9,188.99,147.23,update,353
gid://shopify/Product/15850279567685,CERCLE MINIMAL,gid://shopify/ProductVariant/57844803895621,1209.9,244.99,193.72,update,465
gid://shopify/Product/15850279567685,CERCLE MINIMAL,gid://shopify/ProductVariant/57844803928389,1114.9,236.99,178.22,update,428
gid://shopify/Product/15850279567685,CERCLE MINIMAL,gid://shopify/ProductVariant/57844803961157,1209.9,260.99,193.72,update,465
gid://shopify/Product/15850279567685,CERCLE MINIMAL,gid://shopify/ProductVariant/57844803993925,1209.9,259.99,193.72,update,465
gid://shopify/Product/15850279567685,CERCLE MINIMAL,gid://shopify/ProductVariant/57844804026693,561.9,269.99,224.71,update,539
gid://shopify/Product/15850279567685,CERCLE MINIMAL,gid://shopify/ProductVariant/57844804059461,367.9,190.99,147.23,update,353
gid://shopify/Product/15850279567685,CERCLE MINIMAL,gid://shopify/ProductVariant/57844804092229,367.9,193.99,147.23,update,353
gid://shopify/Product/15850279567685,CERCLE MINIMAL,gid://shopify/ProductVariant/57844804124997,445.9,223.99,178.22,update,428
gid://shopify/Product/15850279567685,CERCLE MINIMAL,gid://shopify/ProductVariant/57844804157765,367.9,194.99,147.23,update,353
gid://shopify/Product/15850279567685,CERCLE MINIMAL,gid://shopify/ProductVariant/57844804190533,290.9,154.99,116.23,update,279
gid://shopify/Product/15850279567685,CERCLE MINIMAL,gid://shopify/ProductVariant/57844804223301,290.9,155.99,116.23,update,279
gid://shopify/Product/15850279567685,CERCLE MINIMAL,gid://shopify/ProductVariant/57844804256069,367.9,180.99,147.23,update,353
gid://shopify/Product/15850279567685,CERCLE MINIMAL,gid://shopify/ProductVariant/57844804288837,367.9,201.99,147.23,update,353
gid://shopify/Product/15850279567685,CERCLE MINIMAL,gid://shopify/ProductVariant/57844804321605,290.9,149.99,116.23,update,279
gid://shopify/Product/15850279567685,CERCLE MINIMAL,gid://shopify/ProductVariant/57844804354373,561.9,269.99,224.71,update,539
gid://shopify/Product/15850279567685,CERCLE MINIMAL,gid://shopify/ProductVariant/57844804387141,367.9,190.99,147.23,update,353
gid://shopify/Product/15850279567685,CERCLE MINIMAL,gid://shopify/ProductVariant/57844804419909,290.9,157.99,116.23,update,279
gid://shopify/Product/15850279567685,CERCLE MINIMAL,gid://shopify/ProductVariant/57844804452677,445.9,236.99,178.22,update,428
gid://shopify/Product/15850279567685,CERCLE MINIMAL,gid://shopify/ProductVariant/57844804485445,367.9,191.99,147.23,update,353
gid://shopify/Product/15850279567685,CERCLE MINIMAL,gid://shopify/ProductVariant/57844804518213,483.9,259.99,193.72,update,465
gid://shopify/Product/15850279567685,CERCLE MINIMAL,gid://shopify/ProductVariant/57844804550981,483.9,246.99,193.72,update,465
gid://shopify/Product/15850279600453,ROTIN TRESSE,gid://shopify/ProductVariant/57844804583749,69.9,14.99,11.07,update,27
gid://shopify/Product/15850279600453,ROTIN TRESSE,gid://shopify/ProductVariant/57844804616517,91.9,19.99,14.84,update,36
gid://shopify/Product/15850279600453,ROTIN TRESSE,gid://shopify/ProductVariant/57844804649285,69.9,16.99,11.07,update,27
gid://shopify/Product/15850279600453,ROTIN TRESSE,gid://shopify/ProductVariant/57844804682053,69.9,16.99,11.07,update,27
gid://shopify/Product/15850279600453,ROTIN TRESSE,gid://shopify/ProductVariant/57844804714821,69.9,14.99,11.07,update,27
gid://shopify/Product/15850279600453,ROTIN TRESSE,gid://shopify/ProductVariant/57844804747589,119.9,27.99,19.09,update,46
gid://shopify/Product/15850279600453,ROTIN TRESSE,gid://shopify/ProductVariant/57844804780357,101.9,22.99,16.5,update,40
gid://shopify/Product/15850279600453,ROTIN TRESSE,gid://shopify/ProductVariant/57844804813125,166.9,38.99,26.63,update,64
gid://shopify/Product/15850279600453,ROTIN TRESSE,gid://shopify/ProductVariant/57844804845893,101.9,22.99,16.5,update,40
gid://shopify/Product/15850279600453,ROTIN TRESSE,gid://shopify/ProductVariant/57844804878661,101.9,22.99,16.5,update,40
gid://shopify/Product/15850279600453,ROTIN TRESSE,gid://shopify/ProductVariant/57844804911429,36.9,21.99,14.84,update,36
gid://shopify/Product/15850279600453,ROTIN TRESSE,gid://shopify/ProductVariant/57844804944197,40.9,22.99,16.5,update,40
gid://shopify/Product/15850279600453,ROTIN TRESSE,gid://shopify/ProductVariant/57844804976965,36.9,19.99,14.84,update,36
gid://shopify/Product/15850279600453,ROTIN TRESSE,gid://shopify/ProductVariant/57844805009733,36.9,20.99,14.84,update,36
gid://shopify/Product/15850279600453,ROTIN TRESSE,gid://shopify/ProductVariant/57844805042501,36.9,20.99,14.84,update,36
gid://shopify/Product/15850279600453,ROTIN TRESSE,gid://shopify/ProductVariant/57844805075269,36.9,20.99,14.84,update,36
gid://shopify/Product/15850279633221,FLEUR VERRE,gid://shopify/ProductVariant/57844805173573,149.9,32.99,23.83,update,57
gid://shopify/Product/15850279633221,FLEUR VERRE,gid://shopify/ProductVariant/57844805206341,226.9,51.99,36.58,update,88
gid://shopify/Product/15850279764293,GOURDE ARTISTIQUE,gid://shopify/ProductVariant/57844806746437,1391.9,276.99,222.67,update,534
gid://shopify/Product/15850279764293,GOURDE ARTISTIQUE,gid://shopify/ProductVariant/57844806779205,1391.9,264.99,222.67,update,534
gid://shopify/Product/15850279764293,GOURDE ARTISTIQUE,gid://shopify/ProductVariant/57844806811973,1391.9,258.99,222.67,update,534
gid://shopify/Product/15850279764293,GOURDE ARTISTIQUE,gid://shopify/ProductVariant/57844806844741,1391.9,255.99,222.67,update,534
gid://shopify/Product/15850279764293,GOURDE ARTISTIQUE,gid://shopify/ProductVariant/57844806877509,624.9,125.99,100.0,update,240
gid://shopify/Product/15850279764293,GOURDE ARTISTIQUE,gid://shopify/ProductVariant/57844806910277,624.9,126.99,100.0,update,240
gid://shopify/Product/15850279764293,GOURDE ARTISTIQUE,gid://shopify/ProductVariant/57844806943045,624.9,125.99,100.0,update,240
gid://shopify/Product/15850279764293,GOURDE ARTISTIQUE,gid://shopify/ProductVariant/57844806975813,624.9,123.99,100.0,update,240
gid://shopify/Product/15850279764293,GOURDE ARTISTIQUE,gid://shopify/ProductVariant/57844807008581,1231.9,245.99,197.08,update,473
gid://shopify/Product/15850279764293,GOURDE ARTISTIQUE,gid://shopify/ProductVariant/57844807041349,1231.9,253.99,197.08,update,473
gid://shopify/Product/15850279764293,GOURDE ARTISTIQUE,gid://shopify/ProductVariant/57844807074117,492.9,256.99,197.08,update,473
gid://shopify/Product/15850279764293,GOURDE ARTISTIQUE,gid://shopify/ProductVariant/57844807106885,492.9,252.99,197.08,update,473
gid://shopify/Product/15850279764293,GOURDE ARTISTIQUE,gid://shopify/ProductVariant/57844807139653,492.9,240.99,197.08,update,473
gid://shopify/Product/15850279764293,GOURDE ARTISTIQUE,gid://shopify/ProductVariant/57844807172421,492.9,250.99,197.08,update,473
gid://shopify/Product/15850279829829,VERRE VINTAGE,gid://shopify/ProductVariant/57844807696709,699.9,138.99,111.94,update,269
gid://shopify/Product/15850279829829,VERRE VINTAGE,gid://shopify/ProductVariant/57844807729477,246.9,56.99,39.54,update,95
gid://shopify/Product/15850279829829,VERRE VINTAGE,gid://shopify/ProductVariant/57844807762245,246.9,54.99,39.54,update,95
gid://shopify/Product/15850279829829,VERRE VINTAGE,gid://shopify/ProductVariant/57844807795013,194.9,41.99,31.35,update,75
gid://shopify/Product/15850279829829,VERRE VINTAGE,gid://shopify/ProductVariant/57844807827781,194.9,44.99,31.35,update,75
gid://shopify/Product/15850279829829,VERRE VINTAGE,gid://shopify/ProductVariant/57844807860549,161.9,34.99,26.18,update,63
gid://shopify/Product/15850279829829,VERRE VINTAGE,gid://shopify/ProductVariant/57844807893317,161.9,36.99,26.18,update,63
gid://shopify/Product/15850279829829,VERRE VINTAGE,gid://shopify/ProductVariant/57844807926085,769.9,165.99,123.17,update,296
gid://shopify/Product/15850279829829,VERRE VINTAGE,gid://shopify/ProductVariant/57844807958853,769.9,155.99,123.17,update,296
gid://shopify/Product/15850279829829,VERRE VINTAGE,gid://shopify/ProductVariant/57844807991621,674.9,144.99,108.15,update,260
gid://shopify/Product/15850279829829,VERRE VINTAGE,gid://shopify/ProductVariant/57844808024389,269.9,147.99,108.15,update,260
gid://shopify/Product/15850279829829,VERRE VINTAGE,gid://shopify/ProductVariant/57844808057157,92.9,49.99,37.27,update,89
gid://shopify/Product/15850279829829,VERRE VINTAGE,gid://shopify/ProductVariant/57844808089925,92.9,51.99,37.27,update,89
gid://shopify/Product/15850279829829,VERRE VINTAGE,gid://shopify/ProductVariant/57844808122693,73.9,39.99,29.53,update,71
gid://shopify/Product/15850279829829,VERRE VINTAGE,gid://shopify/ProductVariant/57844808155461,73.9,40.99,29.53,update,71
gid://shopify/Product/15850279829829,VERRE VINTAGE,gid://shopify/ProductVariant/57844808188229,67.9,41.99,27.25,update,65
gid://shopify/Product/15850279829829,VERRE VINTAGE,gid://shopify/ProductVariant/57844808220997,67.9,38.99,27.25,update,65
gid://shopify/Product/15850279829829,VERRE VINTAGE,gid://shopify/ProductVariant/57844808253765,316.9,160.99,126.81,update,304
gid://shopify/Product/15850279829829,VERRE VINTAGE,gid://shopify/ProductVariant/57844808286533,316.9,172.99,126.81,update,304
gid://shopify/Product/15850279829829,VERRE VINTAGE,gid://shopify/ProductVariant/57844808319301,279.9,143.99,111.94,update,269
gid://shopify/Product/15850279862597,LANTERNE RATTAN,gid://shopify/ProductVariant/57844807598405,36.9,8.99,5.94,skipped(suspect),
gid://shopify/Product/15850279862597,LANTERNE RATTAN,gid://shopify/ProductVariant/57844807631173,36.9,7.99,5.94,skipped(suspect),
gid://shopify/Product/15850279862597,LANTERNE RATTAN,gid://shopify/ProductVariant/57844807663941,36.9,7.99,5.94,skipped(suspect),
gid://shopify/Product/15850279928133,MINI ROBOT,gid://shopify/ProductVariant/57844808483141,29.9,5.99,4.76,skipped(suspect),
gid://shopify/Product/15850279928133,MINI ROBOT,gid://shopify/ProductVariant/57844808515909,29.9,5.99,4.71,skipped(suspect),
gid://shopify/Product/15850279928133,MINI ROBOT,gid://shopify/ProductVariant/57844808548677,26.9,5.99,4.46,skipped(suspect),
gid://shopify/Product/15850279928133,MINI ROBOT,gid://shopify/ProductVariant/57844808581445,26.9,5.99,4.58,skipped(suspect),
gid://shopify/Product/15850279928133,MINI ROBOT,gid://shopify/ProductVariant/57844808614213,29.9,5.99,4.82,skipped(suspect),
gid://shopify/Product/15850279928133,MINI ROBOT,gid://shopify/ProductVariant/57844808646981,26.9,5.99,4.46,skipped(suspect),
gid://shopify/Product/15850279993669,APPLIQUE UP&DOWN,gid://shopify/ProductVariant/57844809498949,109.9,24.99,17.57,update,42
gid://shopify/Product/15850279993669,APPLIQUE UP&DOWN,gid://shopify/ProductVariant/57844809531717,112.9,24.99,18.14,update,44
gid://shopify/Product/15850279993669,APPLIQUE UP&DOWN,gid://shopify/ProductVariant/57844809564485,112.9,25.99,18.08,update,43
gid://shopify/Product/15850279993669,APPLIQUE UP&DOWN,gid://shopify/ProductVariant/57844809597253,112.9,25.99,18.1,update,43
gid://shopify/Product/15850279993669,APPLIQUE UP&DOWN,gid://shopify/ProductVariant/57844809630021,67.9,14.99,10.7,update,26
gid://shopify/Product/15850279993669,APPLIQUE UP&DOWN,gid://shopify/ProductVariant/57844809662789,69.9,14.99,11.02,update,26
gid://shopify/Product/15850279993669,APPLIQUE UP&DOWN,gid://shopify/ProductVariant/57844809695557,66.9,14.99,10.92,update,26
gid://shopify/Product/15850279993669,APPLIQUE UP&DOWN,gid://shopify/ProductVariant/57844809728325,66.9,13.99,10.77,update,26
gid://shopify/Product/15850279993669,APPLIQUE UP&DOWN,gid://shopify/ProductVariant/57844809761093,59.9,12.99,9.4,update,23
gid://shopify/Product/15850279993669,APPLIQUE UP&DOWN,gid://shopify/ProductVariant/57844809793861,56.9,11.99,9.23,update,22
gid://shopify/Product/15850279993669,APPLIQUE UP&DOWN,gid://shopify/ProductVariant/57844809826629,26.9,14.99,10.83,update,26
gid://shopify/Product/15850279993669,APPLIQUE UP&DOWN,gid://shopify/ProductVariant/57844809859397,26.9,14.99,10.87,update,26
gid://shopify/Product/15850279993669,APPLIQUE UP&DOWN,gid://shopify/ProductVariant/57844809892165,30.9,17.99,12.24,update,29
gid://shopify/Product/15850279993669,APPLIQUE UP&DOWN,gid://shopify/ProductVariant/57844809924933,29.9,15.99,12.18,update,29
gid://shopify/Product/15850279993669,APPLIQUE UP&DOWN,gid://shopify/ProductVariant/57844809957701,43.9,25.99,17.71,update,43
gid://shopify/Product/15850279993669,APPLIQUE UP&DOWN,gid://shopify/ProductVariant/57844809990469,33.9,19.99,13.66,update,33
gid://shopify/Product/15850279993669,APPLIQUE UP&DOWN,gid://shopify/ProductVariant/57844810023237,30.9,17.99,12.27,update,29
gid://shopify/Product/15850279993669,APPLIQUE UP&DOWN,gid://shopify/ProductVariant/57844810056005,29.9,17.99,12.0,update,29
gid://shopify/Product/15850279993669,APPLIQUE UP&DOWN,gid://shopify/ProductVariant/57844810088773,29.9,15.99,12.17,update,29
gid://shopify/Product/15850279993669,APPLIQUE UP&DOWN,gid://shopify/ProductVariant/57844810121541,30.9,15.99,12.29,update,29
gid://shopify/Product/15850279993669,APPLIQUE UP&DOWN,gid://shopify/ProductVariant/57844810154309,37.9,19.99,15.1,update,36
gid://shopify/Product/15850279993669,APPLIQUE UP&DOWN,gid://shopify/ProductVariant/57844810187077,13.9,6.99,5.7,skipped(suspect),
gid://shopify/Product/15850279993669,APPLIQUE UP&DOWN,gid://shopify/ProductVariant/57844810219845,20.9,11.99,8.29,update,20
gid://shopify/Product/15850279993669,APPLIQUE UP&DOWN,gid://shopify/ProductVariant/57844810252613,19.9,11.99,8.14,update,20
gid://shopify/Product/15850279993669,APPLIQUE UP&DOWN,gid://shopify/ProductVariant/57844810285381,12.9,6.99,5.37,skipped(suspect),
gid://shopify/Product/15850279993669,APPLIQUE UP&DOWN,gid://shopify/ProductVariant/57844810318149,15.9,8.99,6.45,skipped(suspect),
gid://shopify/Product/15850279993669,APPLIQUE UP&DOWN,gid://shopify/ProductVariant/57844810350917,13.9,6.99,5.55,skipped(suspect),
gid://shopify/Product/15850279993669,APPLIQUE UP&DOWN,gid://shopify/ProductVariant/57844810383685,14.9,7.99,6.18,skipped(suspect),
gid://shopify/Product/15850279993669,APPLIQUE UP&DOWN,gid://shopify/ProductVariant/57844810416453,22.9,12.99,9.23,update,22
gid://shopify/Product/15850279993669,APPLIQUE UP&DOWN,gid://shopify/ProductVariant/57844810449221,20.9,12.99,8.58,update,21
gid://shopify/Product/15850279993669,APPLIQUE UP&DOWN,gid://shopify/ProductVariant/57844810481989,22.9,11.99,9.21,update,22
gid://shopify/Product/15850279993669,APPLIQUE UP&DOWN,gid://shopify/ProductVariant/57844810514757,22.9,12.99,9.3,update,22
gid://shopify/Product/15850279993669,APPLIQUE UP&DOWN,gid://shopify/ProductVariant/57844810547525,19.9,10.99,7.87,skipped(suspect),
gid://shopify/Product/15850279993669,APPLIQUE UP&DOWN,gid://shopify/ProductVariant/57844810580293,20.9,11.99,8.21,update,20
gid://shopify/Product/15850279993669,APPLIQUE UP&DOWN,gid://shopify/ProductVariant/57844810613061,19.9,11.99,8.15,update,20
gid://shopify/Product/15850279993669,APPLIQUE UP&DOWN,gid://shopify/ProductVariant/57844810645829,19.9,11.99,8.19,update,20
gid://shopify/Product/15850280026437,SPIRALE PAPILLON,gid://shopify/ProductVariant/57844808974661,1594.9,316.99,255.21,update,613
gid://shopify/Product/15850280026437,SPIRALE PAPILLON,gid://shopify/ProductVariant/57844809007429,1594.9,308.99,255.21,update,613
gid://shopify/Product/15850280026437,SPIRALE PAPILLON,gid://shopify/ProductVariant/57844809040197,1299.9,262.99,207.81,update,499
gid://shopify/Product/15850280026437,SPIRALE PAPILLON,gid://shopify/ProductVariant/57844809072965,1299.9,252.99,207.81,update,499
gid://shopify/Product/15850280026437,SPIRALE PAPILLON,gid://shopify/ProductVariant/57844809105733,2346.9,462.99,375.53,update,901
gid://shopify/Product/15850280026437,SPIRALE PAPILLON,gid://shopify/ProductVariant/57844809138501,2346.9,433.99,375.53,update,901
gid://shopify/Product/15850280026437,SPIRALE PAPILLON,gid://shopify/ProductVariant/57844809171269,2004.9,369.99,320.84,update,770
gid://shopify/Product/15850280026437,SPIRALE PAPILLON,gid://shopify/ProductVariant/57844809204037,2004.9,403.99,320.84,update,770
gid://shopify/Product/15850280026437,SPIRALE PAPILLON,gid://shopify/ProductVariant/57844809236805,3604.9,797.99,627.12,update,1505
gid://shopify/Product/15850280026437,SPIRALE PAPILLON,gid://shopify/ProductVariant/57844809269573,3604.9,774.99,627.12,update,1505
gid://shopify/Product/15850280026437,SPIRALE PAPILLON,gid://shopify/ProductVariant/57844809302341,1224.9,611.99,489.95,update,1176
gid://shopify/Product/15850280026437,SPIRALE PAPILLON,gid://shopify/ProductVariant/57844809335109,1224.9,588.99,489.95,update,1176
gid://shopify/Product/15850280026437,SPIRALE PAPILLON,gid://shopify/ProductVariant/57844809367877,2110.9,1155.99,918.0,update,2203
gid://shopify/Product/15850280026437,SPIRALE PAPILLON,gid://shopify/ProductVariant/57844809400645,2110.9,1082.99,918.0,update,2203
gid://shopify/Product/15850280026437,SPIRALE PAPILLON,gid://shopify/ProductVariant/57844809433413,1760.9,949.99,765.67,update,1838
gid://shopify/Product/15850280026437,SPIRALE PAPILLON,gid://shopify/ProductVariant/57844809466181,1760.9,880.99,765.67,update,1838
gid://shopify/Product/15850280059205,SOUCOUPE COLOREE,gid://shopify/ProductVariant/57844811661637,1626.9,303.99,260.47,update,625
gid://shopify/Product/15850280059205,SOUCOUPE COLOREE,gid://shopify/ProductVariant/57844811694405,1706.9,322.99,273.36,update,656
gid://shopify/Product/15850280059205,SOUCOUPE COLOREE,gid://shopify/ProductVariant/57844811727173,1931.9,392.99,309.37,update,742
gid://shopify/Product/15850280059205,SOUCOUPE COLOREE,gid://shopify/ProductVariant/57844811759941,1996.9,390.99,319.79,update,767
gid://shopify/Product/15850280059205,SOUCOUPE COLOREE,gid://shopify/ProductVariant/57844811792709,1626.9,312.99,260.47,update,625
gid://shopify/Product/15850280059205,SOUCOUPE COLOREE,gid://shopify/ProductVariant/57844811825477,1706.9,318.99,273.36,update,656
gid://shopify/Product/15850280059205,SOUCOUPE COLOREE,gid://shopify/ProductVariant/57844811858245,1916.9,365.99,306.9,update,737
gid://shopify/Product/15850280059205,SOUCOUPE COLOREE,gid://shopify/ProductVariant/57844811891013,1996.9,382.99,319.79,update,767
gid://shopify/Product/15850280059205,SOUCOUPE COLOREE,gid://shopify/ProductVariant/57844811923781,1916.9,385.99,306.9,update,737
gid://shopify/Product/15850280059205,SOUCOUPE COLOREE,gid://shopify/ProductVariant/57844811956549,1996.9,387.99,319.79,update,767
gid://shopify/Product/15850280059205,SOUCOUPE COLOREE,gid://shopify/ProductVariant/57844811989317,650.9,320.99,260.47,update,625
gid://shopify/Product/15850280059205,SOUCOUPE COLOREE,gid://shopify/ProductVariant/57844812022085,682.9,337.99,273.36,update,656
gid://shopify/Product/15850280059205,SOUCOUPE COLOREE,gid://shopify/ProductVariant/57844812054853,766.9,362.99,306.9,update,737
gid://shopify/Product/15850280059205,SOUCOUPE COLOREE,gid://shopify/ProductVariant/57844812087621,798.9,400.99,319.79,update,767
gid://shopify/Product/15850280059205,SOUCOUPE COLOREE,gid://shopify/ProductVariant/57844812120389,650.9,331.99,260.47,update,625
gid://shopify/Product/15850280059205,SOUCOUPE COLOREE,gid://shopify/ProductVariant/57844812153157,682.9,336.99,273.36,update,656
gid://shopify/Product/15850280059205,SOUCOUPE COLOREE,gid://shopify/ProductVariant/57844812185925,650.9,315.99,260.47,update,625
gid://shopify/Product/15850280059205,SOUCOUPE COLOREE,gid://shopify/ProductVariant/57844812218693,766.9,358.99,306.9,update,737
gid://shopify/Product/15850280059205,SOUCOUPE COLOREE,gid://shopify/ProductVariant/57844812251461,682.9,341.99,273.36,update,656
gid://shopify/Product/15850280059205,SOUCOUPE COLOREE,gid://shopify/ProductVariant/57844812284229,798.9,373.99,319.79,update,767
gid://shopify/Product/15850280091973,CHAINE CRISTAL,gid://shopify/ProductVariant/57844812480837,1142.9,226.99,182.9,update,439
gid://shopify/Product/15850280091973,CHAINE CRISTAL,gid://shopify/ProductVariant/57844812513605,1349.9,254.99,216.16,update,519
gid://shopify/Product/15850280091973,CHAINE CRISTAL,gid://shopify/ProductVariant/57844812546373,1142.9,228.99,182.9,update,439
gid://shopify/Product/15850280091973,CHAINE CRISTAL,gid://shopify/ProductVariant/57844812579141,1142.9,241.99,182.9,update,439
gid://shopify/Product/15850280091973,CHAINE CRISTAL,gid://shopify/ProductVariant/57844812611909,1349.9,273.99,216.16,update,519
gid://shopify/Product/15850280091973,CHAINE CRISTAL,gid://shopify/ProductVariant/57844812644677,1714.9,344.99,274.34,update,658
gid://shopify/Product/15850280091973,CHAINE CRISTAL,gid://shopify/ProductVariant/57844812677445,1349.9,250.99,216.16,update,519
gid://shopify/Product/15850280091973,CHAINE CRISTAL,gid://shopify/ProductVariant/57844812710213,1349.9,267.99,216.16,update,519
gid://shopify/Product/15850280091973,CHAINE CRISTAL,gid://shopify/ProductVariant/57844812742981,1141.9,227.99,182.9,update,439
gid://shopify/Product/15850280091973,CHAINE CRISTAL,gid://shopify/ProductVariant/57844812775749,1349.9,255.99,216.16,update,519
gid://shopify/Product/15850280091973,CHAINE CRISTAL,gid://shopify/ProductVariant/57844812808517,685.9,338.99,274.34,update,658
gid://shopify/Product/15850280091973,CHAINE CRISTAL,gid://shopify/ProductVariant/57844812841285,539.9,264.99,216.16,update,519
gid://shopify/Product/15850280091973,CHAINE CRISTAL,gid://shopify/ProductVariant/57844812874053,539.9,272.99,216.16,update,519
gid://shopify/Product/15850280091973,CHAINE CRISTAL,gid://shopify/ProductVariant/57844812906821,685.9,321.99,274.34,update,658
gid://shopify/Product/15850280091973,CHAINE CRISTAL,gid://shopify/ProductVariant/57844812939589,685.9,341.99,274.34,update,658
gid://shopify/Product/15850280091973,CHAINE CRISTAL,gid://shopify/ProductVariant/57844812972357,685.9,340.99,274.34,update,658
gid://shopify/Product/15850280091973,CHAINE CRISTAL,gid://shopify/ProductVariant/57844813005125,685.9,334.99,274.34,update,658
gid://shopify/Product/15850280091973,CHAINE CRISTAL,gid://shopify/ProductVariant/57844813037893,456.9,236.99,182.9,update,439
gid://shopify/Product/15850280091973,CHAINE CRISTAL,gid://shopify/ProductVariant/57844813070661,685.9,345.99,274.34,update,658
gid://shopify/Product/15850280091973,CHAINE CRISTAL,gid://shopify/ProductVariant/57844813103429,685.9,326.99,274.34,update,658
gid://shopify/Product/15850280091973,CHAINE CRISTAL,gid://shopify/ProductVariant/57844813136197,456.9,250.99,182.9,update,439
gid://shopify/Product/15850280091973,CHAINE CRISTAL,gid://shopify/ProductVariant/57844813168965,539.9,248.99,216.16,update,519
gid://shopify/Product/15850280091973,CHAINE CRISTAL,gid://shopify/ProductVariant/57844813201733,456.9,249.99,182.9,update,439
gid://shopify/Product/15850280091973,CHAINE CRISTAL,gid://shopify/ProductVariant/57844813234501,456.9,250.99,182.9,update,439
gid://shopify/Product/15850280091973,CHAINE CRISTAL,gid://shopify/ProductVariant/57844813267269,456.9,225.99,182.9,update,439
gid://shopify/Product/15850280091973,CHAINE CRISTAL,gid://shopify/ProductVariant/57844813300037,539.9,275.99,216.16,update,519
gid://shopify/Product/15850280091973,CHAINE CRISTAL,gid://shopify/ProductVariant/57844813332805,456.9,236.99,182.9,update,439
gid://shopify/Product/15850280091973,CHAINE CRISTAL,gid://shopify/ProductVariant/57844813365573,456.9,229.99,182.9,update,439
gid://shopify/Product/15850280091973,CHAINE CRISTAL,gid://shopify/ProductVariant/57844813398341,539.9,264.99,216.16,update,519
gid://shopify/Product/15850280091973,CHAINE CRISTAL,gid://shopify/ProductVariant/57844813431109,685.9,321.99,274.34,update,658
gid://shopify/Product/15850280091973,CHAINE CRISTAL,gid://shopify/ProductVariant/57844813463877,539.9,273.99,216.16,update,519
gid://shopify/Product/15850280091973,CHAINE CRISTAL,gid://shopify/ProductVariant/57844813496645,539.9,263.99,216.16,update,519
gid://shopify/Product/15850280091973,CHAINE CRISTAL,gid://shopify/ProductVariant/57844813529413,539.9,269.99,216.16,update,519
gid://shopify/Product/15850280091973,CHAINE CRISTAL,gid://shopify/ProductVariant/57844813562181,685.9,328.99,274.34,update,658
gid://shopify/Product/15850280091973,CHAINE CRISTAL,gid://shopify/ProductVariant/57844813594949,539.9,262.99,216.16,update,519
gid://shopify/Product/15850280091973,CHAINE CRISTAL,gid://shopify/ProductVariant/57844813627717,539.9,257.99,216.16,update,519
gid://shopify/Product/15850280091973,CHAINE CRISTAL,gid://shopify/ProductVariant/57844813660485,685.9,323.99,274.34,update,658
gid://shopify/Product/15850280091973,CHAINE CRISTAL,gid://shopify/ProductVariant/57844813693253,456.9,237.99,182.9,update,439
gid://shopify/Product/15850280091973,CHAINE CRISTAL,gid://shopify/ProductVariant/57844813726021,685.9,332.99,274.34,update,658
gid://shopify/Product/15850280091973,CHAINE CRISTAL,gid://shopify/ProductVariant/57844813758789,685.9,318.99,274.34,update,658
gid://shopify/Product/15850280091973,CHAINE CRISTAL,gid://shopify/ProductVariant/57844813791557,685.9,349.99,274.34,update,658
gid://shopify/Product/15850280091973,CHAINE CRISTAL,gid://shopify/ProductVariant/57844813824325,456.9,235.99,182.9,update,439
gid://shopify/Product/15850280091973,CHAINE CRISTAL,gid://shopify/ProductVariant/57844813857093,685.9,344.99,274.34,update,658
gid://shopify/Product/15850280091973,CHAINE CRISTAL,gid://shopify/ProductVariant/57844813889861,685.9,347.99,274.34,update,658
gid://shopify/Product/15850280091973,CHAINE CRISTAL,gid://shopify/ProductVariant/57844813922629,456.9,232.99,182.9,update,439
gid://shopify/Product/15850280091973,CHAINE CRISTAL,gid://shopify/ProductVariant/57844813955397,539.9,259.99,216.16,update,519
gid://shopify/Product/15850280091973,CHAINE CRISTAL,gid://shopify/ProductVariant/57844813988165,456.9,238.99,182.9,update,439
gid://shopify/Product/15850280091973,CHAINE CRISTAL,gid://shopify/ProductVariant/57844814020933,456.9,228.99,182.9,update,439
gid://shopify/Product/15850280124741,APPLIQUE LOFT,gid://shopify/ProductVariant/57844814807365,954.9,208.99,152.63,update,366
gid://shopify/Product/15850280124741,APPLIQUE LOFT,gid://shopify/ProductVariant/57844814840133,954.9,198.99,152.63,update,366
gid://shopify/Product/15850280157509,CROISSANT LUMINEUX,gid://shopify/ProductVariant/57844814086469,229.9,47.99,36.66,update,88
gid://shopify/Product/15850280157509,CROISSANT LUMINEUX,gid://shopify/ProductVariant/57844814119237,254.9,53.99,40.66,update,98
gid://shopify/Product/15850280157509,CROISSANT LUMINEUX,gid://shopify/ProductVariant/57844814152005,299.9,61.99,47.93,update,115
gid://shopify/Product/15850280157509,CROISSANT LUMINEUX,gid://shopify/ProductVariant/57844814184773,361.9,76.99,57.99,update,139
gid://shopify/Product/15850280157509,CROISSANT LUMINEUX,gid://shopify/ProductVariant/57844814217541,244.9,53.99,39.03,update,94
gid://shopify/Product/15850280157509,CROISSANT LUMINEUX,gid://shopify/ProductVariant/57844814250309,284.9,60.99,45.5,update,109
gid://shopify/Product/15850280157509,CROISSANT LUMINEUX,gid://shopify/ProductVariant/57844814283077,229.9,51.99,36.66,update,88
gid://shopify/Product/15850280157509,CROISSANT LUMINEUX,gid://shopify/ProductVariant/57844814315845,254.9,53.99,40.66,update,98
gid://shopify/Product/15850280157509,CROISSANT LUMINEUX,gid://shopify/ProductVariant/57844814348613,156.9,36.99,25.07,update,60
gid://shopify/Product/15850280157509,CROISSANT LUMINEUX,gid://shopify/ProductVariant/57844814381381,176.9,41.99,28.4,update,68
gid://shopify/Product/15850280157509,CROISSANT LUMINEUX,gid://shopify/ProductVariant/57844814414149,62.9,37.99,25.15,update,60
gid://shopify/Product/15850280157509,CROISSANT LUMINEUX,gid://shopify/ProductVariant/57844814446917,73.9,42.99,29.61,update,71
gid://shopify/Product/15850280223045,COURONNE OR,gid://shopify/ProductVariant/57844814872901,2764.9,536.99,442.38,update,1062
gid://shopify/Product/15850280223045,COURONNE OR,gid://shopify/ProductVariant/57844814905669,2994.9,568.99,479.21,update,1150
gid://shopify/Product/15850280223045,COURONNE OR,gid://shopify/ProductVariant/57844814938437,2579.9,517.99,412.83,update,991
gid://shopify/Product/15850280223045,COURONNE OR,gid://shopify/ProductVariant/57844814971205,2726.9,542.99,436.31,update,1047
gid://shopify/Product/15850280223045,COURONNE OR,gid://shopify/ProductVariant/57844815003973,2194.9,417.99,351.06,update,843
gid://shopify/Product/15850280223045,COURONNE OR,gid://shopify/ProductVariant/57844815036741,2579.9,505.99,412.83,update,991
gid://shopify/Product/15850280223045,COURONNE OR,gid://shopify/ProductVariant/57844815069509,2016.9,398.99,322.74,update,775
gid://shopify/Product/15850280223045,COURONNE OR,gid://shopify/ProductVariant/57844815102277,2154.9,410.99,344.99,update,828
gid://shopify/Product/15850280223045,COURONNE OR,gid://shopify/ProductVariant/57844815135045,3189.9,605.99,510.38,update,1225
gid://shopify/Product/15850280223045,COURONNE OR,gid://shopify/ProductVariant/57844815167813,2994.9,559.99,479.21,update,1150
gid://shopify/Product/15850280223045,COURONNE OR,gid://shopify/ProductVariant/57844815200581,1264.9,624.99,506.12,update,1215
gid://shopify/Product/15850280223045,COURONNE OR,gid://shopify/ProductVariant/57844815233349,344.9,172.99,138.13,update,332
gid://shopify/Product/15850280223045,COURONNE OR,gid://shopify/ProductVariant/57844815266117,561.9,266.99,224.83,update,540
gid://shopify/Product/15850280223045,COURONNE OR,gid://shopify/ProductVariant/57844815298885,298.9,146.99,119.79,update,287
gid://shopify/Product/15850280223045,COURONNE OR,gid://shopify/ProductVariant/57844815331653,316.9,173.99,126.92,update,305
gid://shopify/Product/15850280223045,COURONNE OR,gid://shopify/ProductVariant/57844815364421,298.9,162.99,119.79,update,287
gid://shopify/Product/15850280223045,COURONNE OR,gid://shopify/ProductVariant/57844815397189,716.9,363.99,286.97,update,689
gid://shopify/Product/15850280223045,COURONNE OR,gid://shopify/ProductVariant/57844815429957,806.9,396.99,322.74,update,775
gid://shopify/Product/15850280223045,COURONNE OR,gid://shopify/ProductVariant/57844815462725,653.9,314.99,261.69,update,628
gid://shopify/Product/15850280223045,COURONNE OR,gid://shopify/ProductVariant/57844815495493,700.9,339.99,280.56,update,673
gid://shopify/Product/15850280223045,COURONNE OR,gid://shopify/ProductVariant/57844815528261,614.9,312.99,245.85,update,590
gid://shopify/Product/15850280223045,COURONNE OR,gid://shopify/ProductVariant/57844815561029,653.9,331.99,261.69,update,628
gid://shopify/Product/15850280223045,COURONNE OR,gid://shopify/ProductVariant/57844815593797,561.9,277.99,224.83,update,540
gid://shopify/Product/15850280223045,COURONNE OR,gid://shopify/ProductVariant/57844815626565,577.9,288.99,231.23,update,555
gid://shopify/Product/15850280354117,MARBRE SUSPENSION,gid://shopify/ProductVariant/57844817035589,771.9,164.99,123.46,update,296
gid://shopify/Product/15850280386885,APPLIQUE SPIN,gid://shopify/ProductVariant/57844819460421,272.9,56.99,43.5,update,104
gid://shopify/Product/15850280386885,APPLIQUE SPIN,gid://shopify/ProductVariant/57844819493189,249.9,52.99,40.14,update,96
gid://shopify/Product/15850280386885,APPLIQUE SPIN,gid://shopify/ProductVariant/57844819525957,247.9,51.99,39.71,update,95
gid://shopify/Product/15850280419653,MOSAIQUE ROTATIVE,gid://shopify/ProductVariant/57844819657029,846.9,164.99,135.77,update,326
gid://shopify/Product/15850280419653,MOSAIQUE ROTATIVE,gid://shopify/ProductVariant/57844819689797,846.9,176.99,135.77,update,326
gid://shopify/Product/15850280419653,MOSAIQUE ROTATIVE,gid://shopify/ProductVariant/57844819722565,276.9,62.99,44.41,update,107
gid://shopify/Product/15850280419653,MOSAIQUE ROTATIVE,gid://shopify/ProductVariant/57844819755333,846.9,173.99,135.77,update,326
gid://shopify/Product/15850280419653,MOSAIQUE ROTATIVE,gid://shopify/ProductVariant/57844819788101,846.9,184.99,135.77,update,326
gid://shopify/Product/15850280419653,MOSAIQUE ROTATIVE,gid://shopify/ProductVariant/57844819820869,846.9,183.99,135.77,update,326
gid://shopify/Product/15850280419653,MOSAIQUE ROTATIVE,gid://shopify/ProductVariant/57844819853637,846.9,175.99,135.77,update,326
gid://shopify/Product/15850280419653,MOSAIQUE ROTATIVE,gid://shopify/ProductVariant/57844819886405,1481.9,277.99,237.17,update,569
gid://shopify/Product/15850280419653,MOSAIQUE ROTATIVE,gid://shopify/ProductVariant/57844819919173,276.9,63.99,44.41,update,107
gid://shopify/Product/15850280419653,MOSAIQUE ROTATIVE,gid://shopify/ProductVariant/57844819951941,1481.9,281.99,237.17,update,569
gid://shopify/Product/15850280419653,MOSAIQUE ROTATIVE,gid://shopify/ProductVariant/57844819984709,592.9,291.99,237.17,update,569
gid://shopify/Product/15850280419653,MOSAIQUE ROTATIVE,gid://shopify/ProductVariant/57844820017477,592.9,299.99,237.17,update,569
gid://shopify/Product/15850280419653,MOSAIQUE ROTATIVE,gid://shopify/ProductVariant/57844820050245,110.9,56.99,44.41,update,107
gid://shopify/Product/15850280419653,MOSAIQUE ROTATIVE,gid://shopify/ProductVariant/57844820083013,467.9,244.99,187.3,update,450
gid://shopify/Product/15850280419653,MOSAIQUE ROTATIVE,gid://shopify/ProductVariant/57844820115781,110.9,59.99,44.41,update,107
gid://shopify/Product/15850280419653,MOSAIQUE ROTATIVE,gid://shopify/ProductVariant/57844820148549,110.9,61.99,44.41,update,107
gid://shopify/Product/15850280419653,MOSAIQUE ROTATIVE,gid://shopify/ProductVariant/57844820181317,467.9,255.99,187.3,update,450
gid://shopify/Product/15850280419653,MOSAIQUE ROTATIVE,gid://shopify/ProductVariant/57844820214085,467.9,254.99,187.3,update,450
gid://shopify/Product/15850280419653,MOSAIQUE ROTATIVE,gid://shopify/ProductVariant/57844820246853,110.9,57.99,44.41,update,107
gid://shopify/Product/15850280419653,MOSAIQUE ROTATIVE,gid://shopify/ProductVariant/57844820279621,110.9,62.99,44.41,update,107
gid://shopify/Product/15850280419653,MOSAIQUE ROTATIVE,gid://shopify/ProductVariant/57844820312389,110.9,57.99,44.41,update,107
gid://shopify/Product/15850280419653,MOSAIQUE ROTATIVE,gid://shopify/ProductVariant/57844820345157,110.9,62.99,44.41,update,107
gid://shopify/Product/15850280419653,MOSAIQUE ROTATIVE,gid://shopify/ProductVariant/57844820377925,298.9,164.99,119.77,update,287
gid://shopify/Product/15850280419653,MOSAIQUE ROTATIVE,gid://shopify/ProductVariant/57844820410693,298.9,152.99,119.77,update,287
gid://shopify/Product/15850280419653,MOSAIQUE ROTATIVE,gid://shopify/ProductVariant/57844820443461,298.9,154.99,119.77,update,287
gid://shopify/Product/15850280419653,MOSAIQUE ROTATIVE,gid://shopify/ProductVariant/57844820476229,592.9,300.99,237.17,update,569
gid://shopify/Product/15850280419653,MOSAIQUE ROTATIVE,gid://shopify/ProductVariant/57844820508997,298.9,163.99,119.77,update,287
gid://shopify/Product/15850280419653,MOSAIQUE ROTATIVE,gid://shopify/ProductVariant/57844820541765,298.9,162.99,119.77,update,287
gid://shopify/Product/15850280419653,MOSAIQUE ROTATIVE,gid://shopify/ProductVariant/57844820574533,298.9,161.99,119.77,update,287
gid://shopify/Product/15850280419653,MOSAIQUE ROTATIVE,gid://shopify/ProductVariant/57844820607301,298.9,145.99,119.77,update,287
gid://shopify/Product/15850280419653,MOSAIQUE ROTATIVE,gid://shopify/ProductVariant/57844820640069,467.9,244.99,187.3,update,450
gid://shopify/Product/15850280419653,MOSAIQUE ROTATIVE,gid://shopify/ProductVariant/57844820672837,592.9,275.99,237.17,update,569
gid://shopify/Product/15850280419653,MOSAIQUE ROTATIVE,gid://shopify/ProductVariant/57844820705605,467.9,256.99,187.3,update,450
gid://shopify/Product/15850280419653,MOSAIQUE ROTATIVE,gid://shopify/ProductVariant/57844820738373,110.9,57.99,44.41,update,107
gid://shopify/Product/15850280419653,MOSAIQUE ROTATIVE,gid://shopify/ProductVariant/57844820771141,467.9,257.99,187.3,update,450
gid://shopify/Product/15850280419653,MOSAIQUE ROTATIVE,gid://shopify/ProductVariant/57844820803909,592.9,288.99,237.17,update,569
gid://shopify/Product/15850280419653,MOSAIQUE ROTATIVE,gid://shopify/ProductVariant/57844820836677,467.9,242.99,187.3,update,450
gid://shopify/Product/15850280419653,MOSAIQUE ROTATIVE,gid://shopify/ProductVariant/57844820869445,592.9,300.99,237.17,update,569
gid://shopify/Product/15850280419653,MOSAIQUE ROTATIVE,gid://shopify/ProductVariant/57844820902213,110.9,62.99,44.41,update,107
gid://shopify/Product/15850280419653,MOSAIQUE ROTATIVE,gid://shopify/ProductVariant/57844820934981,467.9,241.99,187.3,update,450
gid://shopify/Product/15850280419653,MOSAIQUE ROTATIVE,gid://shopify/ProductVariant/57844820967749,110.9,57.99,44.41,update,107
gid://shopify/Product/15850280419653,MOSAIQUE ROTATIVE,gid://shopify/ProductVariant/57844821000517,467.9,230.99,187.3,update,450
gid://shopify/Product/15850280419653,MOSAIQUE ROTATIVE,gid://shopify/ProductVariant/57844821033285,592.9,276.99,237.17,update,569
gid://shopify/Product/15850280419653,MOSAIQUE ROTATIVE,gid://shopify/ProductVariant/57844821066053,467.9,241.99,187.3,update,450
gid://shopify/Product/15850280419653,MOSAIQUE ROTATIVE,gid://shopify/ProductVariant/57844821098821,592.9,279.99,237.17,update,569
gid://shopify/Product/15850280419653,MOSAIQUE ROTATIVE,gid://shopify/ProductVariant/57844821131589,467.9,233.99,187.3,update,450
gid://shopify/Product/15850280419653,MOSAIQUE ROTATIVE,gid://shopify/ProductVariant/57844821164357,592.9,294.99,237.17,update,569
gid://shopify/Product/15850280419653,MOSAIQUE ROTATIVE,gid://shopify/ProductVariant/57844821197125,298.9,160.99,119.77,update,287
gid://shopify/Product/15850280419653,MOSAIQUE ROTATIVE,gid://shopify/ProductVariant/57844821229893,592.9,289.99,237.17,update,569
gid://shopify/Product/15850280419653,MOSAIQUE ROTATIVE,gid://shopify/ProductVariant/57844821262661,298.9,159.99,119.77,update,287
gid://shopify/Product/15850280419653,MOSAIQUE ROTATIVE,gid://shopify/ProductVariant/57844821295429,119.77,148.99,119.77,update,287
gid://shopify/Product/15850280419653,MOSAIQUE ROTATIVE,gid://shopify/ProductVariant/57844821328197,187.3,253.99,187.3,update,450
gid://shopify/Product/15850280419653,MOSAIQUE ROTATIVE,gid://shopify/ProductVariant/57844821360965,119.77,162.99,119.77,update,287
gid://shopify/Product/15850280419653,MOSAIQUE ROTATIVE,gid://shopify/ProductVariant/57844821393733,119.77,160.99,119.77,update,287
gid://shopify/Product/15850280419653,MOSAIQUE ROTATIVE,gid://shopify/ProductVariant/57844821426501,135.77,175.99,135.77,update,326
gid://shopify/Product/15850280419653,MOSAIQUE ROTATIVE,gid://shopify/ProductVariant/57844821459269,135.77,166.99,135.77,update,326
gid://shopify/Product/15850280419653,MOSAIQUE ROTATIVE,gid://shopify/ProductVariant/57844821492037,135.77,179.99,135.77,update,326
gid://shopify/Product/15850280419653,MOSAIQUE ROTATIVE,gid://shopify/ProductVariant/57844821524805,135.77,168.99,135.77,update,326
gid://shopify/Product/15850280419653,MOSAIQUE ROTATIVE,gid://shopify/ProductVariant/57844821557573,135.77,167.99,135.77,update,326
gid://shopify/Product/15850280419653,MOSAIQUE ROTATIVE,gid://shopify/ProductVariant/57844821590341,135.77,171.99,135.77,update,326
gid://shopify/Product/15850280452421,LUSTRE AJUSTABLE,gid://shopify/ProductVariant/57844821688645,1111.9,226.99,178.06,update,427
gid://shopify/Product/15850280452421,LUSTRE AJUSTABLE,gid://shopify/ProductVariant/57844821721413,1244.9,256.99,199.16,update,478
gid://shopify/Product/15850280452421,LUSTRE AJUSTABLE,gid://shopify/ProductVariant/57844821754181,1309.9,247.99,209.69,update,503
gid://shopify/Product/15850280452421,LUSTRE AJUSTABLE,gid://shopify/ProductVariant/57844821786949,1461.9,282.99,233.84,update,561
gid://shopify/Product/15850280452421,LUSTRE AJUSTABLE,gid://shopify/ProductVariant/57844821819717,1111.9,221.99,178.06,update,427
gid://shopify/Product/15850280452421,LUSTRE AJUSTABLE,gid://shopify/ProductVariant/57844821852485,1244.9,259.99,199.16,update,478
gid://shopify/Product/15850280452421,LUSTRE AJUSTABLE,gid://shopify/ProductVariant/57844821885253,1309.9,265.99,209.69,update,503
gid://shopify/Product/15850280452421,LUSTRE AJUSTABLE,gid://shopify/ProductVariant/57844821918021,1111.9,236.99,178.06,update,427
gid://shopify/Product/15850280452421,LUSTRE AJUSTABLE,gid://shopify/ProductVariant/57844821950789,929.9,183.99,148.86,update,357
gid://shopify/Product/15850280452421,LUSTRE AJUSTABLE,gid://shopify/ProductVariant/57844821983557,1061.9,223.99,169.95,update,408
gid://shopify/Product/15850280452421,LUSTRE AJUSTABLE,gid://shopify/ProductVariant/57844822016325,450.9,236.99,180.49,update,433
gid://shopify/Product/15850280452421,LUSTRE AJUSTABLE,gid://shopify/ProductVariant/57844822049093,444.9,223.99,178.06,update,427
gid://shopify/Product/15850280452421,LUSTRE AJUSTABLE,gid://shopify/ProductVariant/57844822081861,371.9,196.99,148.86,update,357
gid://shopify/Product/15850280452421,LUSTRE AJUSTABLE,gid://shopify/ProductVariant/57844822114629,424.9,220.99,169.95,update,408
gid://shopify/Product/15850280452421,LUSTRE AJUSTABLE,gid://shopify/ProductVariant/57844822147397,450.9,237.99,180.49,update,433
gid://shopify/Product/15850280452421,LUSTRE AJUSTABLE,gid://shopify/ProductVariant/57844822180165,371.9,181.99,148.86,update,357
gid://shopify/Product/15850280452421,LUSTRE AJUSTABLE,gid://shopify/ProductVariant/57844822212933,371.9,190.99,148.86,update,357
gid://shopify/Product/15850280452421,LUSTRE AJUSTABLE,gid://shopify/ProductVariant/57844822245701,584.9,289.99,233.84,update,561
gid://shopify/Product/15850280452421,LUSTRE AJUSTABLE,gid://shopify/ProductVariant/57844822278469,636.9,295.99,254.92,update,612
gid://shopify/Product/15850280452421,LUSTRE AJUSTABLE,gid://shopify/ProductVariant/57844822311237,663.9,330.99,265.46,update,637
gid://shopify/Product/15850280485189,GROTTE JAUNE,gid://shopify/ProductVariant/57844821623109,221.9,46.99,35.77,update,86
gid://shopify/Product/15850280485189,GROTTE JAUNE,gid://shopify/ProductVariant/57844821655877,251.9,55.99,40.5,update,97
gid://shopify/Product/15850280649029,APPLIQUE DRESSING,gid://shopify/ProductVariant/57844822933829,887.9,179.99,141.94,update,341
gid://shopify/Product/15850280649029,APPLIQUE DRESSING,gid://shopify/ProductVariant/57844822966597,864.9,178.99,138.51,update,332
gid://shopify/Product/15850280649029,APPLIQUE DRESSING,gid://shopify/ProductVariant/57844822999365,864.9,173.99,138.51,update,332
gid://shopify/Product/15850280649029,APPLIQUE DRESSING,gid://shopify/ProductVariant/57844823032133,919.9,184.99,147.27,update,353
gid://shopify/Product/15850280649029,APPLIQUE DRESSING,gid://shopify/ProductVariant/57844823064901,919.9,180.99,147.27,update,353
gid://shopify/Product/15850280649029,APPLIQUE DRESSING,gid://shopify/ProductVariant/57844823097669,886.9,178.99,141.94,update,341
gid://shopify/Product/15850280681797,LUSTRE MULTI-TETES,gid://shopify/ProductVariant/57844827750725,154.9,35.99,24.92,update,60
gid://shopify/Product/15850280681797,LUSTRE MULTI-TETES,gid://shopify/ProductVariant/57844827783493,469.9,97.99,75.09,update,180
gid://shopify/Product/15850280681797,LUSTRE MULTI-TETES,gid://shopify/ProductVariant/57844827816261,459.9,104.99,73.54,update,176
gid://shopify/Product/15850280681797,LUSTRE MULTI-TETES,gid://shopify/ProductVariant/57844827849029,439.9,91.99,70.44,update,169
gid://shopify/Product/15850280681797,LUSTRE MULTI-TETES,gid://shopify/ProductVariant/57844827881797,439.9,97.99,70.44,update,169
gid://shopify/Product/15850280681797,LUSTRE MULTI-TETES,gid://shopify/ProductVariant/57844827914565,416.9,92.99,66.6,update,160
gid://shopify/Product/15850280681797,LUSTRE MULTI-TETES,gid://shopify/ProductVariant/57844827947333,406.9,88.99,65.05,update,156
gid://shopify/Product/15850280681797,LUSTRE MULTI-TETES,gid://shopify/ProductVariant/57844827980101,391.9,88.99,62.72,update,151
gid://shopify/Product/15850280681797,LUSTRE MULTI-TETES,gid://shopify/ProductVariant/57844828012869,391.9,85.99,62.72,update,151
gid://shopify/Product/15850280681797,LUSTRE MULTI-TETES,gid://shopify/ProductVariant/57844828045637,416.9,93.99,66.6,update,160
gid://shopify/Product/15850280681797,LUSTRE MULTI-TETES,gid://shopify/ProductVariant/57844828078405,162.9,82.99,65.05,update,156
gid://shopify/Product/15850280681797,LUSTRE MULTI-TETES,gid://shopify/ProductVariant/57844828111173,156.9,79.99,62.72,update,151
gid://shopify/Product/15850280681797,LUSTRE MULTI-TETES,gid://shopify/ProductVariant/57844828143941,156.9,86.99,62.72,update,151
gid://shopify/Product/15850280681797,LUSTRE MULTI-TETES,gid://shopify/ProductVariant/57844828176709,138.9,75.99,55.78,update,134
gid://shopify/Product/15850280681797,LUSTRE MULTI-TETES,gid://shopify/ProductVariant/57844828209477,114.9,63.99,46.08,update,111
gid://shopify/Product/15850280681797,LUSTRE MULTI-TETES,gid://shopify/ProductVariant/57844828242245,105.9,59.99,42.59,update,102
gid://shopify/Product/15850280681797,LUSTRE MULTI-TETES,gid://shopify/ProductVariant/57844828275013,105.9,56.99,42.59,update,102
gid://shopify/Product/15850280681797,LUSTRE MULTI-TETES,gid://shopify/ProductVariant/57844828307781,90.9,49.99,36.56,update,88
gid://shopify/Product/15850280681797,LUSTRE MULTI-TETES,gid://shopify/ProductVariant/57844828340549,79.9,42.99,31.91,update,77
gid://shopify/Product/15850280681797,LUSTRE MULTI-TETES,gid://shopify/ProductVariant/57844828373317,61.9,35.99,24.92,update,60
gid://shopify/Product/15850280681797,LUSTRE MULTI-TETES,gid://shopify/ProductVariant/57844828406085,61.9,34.99,24.92,update,60
gid://shopify/Product/15850280681797,LUSTRE MULTI-TETES,gid://shopify/ProductVariant/57844828438853,194.9,111.99,78.11,update,187
gid://shopify/Product/15850280681797,LUSTRE MULTI-TETES,gid://shopify/ProductVariant/57844828471621,190.9,103.99,76.56,update,184
gid://shopify/Product/15850280681797,LUSTRE MULTI-TETES,gid://shopify/ProductVariant/57844828504389,182.9,102.99,73.06,update,175
gid://shopify/Product/15850280681797,LUSTRE MULTI-TETES,gid://shopify/ProductVariant/57844828537157,182.9,101.99,73.06,update,175
gid://shopify/Product/15850280681797,LUSTRE MULTI-TETES,gid://shopify/ProductVariant/57844828569925,169.9,89.99,68.11,update,163
gid://shopify/Product/15850280681797,LUSTRE MULTI-TETES,gid://shopify/ProductVariant/57844828602693,166.9,85.99,66.56,update,160
gid://shopify/Product/15850280681797,LUSTRE MULTI-TETES,gid://shopify/ProductVariant/57844828635461,160.9,81.99,64.23,update,154
gid://shopify/Product/15850280681797,LUSTRE MULTI-TETES,gid://shopify/ProductVariant/57844828668229,160.9,86.99,64.23,update,154
gid://shopify/Product/15850280681797,LUSTRE MULTI-TETES,gid://shopify/ProductVariant/57844828700997,169.9,91.99,68.11,update,163
gid://shopify/Product/15850280681797,LUSTRE MULTI-TETES,gid://shopify/ProductVariant/57844828733765,166.9,86.99,66.56,update,160
gid://shopify/Product/15850280681797,LUSTRE MULTI-TETES,gid://shopify/ProductVariant/57844828766533,160.9,87.99,64.23,update,154
gid://shopify/Product/15850280681797,LUSTRE MULTI-TETES,gid://shopify/ProductVariant/57844828799301,160.9,84.99,64.23,update,154
gid://shopify/Product/15850280681797,LUSTRE MULTI-TETES,gid://shopify/ProductVariant/57844828832069,121.9,67.99,48.63,update,117
gid://shopify/Product/15850280681797,LUSTRE MULTI-TETES,gid://shopify/ProductVariant/57844828864837,116.9,64.99,46.68,update,112
gid://shopify/Product/15850280681797,LUSTRE MULTI-TETES,gid://shopify/ProductVariant/57844828897605,107.9,60.99,43.19,update,104
gid://shopify/Product/15850280681797,LUSTRE MULTI-TETES,gid://shopify/ProductVariant/57844828930373,107.9,61.99,43.19,update,104
gid://shopify/Product/15850280681797,LUSTRE MULTI-TETES,gid://shopify/ProductVariant/57844828963141,90.9,46.99,36.56,update,88
gid://shopify/Product/15850280681797,LUSTRE MULTI-TETES,gid://shopify/ProductVariant/57844828995909,78.9,41.99,31.51,update,76
gid://shopify/Product/15850280681797,LUSTRE MULTI-TETES,gid://shopify/ProductVariant/57844829028677,61.9,35.99,24.92,update,60
gid://shopify/Product/15850280714565,PIERRE TRAVERTIN,gid://shopify/ProductVariant/57844829880645,276.9,60.99,44.21,update,106
gid://shopify/Product/15850280714565,PIERRE TRAVERTIN,gid://shopify/ProductVariant/57844829913413,276.9,56.99,44.21,update,106
gid://shopify/Product/15850280714565,PIERRE TRAVERTIN,gid://shopify/ProductVariant/57844829946181,586.9,128.99,94.02,update,226
gid://shopify/Product/15850280714565,PIERRE TRAVERTIN,gid://shopify/ProductVariant/57844829978949,656.9,134.99,105.03,update,252
gid://shopify/Product/15850280714565,PIERRE TRAVERTIN,gid://shopify/ProductVariant/57844830011717,276.9,62.99,44.21,update,106
gid://shopify/Product/15850280714565,PIERRE TRAVERTIN,gid://shopify/ProductVariant/57844830044485,344.9,70.99,55.22,update,133
gid://shopify/Product/15850280714565,PIERRE TRAVERTIN,gid://shopify/ProductVariant/57844830077253,344.9,70.99,55.22,update,133
gid://shopify/Product/15850280714565,PIERRE TRAVERTIN,gid://shopify/ProductVariant/57844830110021,586.9,116.99,94.02,update,226
gid://shopify/Product/15850280714565,PIERRE TRAVERTIN,gid://shopify/ProductVariant/57844830142789,414.9,85.99,66.4,update,159
gid://shopify/Product/15850280714565,PIERRE TRAVERTIN,gid://shopify/ProductVariant/57844830175557,449.9,94.99,71.83,update,172
gid://shopify/Product/15850280714565,PIERRE TRAVERTIN,gid://shopify/ProductVariant/57844830208325,165.9,91.99,66.4,update,159
gid://shopify/Product/15850280714565,PIERRE TRAVERTIN,gid://shopify/ProductVariant/57844830241093,151.9,80.99,60.82,update,146
gid://shopify/Product/15850280714565,PIERRE TRAVERTIN,gid://shopify/ProductVariant/57844830273861,151.9,86.99,60.82,update,146
gid://shopify/Product/15850280714565,PIERRE TRAVERTIN,gid://shopify/ProductVariant/57844830306629,137.9,78.99,55.22,update,133
gid://shopify/Product/15850280714565,PIERRE TRAVERTIN,gid://shopify/ProductVariant/57844830339397,110.9,61.99,44.21,update,106
gid://shopify/Product/15850280714565,PIERRE TRAVERTIN,gid://shopify/ProductVariant/57844830372165,151.9,79.99,60.82,update,146
gid://shopify/Product/15850280714565,PIERRE TRAVERTIN,gid://shopify/ProductVariant/57844830404933,151.9,83.99,60.82,update,146
gid://shopify/Product/15850280714565,PIERRE TRAVERTIN,gid://shopify/ProductVariant/57844830437701,124.9,67.99,49.8,update,120
gid://shopify/Product/15850280714565,PIERRE TRAVERTIN,gid://shopify/ProductVariant/57844830470469,151.9,78.99,60.82,update,146
gid://shopify/Product/15850280714565,PIERRE TRAVERTIN,gid://shopify/ProductVariant/57844830503237,234.9,118.99,94.02,update,226
gid://shopify/Product/15850280714565,PIERRE TRAVERTIN,gid://shopify/ProductVariant/57844830536005,179.9,97.99,71.83,update,172
gid://shopify/Product/15850280747333,APPLIQUE RADAR,gid://shopify/ProductVariant/57844831781189,147.9,31.99,23.52,update,56
gid://shopify/Product/15850280747333,APPLIQUE RADAR,gid://shopify/ProductVariant/57844831813957,124.9,29.99,19.99,update,48
gid://shopify/Product/15850280747333,APPLIQUE RADAR,gid://shopify/ProductVariant/57844831846725,267.9,58.99,42.7,update,102
gid://shopify/Product/15850280747333,APPLIQUE RADAR,gid://shopify/ProductVariant/57844831879493,252.9,53.99,40.23,update,97
gid://shopify/Product/15850280747333,APPLIQUE RADAR,gid://shopify/ProductVariant/57844831912261,147.9,33.99,23.52,update,56
gid://shopify/Product/15850280747333,APPLIQUE RADAR,gid://shopify/ProductVariant/57844831945029,124.9,27.99,19.99,update,48
gid://shopify/Product/15850280747333,APPLIQUE RADAR,gid://shopify/ProductVariant/57844831977797,266.9,60.99,42.7,update,102
gid://shopify/Product/15850280747333,APPLIQUE RADAR,gid://shopify/ProductVariant/57844832010565,251.9,55.99,40.23,update,97
gid://shopify/Product/15850280943941,APPLIQUE ROTIN,gid://shopify/ProductVariant/57844834500933,164.9,38.99,26.46,update,64
gid://shopify/Product/15850281173317,DISQUE PIERRE,gid://shopify/ProductVariant/57844834861381,631.9,131.99,101.08,update,243
gid://shopify/Product/15850281173317,DISQUE PIERRE,gid://shopify/ProductVariant/57844834894149,631.9,132.99,101.08,update,243
gid://shopify/Product/15850281173317,DISQUE PIERRE,gid://shopify/ProductVariant/57844834926917,834.9,176.99,133.73,update,321
gid://shopify/Product/15850281173317,DISQUE PIERRE,gid://shopify/ProductVariant/57844834959685,631.9,137.99,101.08,update,243
gid://shopify/Product/15850281173317,DISQUE PIERRE,gid://shopify/ProductVariant/57844834992453,834.9,170.99,133.73,update,321
gid://shopify/Product/15850281173317,DISQUE PIERRE,gid://shopify/ProductVariant/57844835025221,509.9,108.99,81.72,update,196
gid://shopify/Product/15850281173317,DISQUE PIERRE,gid://shopify/ProductVariant/57844835057989,834.9,174.99,133.73,update,321
gid://shopify/Product/15850281173317,DISQUE PIERRE,gid://shopify/ProductVariant/57844835090757,509.9,105.99,81.72,update,196
gid://shopify/Product/15850281173317,DISQUE PIERRE,gid://shopify/ProductVariant/57844835123525,509.9,103.99,81.72,update,196
gid://shopify/Product/15850282910021,GRAND LUSTRE MODERNE,gid://shopify/ProductVariant/57844842824005,1839.9,366.99,294.3,update,706
gid://shopify/Product/15850282910021,GRAND LUSTRE MODERNE,gid://shopify/ProductVariant/57844842856773,1711.9,320.99,273.94,update,657
gid://shopify/Product/15850282910021,GRAND LUSTRE MODERNE,gid://shopify/ProductVariant/57844842889541,1711.9,326.99,273.94,update,657
gid://shopify/Product/15850282910021,GRAND LUSTRE MODERNE,gid://shopify/ProductVariant/57844842922309,1711.9,341.99,273.94,update,657
gid://shopify/Product/15850282910021,GRAND LUSTRE MODERNE,gid://shopify/ProductVariant/57844842955077,16.9,3.99,2.82,skipped(suspect),
gid://shopify/Product/15850282910021,GRAND LUSTRE MODERNE,gid://shopify/ProductVariant/57844842987845,16.9,2.99,2.82,skipped(suspect),
gid://shopify/Product/15850282910021,GRAND LUSTRE MODERNE,gid://shopify/ProductVariant/57844843020613,16.9,2.99,2.82,skipped(suspect),
gid://shopify/Product/15850282910021,GRAND LUSTRE MODERNE,gid://shopify/ProductVariant/57844843053381,16.9,3.99,2.82,skipped(suspect),
gid://shopify/Product/15850282910021,GRAND LUSTRE MODERNE,gid://shopify/ProductVariant/57844843086149,2669.9,539.99,427.05,update,1025
gid://shopify/Product/15850282910021,GRAND LUSTRE MODERNE,gid://shopify/ProductVariant/57844843118917,2474.9,492.99,396.04,update,950
gid://shopify/Product/15850282910021,GRAND LUSTRE MODERNE,gid://shopify/ProductVariant/57844843151685,989.9,500.99,396.04,update,950
gid://shopify/Product/15850282910021,GRAND LUSTRE MODERNE,gid://shopify/ProductVariant/57844843184453,989.9,474.99,396.04,update,950
gid://shopify/Product/15850282910021,GRAND LUSTRE MODERNE,gid://shopify/ProductVariant/57844843217221,684.9,348.99,273.94,update,657
gid://shopify/Product/15850282910021,GRAND LUSTRE MODERNE,gid://shopify/ProductVariant/57844843249989,645.9,312.99,258.29,update,620
gid://shopify/Product/15850282910021,GRAND LUSTRE MODERNE,gid://shopify/ProductVariant/57844843282757,645.9,312.99,258.29,update,620
gid://shopify/Product/15850282910021,GRAND LUSTRE MODERNE,gid://shopify/ProductVariant/57844843315525,645.9,327.99,258.29,update,620
gid://shopify/Product/15850282910021,GRAND LUSTRE MODERNE,gid://shopify/ProductVariant/57844843348293,566.9,275.99,226.98,update,545
gid://shopify/Product/15850282910021,GRAND LUSTRE MODERNE,gid://shopify/ProductVariant/57844843381061,527.9,264.99,211.31,update,507
gid://shopify/Product/15850282910021,GRAND LUSTRE MODERNE,gid://shopify/ProductVariant/57844843413829,527.9,261.99,211.31,update,507
gid://shopify/Product/15850282910021,GRAND LUSTRE MODERNE,gid://shopify/ProductVariant/57844843446597,527.9,244.99,211.31,update,507
gid://shopify/Product/15850282910021,GRAND LUSTRE MODERNE,gid://shopify/ProductVariant/57844843479365,977.9,479.99,391.35,update,939
gid://shopify/Product/15850282910021,GRAND LUSTRE MODERNE,gid://shopify/ProductVariant/57844843512133,919.9,461.99,367.86,update,883
gid://shopify/Product/15850282910021,GRAND LUSTRE MODERNE,gid://shopify/ProductVariant/57844843544901,919.9,448.99,367.86,update,883
gid://shopify/Product/15850282910021,GRAND LUSTRE MODERNE,gid://shopify/ProductVariant/57844843577669,919.9,437.99,367.86,update,883
gid://shopify/Product/15850282910021,GRAND LUSTRE MODERNE,gid://shopify/ProductVariant/57844843610437,977.9,453.99,391.35,update,939
gid://shopify/Product/15850282910021,GRAND LUSTRE MODERNE,gid://shopify/ProductVariant/57844843643205,919.9,453.99,367.86,update,883
gid://shopify/Product/15850282910021,GRAND LUSTRE MODERNE,gid://shopify/ProductVariant/57844843675973,919.9,436.99,367.86,update,883
gid://shopify/Product/15850282910021,GRAND LUSTRE MODERNE,gid://shopify/ProductVariant/57844843708741,919.9,450.99,367.86,update,883
gid://shopify/Product/15850282910021,GRAND LUSTRE MODERNE,gid://shopify/ProductVariant/57844843741509,977.9,470.99,391.35,update,939
gid://shopify/Product/15850282910021,GRAND LUSTRE MODERNE,gid://shopify/ProductVariant/57844843774277,919.9,455.99,367.86,update,883
gid://shopify/Product/15850282910021,GRAND LUSTRE MODERNE,gid://shopify/ProductVariant/57844843807045,919.9,438.99,367.86,update,883
gid://shopify/Product/15850282910021,GRAND LUSTRE MODERNE,gid://shopify/ProductVariant/57844843839813,919.9,424.99,367.86,update,883
gid://shopify/Product/15850282910021,GRAND LUSTRE MODERNE,gid://shopify/ProductVariant/57844843872581,566.9,285.99,226.98,update,545
gid://shopify/Product/15850282910021,GRAND LUSTRE MODERNE,gid://shopify/ProductVariant/57844843905349,527.9,251.99,211.31,update,507
gid://shopify/Product/15850282910021,GRAND LUSTRE MODERNE,gid://shopify/ProductVariant/57844843938117,527.9,269.99,211.31,update,507
gid://shopify/Product/15850282910021,GRAND LUSTRE MODERNE,gid://shopify/ProductVariant/57844843970885,527.9,249.99,211.31,update,507
gid://shopify/Product/15850282910021,GRAND LUSTRE MODERNE,gid://shopify/ProductVariant/57844844003653,332.9,182.99,133.06,update,319
gid://shopify/Product/15850282910021,GRAND LUSTRE MODERNE,gid://shopify/ProductVariant/57844844036421,312.9,170.99,125.22,update,301
gid://shopify/Product/15850282910021,GRAND LUSTRE MODERNE,gid://shopify/ProductVariant/57844844069189,312.9,153.99,125.22,update,301
gid://shopify/Product/15850282910021,GRAND LUSTRE MODERNE,gid://shopify/ProductVariant/57844844101957,312.9,164.99,125.22,update,301
gid://shopify/Product/15850282910021,GRAND LUSTRE MODERNE,gid://shopify/ProductVariant/57844844134725,977.9,467.99,391.35,update,939
gid://shopify/Product/15850282910021,GRAND LUSTRE MODERNE,gid://shopify/ProductVariant/57844844167493,919.9,460.99,367.86,update,883
gid://shopify/Product/15850282910021,GRAND LUSTRE MODERNE,gid://shopify/ProductVariant/57844844200261,919.9,454.99,367.86,update,883
gid://shopify/Product/15850282910021,GRAND LUSTRE MODERNE,gid://shopify/ProductVariant/57844844233029,919.9,467.99,367.86,update,883
gid://shopify/Product/15850282910021,GRAND LUSTRE MODERNE,gid://shopify/ProductVariant/57844844265797,778.9,363.99,311.51,update,748
gid://shopify/Product/15850282910021,GRAND LUSTRE MODERNE,gid://shopify/ProductVariant/57844844298565,727.9,356.99,291.17,update,699
gid://shopify/Product/15850282910021,GRAND LUSTRE MODERNE,gid://shopify/ProductVariant/57844844331333,727.9,363.99,291.17,update,699
gid://shopify/Product/15850282910021,GRAND LUSTRE MODERNE,gid://shopify/ProductVariant/57844844364101,727.9,335.99,291.17,update,699
gid://shopify/Product/15850282910021,GRAND LUSTRE MODERNE,gid://shopify/ProductVariant/57844844396869,1067.9,493.99,427.05,update,1025
gid://shopify/Product/15850282910021,GRAND LUSTRE MODERNE,gid://shopify/ProductVariant/57844844429637,989.9,494.99,396.04,update,950
gid://shopify/Product/15850282910021,GRAND LUSTRE MODERNE,gid://shopify/ProductVariant/57844844462405,396.04,473.99,396.04,update,950
gid://shopify/Product/15850282910021,GRAND LUSTRE MODERNE,gid://shopify/ProductVariant/57844844495173,396.04,474.99,396.04,update,950
gid://shopify/Product/15850282942789,APPLIQUE ABAT-JOUR,gid://shopify/ProductVariant/57844842266949,234.9,51.99,37.48,update,90
gid://shopify/Product/15850282942789,APPLIQUE ABAT-JOUR,gid://shopify/ProductVariant/57844842299717,149.9,33.99,23.91,update,57
gid://shopify/Product/15850282942789,APPLIQUE ABAT-JOUR,gid://shopify/ProductVariant/57844842332485,292.9,64.99,46.63,update,112
gid://shopify/Product/15850282942789,APPLIQUE ABAT-JOUR,gid://shopify/ProductVariant/57844842365253,144.9,33.99,23.12,update,55
gid://shopify/Product/15850282942789,APPLIQUE ABAT-JOUR,gid://shopify/ProductVariant/57844842398021,177.9,41.99,28.32,update,68
gid://shopify/Product/15850282942789,APPLIQUE ABAT-JOUR,gid://shopify/ProductVariant/57844842430789,291.9,59.99,46.85,update,112
gid://shopify/Product/15850282942789,APPLIQUE ABAT-JOUR,gid://shopify/ProductVariant/57844842463557,176.9,41.99,28.32,update,68
gid://shopify/Product/15850282942789,APPLIQUE ABAT-JOUR,gid://shopify/ProductVariant/57844842496325,144.9,32.99,23.12,update,55
gid://shopify/Product/15850282942789,APPLIQUE ABAT-JOUR,gid://shopify/ProductVariant/57844842529093,291.9,61.99,46.85,update,112
gid://shopify/Product/15850282942789,APPLIQUE ABAT-JOUR,gid://shopify/ProductVariant/57844842561861,126.9,26.99,20.22,update,49
gid://shopify/Product/15850282942789,APPLIQUE ABAT-JOUR,gid://shopify/ProductVariant/57844842594629,61.9,33.99,24.68,update,59
gid://shopify/Product/15850282942789,APPLIQUE ABAT-JOUR,gid://shopify/ProductVariant/57844842627397,50.9,26.99,20.22,update,49
gid://shopify/Product/15850282942789,APPLIQUE ABAT-JOUR,gid://shopify/ProductVariant/57844842660165,61.9,36.99,24.68,update,59
gid://shopify/Product/15850282942789,APPLIQUE ABAT-JOUR,gid://shopify/ProductVariant/57844842692933,70.9,40.99,28.32,update,68
gid://shopify/Product/15850282942789,APPLIQUE ABAT-JOUR,gid://shopify/ProductVariant/57844842725701,59.9,36.99,23.91,update,57
gid://shopify/Product/15850282942789,APPLIQUE ABAT-JOUR,gid://shopify/ProductVariant/57844842758469,116.9,62.99,46.63,update,112
gid://shopify/Product/15850282942789,APPLIQUE ABAT-JOUR,gid://shopify/ProductVariant/57844842791237,35.9,19.99,14.55,update,35
gid://shopify/Product/15850282975557,TUBE MULTI-TETES,gid://shopify/ProductVariant/57844846199109,2099.9,413.99,335.83,update,806
gid://shopify/Product/15850282975557,TUBE MULTI-TETES,gid://shopify/ProductVariant/57844846231877,2099.9,423.99,335.83,update,806
gid://shopify/Product/15850282975557,TUBE MULTI-TETES,gid://shopify/ProductVariant/57844846264645,1689.9,329.99,270.34,update,649
gid://shopify/Product/15850282975557,TUBE MULTI-TETES,gid://shopify/ProductVariant/57844846297413,2099.9,389.99,335.83,update,806
gid://shopify/Product/15850282975557,TUBE MULTI-TETES,gid://shopify/ProductVariant/57844846330181,1199.9,259.99,192.17,update,461
gid://shopify/Product/15850282975557,TUBE MULTI-TETES,gid://shopify/ProductVariant/57844846362949,1486.9,299.99,238.13,update,572
gid://shopify/Product/15850282975557,TUBE MULTI-TETES,gid://shopify/ProductVariant/57844846395717,1416.9,268.99,226.68,update,544
gid://shopify/Product/15850282975557,TUBE MULTI-TETES,gid://shopify/ProductVariant/57844846428485,1486.9,296.99,238.13,update,572
gid://shopify/Product/15850282975557,TUBE MULTI-TETES,gid://shopify/ProductVariant/57844846461253,1009.9,203.99,161.55,update,388
gid://shopify/Product/15850282975557,TUBE MULTI-TETES,gid://shopify/ProductVariant/57844846494021,1486.9,300.99,238.13,update,572
gid://shopify/Product/15850282975557,TUBE MULTI-TETES,gid://shopify/ProductVariant/57844846526789,594.9,277.99,238.13,update,572
gid://shopify/Product/15850282975557,TUBE MULTI-TETES,gid://shopify/ProductVariant/57844846559557,983.9,474.99,393.78,update,945
gid://shopify/Product/15850282975557,TUBE MULTI-TETES,gid://shopify/ProductVariant/57844846592325,1004.9,510.99,402.17,update,965
gid://shopify/Product/15850282975557,TUBE MULTI-TETES,gid://shopify/ProductVariant/57844846625093,787.9,370.99,315.03,update,756
gid://shopify/Product/15850282975557,TUBE MULTI-TETES,gid://shopify/ProductVariant/57844846657861,1004.9,485.99,402.17,update,965
gid://shopify/Product/15850282975557,TUBE MULTI-TETES,gid://shopify/ProductVariant/57844846690629,983.9,469.99,393.78,update,945
gid://shopify/Product/15850282975557,TUBE MULTI-TETES,gid://shopify/ProductVariant/57844846723397,655.9,301.99,262.51,update,630
gid://shopify/Product/15850282975557,TUBE MULTI-TETES,gid://shopify/ProductVariant/57844846756165,983.9,454.99,393.78,update,945
gid://shopify/Product/15850282975557,TUBE MULTI-TETES,gid://shopify/ProductVariant/57844846788933,1004.9,487.99,402.17,update,965
gid://shopify/Product/15850282975557,TUBE MULTI-TETES,gid://shopify/ProductVariant/57844846821701,349.9,174.99,139.81,update,336
gid://shopify/Product/15850282975557,TUBE MULTI-TETES,gid://shopify/ProductVariant/57844846854469,452.9,248.99,181.05,update,435
gid://shopify/Product/15850282975557,TUBE MULTI-TETES,gid://shopify/ProductVariant/57844846887237,634.9,303.99,254.13,update,610
gid://shopify/Product/15850282975557,TUBE MULTI-TETES,gid://shopify/ProductVariant/57844846920005,452.9,220.99,181.05,update,435
gid://shopify/Product/15850282975557,TUBE MULTI-TETES,gid://shopify/ProductVariant/57844846952773,336.9,183.99,134.67,update,323
gid://shopify/Product/15850282975557,TUBE MULTI-TETES,gid://shopify/ProductVariant/57844846985541,839.9,421.99,335.83,update,806
gid://shopify/Product/15850282975557,TUBE MULTI-TETES,gid://shopify/ProductVariant/57844847018309,452.9,238.99,181.05,update,435
gid://shopify/Product/15850282975557,TUBE MULTI-TETES,gid://shopify/ProductVariant/57844847051077,452.9,242.99,181.05,update,435
gid://shopify/Product/15850282975557,TUBE MULTI-TETES,gid://shopify/ProductVariant/57844847083845,818.9,381.99,327.44,update,786
gid://shopify/Product/15850282975557,TUBE MULTI-TETES,gid://shopify/ProductVariant/57844847116613,573.9,271.99,229.75,update,551
gid://shopify/Product/15850282975557,TUBE MULTI-TETES,gid://shopify/ProductVariant/57844847149381,410.9,221.99,164.28,update,394
gid://shopify/Product/15850282975557,TUBE MULTI-TETES,gid://shopify/ProductVariant/57844847182149,818.9,405.99,327.44,update,786
gid://shopify/Product/15850282975557,TUBE MULTI-TETES,gid://shopify/ProductVariant/57844847214917,1066.9,497.99,426.94,update,1025
gid://shopify/Product/15850282975557,TUBE MULTI-TETES,gid://shopify/ProductVariant/57844847247685,935.9,463.99,374.34,update,898
gid://shopify/Product/15850282975557,TUBE MULTI-TETES,gid://shopify/ProductVariant/57844847280453,1087.9,525.99,435.32,update,1045
gid://shopify/Product/15850282975557,TUBE MULTI-TETES,gid://shopify/ProductVariant/57844847313221,1066.9,490.99,426.94,update,1025
gid://shopify/Product/15850282975557,TUBE MULTI-TETES,gid://shopify/ProductVariant/57844847345989,573.9,265.99,229.75,update,551
gid://shopify/Product/15850282975557,TUBE MULTI-TETES,gid://shopify/ProductVariant/57844847378757,1087.9,514.99,435.32,update,1045
gid://shopify/Product/15850282975557,TUBE MULTI-TETES,gid://shopify/ProductVariant/57844847411525,410.9,221.99,164.28,update,394
gid://shopify/Product/15850282975557,TUBE MULTI-TETES,gid://shopify/ProductVariant/57844847444293,914.9,445.99,365.95,update,878
gid://shopify/Product/15850282975557,TUBE MULTI-TETES,gid://shopify/ProductVariant/57844847477061,1087.9,540.99,435.32,update,1045
gid://shopify/Product/15850282975557,TUBE MULTI-TETES,gid://shopify/ProductVariant/57844847509829,410.9,213.99,164.28,update,394
gid://shopify/Product/15850282975557,TUBE MULTI-TETES,gid://shopify/ProductVariant/57844847542597,818.9,380.99,327.44,update,786
gid://shopify/Product/15850282975557,TUBE MULTI-TETES,gid://shopify/ProductVariant/57844847575365,573.9,271.99,229.75,update,551
gid://shopify/Product/15850282975557,TUBE MULTI-TETES,gid://shopify/ProductVariant/57844847608133,410.9,207.99,164.28,update,394
gid://shopify/Product/15850282975557,TUBE MULTI-TETES,gid://shopify/ProductVariant/57844847640901,545.9,251.99,218.3,update,524
gid://shopify/Product/15850282975557,TUBE MULTI-TETES,gid://shopify/ProductVariant/57844847673669,688.9,331.99,275.69,update,662
gid://shopify/Product/15850282975557,TUBE MULTI-TETES,gid://shopify/ProductVariant/57844847706437,571.9,285.99,228.94,update,549
gid://shopify/Product/15850282975557,TUBE MULTI-TETES,gid://shopify/ProductVariant/57844847739205,654.9,315.99,261.95,update,629
gid://shopify/Product/15850282975557,TUBE MULTI-TETES,gid://shopify/ProductVariant/57844847771973,709.9,329.99,284.08,update,682
gid://shopify/Product/15850282975557,TUBE MULTI-TETES,gid://shopify/ProductVariant/57844847804741,688.9,348.99,275.69,update,662
gid://shopify/Product/15850282975557,TUBE MULTI-TETES,gid://shopify/ProductVariant/57844847837509,458.9,240.99,183.79,update,441
gid://shopify/Product/15850282975557,TUBE MULTI-TETES,gid://shopify/ProductVariant/57844847870277,284.08,326.99,284.08,update,682
gid://shopify/Product/15850282975557,TUBE MULTI-TETES,gid://shopify/ProductVariant/57844847903045,382.9,198.99,153.16,update,368
gid://shopify/Product/15850282975557,TUBE MULTI-TETES,gid://shopify/ProductVariant/57844847935813,550.9,259.99,220.56,update,529
gid://shopify/Product/15850282975557,TUBE MULTI-TETES,gid://shopify/ProductVariant/57844847968581,284.08,330.99,284.08,update,682
gid://shopify/Product/15850282975557,TUBE MULTI-TETES,gid://shopify/ProductVariant/57844848001349,688.9,331.99,275.69,update,662
gid://shopify/Product/15850282975557,TUBE MULTI-TETES,gid://shopify/ProductVariant/57844848034117,479.9,252.99,192.17,update,461
gid://shopify/Product/15850282975557,TUBE MULTI-TETES,gid://shopify/ProductVariant/57844848066885,688.9,324.99,275.69,update,662
gid://shopify/Product/15850282975557,TUBE MULTI-TETES,gid://shopify/ProductVariant/57844848099653,284.08,341.99,284.08,update,682
gid://shopify/Product/15850282975557,TUBE MULTI-TETES,gid://shopify/ProductVariant/57844848132421,983.9,485.99,393.78,update,945
gid://shopify/Product/15850282975557,TUBE MULTI-TETES,gid://shopify/ProductVariant/57844848165189,808.9,374.99,323.41,update,776
gid://shopify/Product/15850282975557,TUBE MULTI-TETES,gid://shopify/ProductVariant/57844848197957,458.9,251.99,183.79,update,441
gid://shopify/Product/15850282975557,TUBE MULTI-TETES,gid://shopify/ProductVariant/57844848230725,1004.9,465.99,402.17,update,965
gid://shopify/Product/15850282975557,TUBE MULTI-TETES,gid://shopify/ProductVariant/57844848263493,1066.9,519.99,426.94,update,1025
gid://shopify/Product/15850282975557,TUBE MULTI-TETES,gid://shopify/ProductVariant/57844848296261,782.9,380.99,313.35,update,752
gid://shopify/Product/15850282975557,TUBE MULTI-TETES,gid://shopify/ProductVariant/57844848329029,1066.9,544.99,426.94,update,1025
gid://shopify/Product/15850282975557,TUBE MULTI-TETES,gid://shopify/ProductVariant/57844848361797,818.9,399.99,327.44,update,786
gid://shopify/Product/15850282975557,TUBE MULTI-TETES,gid://shopify/ProductVariant/57844848394565,1087.9,521.99,435.32,update,1045
gid://shopify/Product/15850282975557,TUBE MULTI-TETES,gid://shopify/ProductVariant/57844848427333,573.9,277.99,229.75,update,551
gid://shopify/Product/15850282975557,TUBE MULTI-TETES,gid://shopify/ProductVariant/57844848460101,916.9,451.99,366.74,update,880
gid://shopify/Product/15850282975557,TUBE MULTI-TETES,gid://shopify/ProductVariant/57844848492869,806.9,411.99,322.74,update,775
gid://shopify/Product/15850282975557,TUBE MULTI-TETES,gid://shopify/ProductVariant/57844848525637,761.9,359.99,304.96,update,732
gid://shopify/Product/15850282975557,TUBE MULTI-TETES,gid://shopify/ProductVariant/57844848558405,937.9,431.99,375.12,update,900
gid://shopify/Product/15850282975557,TUBE MULTI-TETES,gid://shopify/ProductVariant/57844848591173,916.9,458.99,366.74,update,880
gid://shopify/Product/15850282975557,TUBE MULTI-TETES,gid://shopify/ProductVariant/57844848623941,328.9,166.99,131.42,update,315
gid://shopify/Product/15850282975557,TUBE MULTI-TETES,gid://shopify/ProductVariant/57844848656709,937.9,466.99,375.12,update,900
gid://shopify/Product/15850282975557,TUBE MULTI-TETES,gid://shopify/ProductVariant/57844848689477,273.9,143.99,109.52,update,263
gid://shopify/Product/15850282975557,TUBE MULTI-TETES,gid://shopify/ProductVariant/57844848722245,785.9,392.99,314.35,update,754
gid://shopify/Product/15850282975557,TUBE MULTI-TETES,gid://shopify/ProductVariant/57844848755013,937.9,466.99,375.12,update,900
gid://shopify/Product/15850282975557,TUBE MULTI-TETES,gid://shopify/ProductVariant/57844848787781,916.9,436.99,366.74,update,880
gid://shopify/Product/15850282975557,TUBE MULTI-TETES,gid://shopify/ProductVariant/57844848820549,675.9,311.99,270.34,update,649
gid://shopify/Product/15850282975557,TUBE MULTI-TETES,gid://shopify/ProductVariant/57844848853317,916.9,446.99,366.74,update,880
gid://shopify/Product/15850282975557,TUBE MULTI-TETES,gid://shopify/ProductVariant/57844848886085,654.9,327.99,261.95,update,629
gid://shopify/Product/15850282975557,TUBE MULTI-TETES,gid://shopify/ProductVariant/57844848918853,937.9,438.99,375.12,update,900
gid://shopify/Product/15850283008325,GRAPPE VERRE ANTIQUE,gid://shopify/ProductVariant/57844844593477,1174.9,239.99,187.96,update,451
gid://shopify/Product/15850283008325,GRAPPE VERRE ANTIQUE,gid://shopify/ProductVariant/57844844626245,631.9,125.99,101.03,update,242
gid://shopify/Product/15850283008325,GRAPPE VERRE ANTIQUE,gid://shopify/ProductVariant/57844844659013,631.9,125.99,101.03,update,242
gid://shopify/Product/15850283008325,GRAPPE VERRE ANTIQUE,gid://shopify/ProductVariant/57844844691781,631.9,137.99,101.03,update,242
gid://shopify/Product/15850283008325,GRAPPE VERRE ANTIQUE,gid://shopify/ProductVariant/57844844724549,1174.9,242.99,187.96,update,451
gid://shopify/Product/15850283008325,GRAPPE VERRE ANTIQUE,gid://shopify/ProductVariant/57844844757317,1174.9,235.99,187.96,update,451
gid://shopify/Product/15850283008325,GRAPPE VERRE ANTIQUE,gid://shopify/ProductVariant/57844844790085,1174.9,232.99,187.96,update,451
gid://shopify/Product/15850283008325,GRAPPE VERRE ANTIQUE,gid://shopify/ProductVariant/57844844822853,1224.9,240.99,196.18,update,471
gid://shopify/Product/15850283008325,GRAPPE VERRE ANTIQUE,gid://shopify/ProductVariant/57844844855621,879.9,190.99,140.96,update,338
gid://shopify/Product/15850283008325,GRAPPE VERRE ANTIQUE,gid://shopify/ProductVariant/57844844888389,879.9,173.99,140.96,update,338
gid://shopify/Product/15850283008325,GRAPPE VERRE ANTIQUE,gid://shopify/ProductVariant/57844844921157,351.9,188.99,140.96,update,338
gid://shopify/Product/15850283008325,GRAPPE VERRE ANTIQUE,gid://shopify/ProductVariant/57844844953925,375.9,202.99,150.37,update,361
gid://shopify/Product/15850283008325,GRAPPE VERRE ANTIQUE,gid://shopify/ProductVariant/57844844986693,257.9,139.99,103.37,update,248
gid://shopify/Product/15850283008325,GRAPPE VERRE ANTIQUE,gid://shopify/ProductVariant/57844845019461,263.9,128.99,105.73,update,254
gid://shopify/Product/15850283008325,GRAPPE VERRE ANTIQUE,gid://shopify/ProductVariant/57844845052229,263.9,133.99,105.73,update,254
gid://shopify/Product/15850283008325,GRAPPE VERRE ANTIQUE,gid://shopify/ProductVariant/57844845084997,489.9,262.99,196.18,update,471
gid://shopify/Product/15850283008325,GRAPPE VERRE ANTIQUE,gid://shopify/ProductVariant/57844845117765,263.9,130.99,105.73,update,254
gid://shopify/Product/15850283008325,GRAPPE VERRE ANTIQUE,gid://shopify/ProductVariant/57844845150533,375.9,191.99,150.37,update,361
gid://shopify/Product/15850283008325,GRAPPE VERRE ANTIQUE,gid://shopify/ProductVariant/57844845183301,278.9,138.99,111.6,update,268
gid://shopify/Product/15850283008325,GRAPPE VERRE ANTIQUE,gid://shopify/ProductVariant/57844845216069,263.9,142.99,105.73,update,254
gid://shopify/Product/15850283008325,GRAPPE VERRE ANTIQUE,gid://shopify/ProductVariant/57844845248837,278.9,148.99,111.6,update,268
gid://shopify/Product/15850283008325,GRAPPE VERRE ANTIQUE,gid://shopify/ProductVariant/57844845281605,263.9,141.99,105.73,update,254
gid://shopify/Product/15850283008325,GRAPPE VERRE ANTIQUE,gid://shopify/ProductVariant/57844845314373,263.9,130.99,105.73,update,254
gid://shopify/Product/15850283008325,GRAPPE VERRE ANTIQUE,gid://shopify/ProductVariant/57844845347141,278.9,142.99,111.6,update,268
gid://shopify/Product/15850283008325,GRAPPE VERRE ANTIQUE,gid://shopify/ProductVariant/57844845379909,263.9,134.99,105.73,update,254
gid://shopify/Product/15850283008325,GRAPPE VERRE ANTIQUE,gid://shopify/ProductVariant/57844845412677,263.9,139.99,105.73,update,254
gid://shopify/Product/15850283008325,GRAPPE VERRE ANTIQUE,gid://shopify/ProductVariant/57844845445445,263.9,132.99,105.73,update,254
gid://shopify/Product/15850283008325,GRAPPE VERRE ANTIQUE,gid://shopify/ProductVariant/57844845478213,278.9,143.99,111.6,update,268
gid://shopify/Product/15850283008325,GRAPPE VERRE ANTIQUE,gid://shopify/ProductVariant/57844845510981,469.9,236.99,187.96,update,451
gid://shopify/Product/15850283008325,GRAPPE VERRE ANTIQUE,gid://shopify/ProductVariant/57844845543749,469.9,250.99,187.96,update,451
gid://shopify/Product/15850283008325,GRAPPE VERRE ANTIQUE,gid://shopify/ProductVariant/57844845576517,469.9,241.99,187.96,update,451
gid://shopify/Product/15850283008325,GRAPPE VERRE ANTIQUE,gid://shopify/ProductVariant/57844845609285,489.9,255.99,196.18,update,471
gid://shopify/Product/15850283008325,GRAPPE VERRE ANTIQUE,gid://shopify/ProductVariant/57844845642053,351.9,177.99,140.96,update,338
gid://shopify/Product/15850283008325,GRAPPE VERRE ANTIQUE,gid://shopify/ProductVariant/57844845674821,351.9,189.99,140.96,update,338
gid://shopify/Product/15850283008325,GRAPPE VERRE ANTIQUE,gid://shopify/ProductVariant/57844845707589,351.9,181.99,140.96,update,338
gid://shopify/Product/15850283008325,GRAPPE VERRE ANTIQUE,gid://shopify/ProductVariant/57844845740357,375.9,202.99,150.37,update,361
gid://shopify/Product/15850283008325,GRAPPE VERRE ANTIQUE,gid://shopify/ProductVariant/57844845773125,252.9,128.99,101.03,update,242
gid://shopify/Product/15850283008325,GRAPPE VERRE ANTIQUE,gid://shopify/ProductVariant/57844845805893,252.9,137.99,101.03,update,242
gid://shopify/Product/15850283008325,GRAPPE VERRE ANTIQUE,gid://shopify/ProductVariant/57844845838661,252.9,138.99,101.03,update,242
gid://shopify/Product/15850283008325,GRAPPE VERRE ANTIQUE,gid://shopify/ProductVariant/57844845871429,257.9,132.99,103.37,update,248
gid://shopify/Product/15850283008325,GRAPPE VERRE ANTIQUE,gid://shopify/ProductVariant/57844845904197,263.9,132.99,105.73,update,254
gid://shopify/Product/15850283008325,GRAPPE VERRE ANTIQUE,gid://shopify/ProductVariant/57844845936965,263.9,134.99,105.73,update,254
gid://shopify/Product/15850283008325,GRAPPE VERRE ANTIQUE,gid://shopify/ProductVariant/57844845969733,263.9,136.99,105.73,update,254
gid://shopify/Product/15850283008325,GRAPPE VERRE ANTIQUE,gid://shopify/ProductVariant/57844846002501,351.9,192.99,140.96,update,338
gid://shopify/Product/15850283008325,GRAPPE VERRE ANTIQUE,gid://shopify/ProductVariant/57844846035269,351.9,189.99,140.96,update,338
gid://shopify/Product/15850283008325,GRAPPE VERRE ANTIQUE,gid://shopify/ProductVariant/57844846068037,351.9,189.99,140.96,update,338
gid://shopify/Product/15850283008325,GRAPPE VERRE ANTIQUE,gid://shopify/ProductVariant/57844846100805,469.9,232.99,187.96,update,451
gid://shopify/Product/15850283008325,GRAPPE VERRE ANTIQUE,gid://shopify/ProductVariant/57844846133573,469.9,235.99,187.96,update,451
gid://shopify/Product/15850283041093,SUSPENSION BAR,gid://shopify/ProductVariant/57844848951621,609.9,123.99,97.78,update,235
gid://shopify/Product/15850283041093,SUSPENSION BAR,gid://shopify/ProductVariant/57844848984389,609.9,133.99,97.78,update,235
gid://shopify/Product/15850283041093,SUSPENSION BAR,gid://shopify/ProductVariant/57844849017157,304.9,67.99,48.68,update,117
gid://shopify/Product/15850283041093,SUSPENSION BAR,gid://shopify/ProductVariant/57844849049925,574.9,117.99,92.01,update,221
gid://shopify/Product/15850283041093,SUSPENSION BAR,gid://shopify/ProductVariant/57844849082693,574.9,120.99,92.01,update,221
gid://shopify/Product/15850283041093,SUSPENSION BAR,gid://shopify/ProductVariant/57844849115461,574.9,125.99,92.01,update,221
gid://shopify/Product/15850283041093,SUSPENSION BAR,gid://shopify/ProductVariant/57844849148229,574.9,115.99,92.01,update,221
gid://shopify/Product/15850283041093,SUSPENSION BAR,gid://shopify/ProductVariant/57844849180997,304.9,64.99,48.68,update,117
gid://shopify/Product/15850283041093,SUSPENSION BAR,gid://shopify/ProductVariant/57844849213765,346.9,77.99,55.4,update,133
gid://shopify/Product/15850283041093,SUSPENSION BAR,gid://shopify/ProductVariant/57844849246533,616.9,132.99,98.86,update,237
gid://shopify/Product/15850283041093,SUSPENSION BAR,gid://shopify/ProductVariant/57844849279301,246.9,130.99,98.86,update,237
gid://shopify/Product/15850283041093,SUSPENSION BAR,gid://shopify/ProductVariant/57844849312069,246.9,132.99,98.86,update,237
gid://shopify/Product/15850283041093,SUSPENSION BAR,gid://shopify/ProductVariant/57844849344837,261.9,139.99,104.64,update,251
gid://shopify/Product/15850283041093,SUSPENSION BAR,gid://shopify/ProductVariant/57844849377605,121.9,66.99,48.68,update,117
gid://shopify/Product/15850283041093,SUSPENSION BAR,gid://shopify/ProductVariant/57844849410373,138.9,74.99,55.4,update,133
gid://shopify/Product/15850283041093,SUSPENSION BAR,gid://shopify/ProductVariant/57844849443141,261.9,137.99,104.64,update,251
gid://shopify/Product/15850283041093,SUSPENSION BAR,gid://shopify/ProductVariant/57844849475909,121.9,64.99,48.68,update,117
gid://shopify/Product/15850283041093,SUSPENSION BAR,gid://shopify/ProductVariant/57844849508677,246.9,125.99,98.86,update,237
gid://shopify/Product/15850283073861,APPLIQUE LINEAIRE,gid://shopify/ProductVariant/57844849672517,149.9,31.99,24.04,update,58
gid://shopify/Product/15850283073861,APPLIQUE LINEAIRE,gid://shopify/ProductVariant/57844849705285,139.9,29.99,22.59,update,54
gid://shopify/Product/15850283073861,APPLIQUE LINEAIRE,gid://shopify/ProductVariant/57844849738053,129.9,30.99,20.81,update,50
gid://shopify/Product/15850283073861,APPLIQUE LINEAIRE,gid://shopify/ProductVariant/57844849770821,157.9,33.99,24.04,update,58
gid://shopify/Product/15850283073861,APPLIQUE LINEAIRE,gid://shopify/ProductVariant/57844849803589,154.9,36.99,25.04,update,60
gid://shopify/Product/15850283073861,APPLIQUE LINEAIRE,gid://shopify/ProductVariant/57844849836357,154.9,35.99,25.04,update,60
gid://shopify/Product/15850283073861,APPLIQUE LINEAIRE,gid://shopify/ProductVariant/57844849869125,154.9,33.99,24.84,update,60
gid://shopify/Product/15850283073861,APPLIQUE LINEAIRE,gid://shopify/ProductVariant/57844849901893,154.9,34.99,25.04,update,60
gid://shopify/Product/15850283073861,APPLIQUE LINEAIRE,gid://shopify/ProductVariant/57844849934661,154.9,34.99,25.04,update,60
gid://shopify/Product/15850283073861,APPLIQUE LINEAIRE,gid://shopify/ProductVariant/57844849967429,154.9,35.99,25.04,update,60
gid://shopify/Product/15850283073861,APPLIQUE LINEAIRE,gid://shopify/ProductVariant/57844850000197,61.9,35.99,25.04,update,60
gid://shopify/Product/15850283073861,APPLIQUE LINEAIRE,gid://shopify/ProductVariant/57844850032965,66.9,35.99,26.76,update,64
gid://shopify/Product/15850283073861,APPLIQUE LINEAIRE,gid://shopify/ProductVariant/57844850065733,64.9,36.99,26.12,update,63
gid://shopify/Product/15850283073861,APPLIQUE LINEAIRE,gid://shopify/ProductVariant/57844850098501,65.9,36.99,26.54,update,64
gid://shopify/Product/15850283073861,APPLIQUE LINEAIRE,gid://shopify/ProductVariant/57844850131269,61.9,34.99,25.04,update,60
gid://shopify/Product/15850283073861,APPLIQUE LINEAIRE,gid://shopify/ProductVariant/57844850164037,61.9,34.99,25.04,update,60
gid://shopify/Product/15850283073861,APPLIQUE LINEAIRE,gid://shopify/ProductVariant/57844850196805,70.9,40.99,28.21,update,68
gid://shopify/Product/15850283073861,APPLIQUE LINEAIRE,gid://shopify/ProductVariant/57844850229573,77.9,43.99,31.13,update,75
gid://shopify/Product/15850283073861,APPLIQUE LINEAIRE,gid://shopify/ProductVariant/57844850262341,70.9,41.99,28.57,update,69
gid://shopify/Product/15850283073861,APPLIQUE LINEAIRE,gid://shopify/ProductVariant/57844850295109,70.9,37.99,28.57,update,69
gid://shopify/Product/15850283073861,APPLIQUE LINEAIRE,gid://shopify/ProductVariant/57844850327877,73.9,39.99,29.42,update,71
gid://shopify/Product/15850283073861,APPLIQUE LINEAIRE,gid://shopify/ProductVariant/57844850360645,76.9,41.99,30.61,update,73
gid://shopify/Product/15850283073861,APPLIQUE LINEAIRE,gid://shopify/ProductVariant/57844850393413,73.9,40.99,29.42,update,71
gid://shopify/Product/15850283073861,APPLIQUE LINEAIRE,gid://shopify/ProductVariant/57844850426181,68.9,40.99,27.77,update,67
gid://shopify/Product/15850283073861,APPLIQUE LINEAIRE,gid://shopify/ProductVariant/57844850458949,68.9,39.99,27.45,update,66
gid://shopify/Product/15850283073861,APPLIQUE LINEAIRE,gid://shopify/ProductVariant/57844850491717,73.9,44.99,29.59,update,71
gid://shopify/Product/15850283073861,APPLIQUE LINEAIRE,gid://shopify/ProductVariant/57844850524485,77.9,43.99,31.29,update,75
gid://shopify/Product/15850283073861,APPLIQUE LINEAIRE,gid://shopify/ProductVariant/57844850557253,73.9,40.99,29.59,update,71
gid://shopify/Product/15850283073861,APPLIQUE LINEAIRE,gid://shopify/ProductVariant/57844850590021,76.9,41.99,30.61,update,73
gid://shopify/Product/15850283073861,APPLIQUE LINEAIRE,gid://shopify/ProductVariant/57844850622789,77.9,39.99,31.29,update,75
gid://shopify/Product/15850283106629,LUSTRE FUME,gid://shopify/ProductVariant/57844849574213,611.9,123.99,97.82,update,235
gid://shopify/Product/15850283106629,LUSTRE FUME,gid://shopify/ProductVariant/57844849606981,611.9,125.99,97.82,update,235
gid://shopify/Product/15850283106629,LUSTRE FUME,gid://shopify/ProductVariant/57844849639749,611.9,120.99,97.82,update,235
gid://shopify/Product/15850283139397,CREME MINIMAL,gid://shopify/ProductVariant/57844850688325,829.9,172.99,132.8,update,319
gid://shopify/Product/15850283139397,CREME MINIMAL,gid://shopify/ProductVariant/57844850721093,829.9,177.99,132.8,update,319
gid://shopify/Product/15850283139397,CREME MINIMAL,gid://shopify/ProductVariant/57844850753861,829.9,180.99,132.8,update,319
gid://shopify/Product/15850283139397,CREME MINIMAL,gid://shopify/ProductVariant/57844850786629,829.9,170.99,132.8,update,319
gid://shopify/Product/15850283139397,CREME MINIMAL,gid://shopify/ProductVariant/57844850819397,829.9,178.99,132.8,update,319
gid://shopify/Product/15850283139397,CREME MINIMAL,gid://shopify/ProductVariant/57844850852165,829.9,174.99,132.8,update,319
gid://shopify/Product/15850283172165,BASE TACTILE,gid://shopify/ProductVariant/57844850950469,97.9,20.99,15.71,update,38
gid://shopify/Product/15850283172165,BASE TACTILE,gid://shopify/ProductVariant/57844850983237,87.9,20.99,13.89,update,33
gid://shopify/Product/15850283172165,BASE TACTILE,gid://shopify/ProductVariant/57844851016005,104.9,22.99,16.98,update,41
gid://shopify/Product/15850283172165,BASE TACTILE,gid://shopify/ProductVariant/57844851048773,94.9,22.99,15.3,update,37
gid://shopify/Product/15850283172165,BASE TACTILE,gid://shopify/ProductVariant/57844851081541,97.9,22.99,15.77,update,38
gid://shopify/Product/15850283172165,BASE TACTILE,gid://shopify/ProductVariant/57844851114309,94.9,21.99,15.3,update,37
gid://shopify/Product/15850283172165,BASE TACTILE,gid://shopify/ProductVariant/57844851147077,94.9,21.99,15.3,update,37
gid://shopify/Product/15850283172165,BASE TACTILE,gid://shopify/ProductVariant/57844851179845,99.9,21.99,15.85,update,38
gid://shopify/Product/15850283204933,LIVRE LUMINEUX,gid://shopify/ProductVariant/57844851245381,66.9,15.99,10.8,update,26
gid://shopify/Product/15850283204933,LIVRE LUMINEUX,gid://shopify/ProductVariant/57844851278149,139.9,32.99,22.22,update,53
gid://shopify/Product/15850283204933,LIVRE LUMINEUX,gid://shopify/ProductVariant/57844851310917,139.9,31.99,22.34,update,54
gid://shopify/Product/15850283204933,LIVRE LUMINEUX,gid://shopify/ProductVariant/57844851343685,176.9,42.99,28.36,update,68
gid://shopify/Product/15850283204933,LIVRE LUMINEUX,gid://shopify/ProductVariant/57844851376453,139.9,31.99,22.34,update,54
gid://shopify/Product/15850283204933,LIVRE LUMINEUX,gid://shopify/ProductVariant/57844851409221,176.9,40.99,28.36,update,68
gid://shopify/Product/15850283204933,LIVRE LUMINEUX,gid://shopify/ProductVariant/57844851441989,176.9,40.99,28.36,update,68
gid://shopify/Product/15850283204933,LIVRE LUMINEUX,gid://shopify/ProductVariant/57844851474757,66.9,15.99,10.8,update,26
gid://shopify/Product/15850283204933,LIVRE LUMINEUX,gid://shopify/ProductVariant/57844851507525,176.9,40.99,28.36,update,68
gid://shopify/Product/15850283204933,LIVRE LUMINEUX,gid://shopify/ProductVariant/57844851540293,66.9,13.99,10.8,update,26
gid://shopify/Product/15850283204933,LIVRE LUMINEUX,gid://shopify/ProductVariant/57844851573061,26.9,13.99,10.8,update,26
gid://shopify/Product/15850283204933,LIVRE LUMINEUX,gid://shopify/ProductVariant/57844851605829,55.9,31.99,22.34,update,54
gid://shopify/Product/15850283204933,LIVRE LUMINEUX,gid://shopify/ProductVariant/57844851638597,55.9,30.99,22.36,update,54
gid://shopify/Product/15850283204933,LIVRE LUMINEUX,gid://shopify/ProductVariant/57844851671365,70.9,38.99,28.36,update,68
gid://shopify/Product/15850283204933,LIVRE LUMINEUX,gid://shopify/ProductVariant/57844851704133,70.9,37.99,28.36,update,68
gid://shopify/Product/15850283204933,LIVRE LUMINEUX,gid://shopify/ProductVariant/57844851736901,26.9,14.99,10.8,update,26
gid://shopify/Product/15850283204933,LIVRE LUMINEUX,gid://shopify/ProductVariant/57844851769669,26.9,14.99,10.8,update,26
gid://shopify/Product/15850283204933,LIVRE LUMINEUX,gid://shopify/ProductVariant/57844851802437,55.9,31.99,22.34,update,54
gid://shopify/Product/15850283237701,LAMPE TACTILE PORTABLE,gid://shopify/ProductVariant/57844851835205,39.9,8.99,6.34,skipped(suspect),
gid://shopify/Product/15850283237701,LAMPE TACTILE PORTABLE,gid://shopify/ProductVariant/57844851867973,36.9,7.99,5.85,skipped(suspect),
gid://shopify/Product/15850283237701,LAMPE TACTILE PORTABLE,gid://shopify/ProductVariant/57844851900741,36.9,7.99,6.1,skipped(suspect),
gid://shopify/Product/15850283237701,LAMPE TACTILE PORTABLE,gid://shopify/ProductVariant/57844851933509,41.9,8.99,6.64,skipped(suspect),
gid://shopify/Product/15850283237701,LAMPE TACTILE PORTABLE,gid://shopify/ProductVariant/57844851966277,41.9,9.99,6.95,skipped(suspect),
gid://shopify/Product/15850283270469,APPLIQUE FOND TV,gid://shopify/ProductVariant/57844852031813,422.9,96.99,67.77,update,163
gid://shopify/Product/15850283270469,APPLIQUE FOND TV,gid://shopify/ProductVariant/57844852064581,469.9,99.99,75.01,update,180
gid://shopify/Product/15850283270469,APPLIQUE FOND TV,gid://shopify/ProductVariant/57844852097349,439.9,98.99,70.55,update,169
gid://shopify/Product/15850283270469,APPLIQUE FOND TV,gid://shopify/ProductVariant/57844852130117,407.9,91.99,65.17,update,156
gid://shopify/Product/15850283270469,APPLIQUE FOND TV,gid://shopify/ProductVariant/57844852162885,469.9,105.99,75.01,update,180
gid://shopify/Product/15850283270469,APPLIQUE FOND TV,gid://shopify/ProductVariant/57844852195653,439.9,92.99,70.55,update,169
gid://shopify/Product/15850283270469,APPLIQUE FOND TV,gid://shopify/ProductVariant/57844852228421,406.9,84.99,65.17,update,156
gid://shopify/Product/15850283270469,APPLIQUE FOND TV,gid://shopify/ProductVariant/57844852261189,484.9,100.99,77.61,update,186
gid://shopify/Product/15850283270469,APPLIQUE FOND TV,gid://shopify/ProductVariant/57844852293957,456.9,100.99,73.16,update,176
gid://shopify/Product/15850283303237,LAMPADAIRE ARTICULE,gid://shopify/ProductVariant/57844852359493,329.9,68.99,52.92,update,127
gid://shopify/Product/15850283303237,LAMPADAIRE ARTICULE,gid://shopify/ProductVariant/57844852392261,329.9,71.99,52.92,update,127
gid://shopify/Product/15850283303237,LAMPADAIRE ARTICULE,gid://shopify/ProductVariant/57844852425029,329.9,67.99,52.92,update,127
gid://shopify/Product/15850283303237,LAMPADAIRE ARTICULE,gid://shopify/ProductVariant/57844852457797,329.9,71.99,52.92,update,127
gid://shopify/Product/15850283368773,APPLIQUE AMERICAINE,gid://shopify/ProductVariant/57844852523333,94.9,20.99,15.32,update,37
gid://shopify/Product/15850283368773,APPLIQUE AMERICAINE,gid://shopify/ProductVariant/57844852556101,74.9,16.99,12.15,update,29
gid://shopify/Product/15850283499845,APPLIQUE ALU LUXE,gid://shopify/ProductVariant/57844853014853,82.9,17.99,13.14,update,32
gid://shopify/Product/15850283499845,APPLIQUE ALU LUXE,gid://shopify/ProductVariant/57844853047621,84.9,17.99,13.4,update,32
gid://shopify/Product/15850283630917,LUSTRE MODULABLE CRISTAL,gid://shopify/ProductVariant/57844858552645,644.9,137.99,103.34,update,248
gid://shopify/Product/15850283630917,LUSTRE MODULABLE CRISTAL,gid://shopify/ProductVariant/57844858585413,721.9,141.99,115.56,update,277
gid://shopify/Product/15850283630917,LUSTRE MODULABLE CRISTAL,gid://shopify/ProductVariant/57844858618181,494.9,104.99,79.27,update,190
gid://shopify/Product/15850283630917,LUSTRE MODULABLE CRISTAL,gid://shopify/ProductVariant/57844858650949,494.9,110.99,79.27,update,190
gid://shopify/Product/15850283630917,LUSTRE MODULABLE CRISTAL,gid://shopify/ProductVariant/57844858683717,644.9,127.99,103.34,update,248
gid://shopify/Product/15850283630917,LUSTRE MODULABLE CRISTAL,gid://shopify/ProductVariant/57844858716485,721.9,142.99,115.56,update,277
gid://shopify/Product/15850283630917,LUSTRE MODULABLE CRISTAL,gid://shopify/ProductVariant/57844858749253,494.9,107.99,79.27,update,190
gid://shopify/Product/15850283630917,LUSTRE MODULABLE CRISTAL,gid://shopify/ProductVariant/57844858782021,494.9,113.99,79.27,update,190
gid://shopify/Product/15850283630917,LUSTRE MODULABLE CRISTAL,gid://shopify/ProductVariant/57844858814789,644.9,133.99,103.34,update,248
gid://shopify/Product/15850283630917,LUSTRE MODULABLE CRISTAL,gid://shopify/ProductVariant/57844858847557,721.9,156.99,115.56,update,277
gid://shopify/Product/15850283630917,LUSTRE MODULABLE CRISTAL,gid://shopify/ProductVariant/57844858880325,197.9,111.99,79.27,update,190
gid://shopify/Product/15850283630917,LUSTRE MODULABLE CRISTAL,gid://shopify/ProductVariant/57844858913093,197.9,103.99,79.27,update,190
gid://shopify/Product/15850283630917,LUSTRE MODULABLE CRISTAL,gid://shopify/ProductVariant/57844858945861,2064.9,1127.99,897.91,update,2155
gid://shopify/Product/15850283630917,LUSTRE MODULABLE CRISTAL,gid://shopify/ProductVariant/57844858978629,2092.9,1102.99,909.95,update,2184
gid://shopify/Product/15850283630917,LUSTRE MODULABLE CRISTAL,gid://shopify/ProductVariant/57844859011397,2008.9,1095.99,873.65,update,2097
gid://shopify/Product/15850283630917,LUSTRE MODULABLE CRISTAL,gid://shopify/ProductVariant/57844859044165,2008.9,1088.99,873.65,update,2097
gid://shopify/Product/15850283630917,LUSTRE MODULABLE CRISTAL,gid://shopify/ProductVariant/57844859076933,2064.9,1071.99,897.91,update,2155
gid://shopify/Product/15850283630917,LUSTRE MODULABLE CRISTAL,gid://shopify/ProductVariant/57844859109701,2092.9,1059.99,909.95,update,2184
gid://shopify/Product/15850283630917,LUSTRE MODULABLE CRISTAL,gid://shopify/ProductVariant/57844859142469,2008.9,1113.99,873.65,update,2097
gid://shopify/Product/15850283630917,LUSTRE MODULABLE CRISTAL,gid://shopify/ProductVariant/57844859175237,2008.9,1019.99,873.65,update,2097
gid://shopify/Product/15850283630917,LUSTRE MODULABLE CRISTAL,gid://shopify/ProductVariant/57844859208005,2064.9,1144.99,897.91,update,2155
gid://shopify/Product/15850283630917,LUSTRE MODULABLE CRISTAL,gid://shopify/ProductVariant/57844859240773,2092.9,1147.99,909.95,update,2184
gid://shopify/Product/15850283630917,LUSTRE MODULABLE CRISTAL,gid://shopify/ProductVariant/57844859273541,2008.9,1085.99,873.65,update,2097
gid://shopify/Product/15850283630917,LUSTRE MODULABLE CRISTAL,gid://shopify/ProductVariant/57844859306309,2008.9,1114.99,873.65,update,2097
gid://shopify/Product/15850283630917,LUSTRE MODULABLE CRISTAL,gid://shopify/ProductVariant/57844859339077,1839.9,1019.99,799.84,update,1920
gid://shopify/Product/15850283630917,LUSTRE MODULABLE CRISTAL,gid://shopify/ProductVariant/57844859371845,1866.9,1017.99,811.88,update,1949
gid://shopify/Product/15850283630917,LUSTRE MODULABLE CRISTAL,gid://shopify/ProductVariant/57844859404613,1783.9,928.99,775.76,update,1862
gid://shopify/Product/15850283630917,LUSTRE MODULABLE CRISTAL,gid://shopify/ProductVariant/57844859437381,1783.9,970.99,775.76,update,1862
gid://shopify/Product/15850283630917,LUSTRE MODULABLE CRISTAL,gid://shopify/ProductVariant/57844859470149,1839.9,920.99,799.84,update,1920
gid://shopify/Product/15850283630917,LUSTRE MODULABLE CRISTAL,gid://shopify/ProductVariant/57844859502917,1866.9,989.99,811.88,update,1949
gid://shopify/Product/15850283630917,LUSTRE MODULABLE CRISTAL,gid://shopify/ProductVariant/57844859535685,1783.9,936.99,775.76,update,1862
gid://shopify/Product/15850283630917,LUSTRE MODULABLE CRISTAL,gid://shopify/ProductVariant/57844859568453,1783.9,958.99,775.76,update,1862
gid://shopify/Product/15850283630917,LUSTRE MODULABLE CRISTAL,gid://shopify/ProductVariant/57844859601221,1839.9,988.99,799.84,update,1920
gid://shopify/Product/15850283630917,LUSTRE MODULABLE CRISTAL,gid://shopify/ProductVariant/57844859633989,1866.9,994.99,811.88,update,1949
gid://shopify/Product/15850283630917,LUSTRE MODULABLE CRISTAL,gid://shopify/ProductVariant/57844859666757,1783.9,974.99,775.76,update,1862
gid://shopify/Product/15850283630917,LUSTRE MODULABLE CRISTAL,gid://shopify/ProductVariant/57844859699525,1783.9,985.99,775.76,update,1862
gid://shopify/Product/15850283630917,LUSTRE MODULABLE CRISTAL,gid://shopify/ProductVariant/57844859732293,1394.9,705.99,606.53,update,1456
gid://shopify/Product/15850283630917,LUSTRE MODULABLE CRISTAL,gid://shopify/ProductVariant/57844859765061,1422.9,729.99,618.57,update,1485
gid://shopify/Product/15850283630917,LUSTRE MODULABLE CRISTAL,gid://shopify/ProductVariant/57844859797829,1339.9,670.99,582.46,update,1398
gid://shopify/Product/15850283630917,LUSTRE MODULABLE CRISTAL,gid://shopify/ProductVariant/57844859830597,1339.9,735.99,582.46,update,1398
gid://shopify/Product/15850283630917,LUSTRE MODULABLE CRISTAL,gid://shopify/ProductVariant/57844859863365,1394.9,740.99,606.53,update,1456
gid://shopify/Product/15850283630917,LUSTRE MODULABLE CRISTAL,gid://shopify/ProductVariant/57844859896133,1422.9,783.99,618.57,update,1485
gid://shopify/Product/15850283630917,LUSTRE MODULABLE CRISTAL,gid://shopify/ProductVariant/57844859928901,1339.9,685.99,582.46,update,1398
gid://shopify/Product/15850283630917,LUSTRE MODULABLE CRISTAL,gid://shopify/ProductVariant/57844859961669,1339.9,673.99,582.46,update,1398
gid://shopify/Product/15850283630917,LUSTRE MODULABLE CRISTAL,gid://shopify/ProductVariant/57844859994437,1394.9,761.99,606.53,update,1456
gid://shopify/Product/15850283630917,LUSTRE MODULABLE CRISTAL,gid://shopify/ProductVariant/57844860027205,1422.9,783.99,618.57,update,1485
gid://shopify/Product/15850283630917,LUSTRE MODULABLE CRISTAL,gid://shopify/ProductVariant/57844860059973,1339.9,691.99,582.46,update,1398
gid://shopify/Product/15850283630917,LUSTRE MODULABLE CRISTAL,gid://shopify/ProductVariant/57844860092741,1339.9,699.99,582.46,update,1398
gid://shopify/Product/15850283630917,LUSTRE MODULABLE CRISTAL,gid://shopify/ProductVariant/57844860125509,1176.9,596.99,511.7,update,1228
gid://shopify/Product/15850283630917,LUSTRE MODULABLE CRISTAL,gid://shopify/ProductVariant/57844860158277,1204.9,665.99,523.74,update,1257
gid://shopify/Product/15850283630917,LUSTRE MODULABLE CRISTAL,gid://shopify/ProductVariant/57844860191045,1218.9,579.99,487.63,update,1170
gid://shopify/Product/15850283630917,LUSTRE MODULABLE CRISTAL,gid://shopify/ProductVariant/57844860223813,1218.9,591.99,487.63,update,1170
gid://shopify/Product/15850283630917,LUSTRE MODULABLE CRISTAL,gid://shopify/ProductVariant/57844860256581,1176.9,593.99,511.7,update,1228
gid://shopify/Product/15850283630917,LUSTRE MODULABLE CRISTAL,gid://shopify/ProductVariant/57844860289349,1204.9,661.99,523.74,update,1257
gid://shopify/Product/15850283630917,LUSTRE MODULABLE CRISTAL,gid://shopify/ProductVariant/57844860322117,1218.9,568.99,487.63,update,1170
gid://shopify/Product/15850283630917,LUSTRE MODULABLE CRISTAL,gid://shopify/ProductVariant/57844860354885,1218.9,588.99,487.63,update,1170
gid://shopify/Product/15850283630917,LUSTRE MODULABLE CRISTAL,gid://shopify/ProductVariant/57844860387653,1176.9,632.99,511.7,update,1228
gid://shopify/Product/15850283630917,LUSTRE MODULABLE CRISTAL,gid://shopify/ProductVariant/57844860420421,1204.9,651.99,523.74,update,1257
gid://shopify/Product/15850283630917,LUSTRE MODULABLE CRISTAL,gid://shopify/ProductVariant/57844860453189,1218.9,619.99,487.63,update,1170
gid://shopify/Product/15850283630917,LUSTRE MODULABLE CRISTAL,gid://shopify/ProductVariant/57844860485957,1218.9,586.99,487.63,update,1170
gid://shopify/Product/15850283630917,LUSTRE MODULABLE CRISTAL,gid://shopify/ProductVariant/57844860518725,1167.9,581.99,467.01,update,1121
gid://shopify/Product/15850283630917,LUSTRE MODULABLE CRISTAL,gid://shopify/ProductVariant/57844860551493,1197.9,559.99,479.05,update,1150
gid://shopify/Product/15850283630917,LUSTRE MODULABLE CRISTAL,gid://shopify/ProductVariant/57844860584261,1106.9,532.99,442.94,update,1063
gid://shopify/Product/15850283630917,LUSTRE MODULABLE CRISTAL,gid://shopify/ProductVariant/57844860617029,1106.9,514.99,442.94,update,1063
gid://shopify/Product/15850283630917,LUSTRE MODULABLE CRISTAL,gid://shopify/ProductVariant/57844860649797,1167.9,565.99,467.01,update,1121
gid://shopify/Product/15850283630917,LUSTRE MODULABLE CRISTAL,gid://shopify/ProductVariant/57844860682565,1197.9,575.99,479.05,update,1150
gid://shopify/Product/15850283630917,LUSTRE MODULABLE CRISTAL,gid://shopify/ProductVariant/57844860715333,1106.9,563.99,442.94,update,1063
gid://shopify/Product/15850283630917,LUSTRE MODULABLE CRISTAL,gid://shopify/ProductVariant/57844860748101,1106.9,510.99,442.94,update,1063
gid://shopify/Product/15850283630917,LUSTRE MODULABLE CRISTAL,gid://shopify/ProductVariant/57844860780869,1167.9,558.99,467.01,update,1121
gid://shopify/Product/15850283630917,LUSTRE MODULABLE CRISTAL,gid://shopify/ProductVariant/57844860813637,1197.9,577.99,479.05,update,1150
gid://shopify/Product/15850283630917,LUSTRE MODULABLE CRISTAL,gid://shopify/ProductVariant/57844860846405,1106.9,563.99,442.94,update,1063
gid://shopify/Product/15850283630917,LUSTRE MODULABLE CRISTAL,gid://shopify/ProductVariant/57844860879173,1106.9,557.99,442.94,update,1063
gid://shopify/Product/15850283630917,LUSTRE MODULABLE CRISTAL,gid://shopify/ProductVariant/57844860911941,1037.9,481.99,415.06,update,996
gid://shopify/Product/15850283630917,LUSTRE MODULABLE CRISTAL,gid://shopify/ProductVariant/57844860944709,1067.9,528.99,427.09,update,1025
gid://shopify/Product/15850283630917,LUSTRE MODULABLE CRISTAL,gid://shopify/ProductVariant/57844860977477,976.9,476.99,390.99,update,938
gid://shopify/Product/15850283630917,LUSTRE MODULABLE CRISTAL,gid://shopify/ProductVariant/57844861010245,976.9,498.99,390.99,update,938
gid://shopify/Product/15850283630917,LUSTRE MODULABLE CRISTAL,gid://shopify/ProductVariant/57844861043013,1037.9,495.99,415.06,update,996
gid://shopify/Product/15850283630917,LUSTRE MODULABLE CRISTAL,gid://shopify/ProductVariant/57844861075781,1067.9,512.99,427.09,update,1025
gid://shopify/Product/15850283630917,LUSTRE MODULABLE CRISTAL,gid://shopify/ProductVariant/57844861108549,976.9,458.99,390.99,update,938
gid://shopify/Product/15850283630917,LUSTRE MODULABLE CRISTAL,gid://shopify/ProductVariant/57844861141317,976.9,454.99,390.99,update,938
gid://shopify/Product/15850283630917,LUSTRE MODULABLE CRISTAL,gid://shopify/ProductVariant/57844861174085,1037.9,522.99,415.06,update,996
gid://shopify/Product/15850283630917,LUSTRE MODULABLE CRISTAL,gid://shopify/ProductVariant/57844861206853,1067.9,515.99,427.09,update,1025
gid://shopify/Product/15850283630917,LUSTRE MODULABLE CRISTAL,gid://shopify/ProductVariant/57844861239621,976.9,482.99,390.99,update,938
gid://shopify/Product/15850283630917,LUSTRE MODULABLE CRISTAL,gid://shopify/ProductVariant/57844861272389,976.9,481.99,390.99,update,938
gid://shopify/Product/15850283630917,LUSTRE MODULABLE CRISTAL,gid://shopify/ProductVariant/57844861305157,915.9,448.99,366.34,update,879
gid://shopify/Product/15850283630917,LUSTRE MODULABLE CRISTAL,gid://shopify/ProductVariant/57844861337925,945.9,435.99,378.38,update,908
gid://shopify/Product/15850283630917,LUSTRE MODULABLE CRISTAL,gid://shopify/ProductVariant/57844861370693,854.9,427.99,342.09,update,821
gid://shopify/Product/15850283630917,LUSTRE MODULABLE CRISTAL,gid://shopify/ProductVariant/57844861403461,854.9,403.99,342.09,update,821
gid://shopify/Product/15850283630917,LUSTRE MODULABLE CRISTAL,gid://shopify/ProductVariant/57844861436229,915.9,426.99,366.34,update,879
gid://shopify/Product/15850283630917,LUSTRE MODULABLE CRISTAL,gid://shopify/ProductVariant/57844861468997,945.9,461.99,378.38,update,908
gid://shopify/Product/15850283630917,LUSTRE MODULABLE CRISTAL,gid://shopify/ProductVariant/57844861501765,854.9,395.99,342.09,update,821
gid://shopify/Product/15850283630917,LUSTRE MODULABLE CRISTAL,gid://shopify/ProductVariant/57844861534533,854.9,426.99,342.09,update,821
gid://shopify/Product/15850283630917,LUSTRE MODULABLE CRISTAL,gid://shopify/ProductVariant/57844861567301,915.9,430.99,366.34,update,879
gid://shopify/Product/15850283630917,LUSTRE MODULABLE CRISTAL,gid://shopify/ProductVariant/57844861600069,945.9,444.99,378.38,update,908
gid://shopify/Product/15850283630917,LUSTRE MODULABLE CRISTAL,gid://shopify/ProductVariant/57844861632837,854.9,431.99,342.09,update,821
gid://shopify/Product/15850283630917,LUSTRE MODULABLE CRISTAL,gid://shopify/ProductVariant/57844861665605,854.9,407.99,342.09,update,821
gid://shopify/Product/15850283630917,LUSTRE MODULABLE CRISTAL,gid://shopify/ProductVariant/57844861698373,671.9,313.99,268.83,update,645
gid://shopify/Product/15850283630917,LUSTRE MODULABLE CRISTAL,gid://shopify/ProductVariant/57844861731141,701.9,354.99,280.87,update,674
gid://shopify/Product/15850283630917,LUSTRE MODULABLE CRISTAL,gid://shopify/ProductVariant/57844861763909,610.9,280.99,244.58,update,587
gid://shopify/Product/15850283630917,LUSTRE MODULABLE CRISTAL,gid://shopify/ProductVariant/57844861796677,610.9,307.99,244.58,update,587
gid://shopify/Product/15850283630917,LUSTRE MODULABLE CRISTAL,gid://shopify/ProductVariant/57844861829445,671.9,313.99,268.83,update,645
gid://shopify/Product/15850283630917,LUSTRE MODULABLE CRISTAL,gid://shopify/ProductVariant/57844861862213,701.9,326.99,280.87,update,674
gid://shopify/Product/15850283630917,LUSTRE MODULABLE CRISTAL,gid://shopify/ProductVariant/57844861894981,610.9,288.99,244.58,update,587
gid://shopify/Product/15850283630917,LUSTRE MODULABLE CRISTAL,gid://shopify/ProductVariant/57844861927749,610.9,285.99,244.58,update,587
gid://shopify/Product/15850283630917,LUSTRE MODULABLE CRISTAL,gid://shopify/ProductVariant/57844861960517,671.9,331.99,268.83,update,645
gid://shopify/Product/15850283630917,LUSTRE MODULABLE CRISTAL,gid://shopify/ProductVariant/57844861993285,701.9,322.99,280.87,update,674
gid://shopify/Product/15850283630917,LUSTRE MODULABLE CRISTAL,gid://shopify/ProductVariant/57844862026053,610.9,280.99,244.58,update,587
gid://shopify/Product/15850283630917,LUSTRE MODULABLE CRISTAL,gid://shopify/ProductVariant/57844862058821,610.9,305.99,244.58,update,587
gid://shopify/Product/15850283630917,LUSTRE MODULABLE CRISTAL,gid://shopify/ProductVariant/57844862091589,428.9,215.99,171.72,update,412
gid://shopify/Product/15850283630917,LUSTRE MODULABLE CRISTAL,gid://shopify/ProductVariant/57844862124357,459.9,232.99,183.94,update,441
gid://shopify/Product/15850283630917,LUSTRE MODULABLE CRISTAL,gid://shopify/ProductVariant/57844862157125,368.9,183.99,147.65,update,354
gid://shopify/Product/15850283630917,LUSTRE MODULABLE CRISTAL,gid://shopify/ProductVariant/57844862189893,368.9,180.99,147.65,update,354
gid://shopify/Product/15850283630917,LUSTRE MODULABLE CRISTAL,gid://shopify/ProductVariant/57844862222661,428.9,228.99,171.72,update,412
gid://shopify/Product/15850283630917,LUSTRE MODULABLE CRISTAL,gid://shopify/ProductVariant/57844862255429,459.9,238.99,183.94,update,441
gid://shopify/Product/15850283630917,LUSTRE MODULABLE CRISTAL,gid://shopify/ProductVariant/57844862288197,368.9,196.99,147.65,update,354
gid://shopify/Product/15850283630917,LUSTRE MODULABLE CRISTAL,gid://shopify/ProductVariant/57844862320965,368.9,190.99,147.65,update,354
gid://shopify/Product/15850283630917,LUSTRE MODULABLE CRISTAL,gid://shopify/ProductVariant/57844862353733,428.9,229.99,171.72,update,412
gid://shopify/Product/15850283630917,LUSTRE MODULABLE CRISTAL,gid://shopify/ProductVariant/57844862386501,459.9,238.99,183.94,update,441
gid://shopify/Product/15850283630917,LUSTRE MODULABLE CRISTAL,gid://shopify/ProductVariant/57844862419269,368.9,181.99,147.65,update,354
gid://shopify/Product/15850283630917,LUSTRE MODULABLE CRISTAL,gid://shopify/ProductVariant/57844862452037,368.9,191.99,147.65,update,354
gid://shopify/Product/15850283663685,LAMPADAIRE CHAPEAU,gid://shopify/ProductVariant/57844858257733,1659.9,327.99,265.72,update,638
gid://shopify/Product/15850283663685,LAMPADAIRE CHAPEAU,gid://shopify/ProductVariant/57844858290501,1659.9,333.99,265.72,update,638
gid://shopify/Product/15850283663685,LAMPADAIRE CHAPEAU,gid://shopify/ProductVariant/57844858323269,1736.9,341.99,277.89,update,667
gid://shopify/Product/15850283663685,LAMPADAIRE CHAPEAU,gid://shopify/ProductVariant/57844858356037,1659.9,335.99,265.72,update,638
gid://shopify/Product/15850283663685,LAMPADAIRE CHAPEAU,gid://shopify/ProductVariant/57844858388805,1584.9,311.99,253.54,update,608
gid://shopify/Product/15850283663685,LAMPADAIRE CHAPEAU,gid://shopify/ProductVariant/57844858421573,1584.9,300.99,253.54,update,608
gid://shopify/Product/15850283663685,LAMPADAIRE CHAPEAU,gid://shopify/ProductVariant/57844858454341,1659.9,319.99,265.72,update,638
gid://shopify/Product/15850283663685,LAMPADAIRE CHAPEAU,gid://shopify/ProductVariant/57844858487109,1584.9,309.99,253.54,update,608
gid://shopify/Product/15850283893061,APPLIQUE CUIVRE ANCIEN,gid://shopify/ProductVariant/57844870381893,222.9,47.99,35.43,update,85
gid://shopify/Product/15850283893061,APPLIQUE CUIVRE ANCIEN,gid://shopify/ProductVariant/57844870414661,224.9,47.99,35.82,update,86
gid://shopify/Product/15850283893061,APPLIQUE CUIVRE ANCIEN,gid://shopify/ProductVariant/57844870447429,224.9,50.99,36.07,update,87
gid://shopify/Product/15850283893061,APPLIQUE CUIVRE ANCIEN,gid://shopify/ProductVariant/57844870480197,219.9,50.99,35.37,update,85
gid://shopify/Product/15850283893061,APPLIQUE CUIVRE ANCIEN,gid://shopify/ProductVariant/57844870512965,224.9,47.99,36.07,update,87
gid://shopify/Product/15850283893061,APPLIQUE CUIVRE ANCIEN,gid://shopify/ProductVariant/57844870545733,224.9,48.99,35.81,update,86
gid://shopify/Product/15850283893061,APPLIQUE CUIVRE ANCIEN,gid://shopify/ProductVariant/57844870578501,229.9,50.99,36.87,update,88
gid://shopify/Product/15850283893061,APPLIQUE CUIVRE ANCIEN,gid://shopify/ProductVariant/57844870611269,221.9,48.99,35.42,update,85
gid://shopify/Product/15850283893061,APPLIQUE CUIVRE ANCIEN,gid://shopify/ProductVariant/57844870644037,229.9,52.99,36.91,update,89
gid://shopify/Product/15850283893061,APPLIQUE CUIVRE ANCIEN,gid://shopify/ProductVariant/57844870676805,226.9,46.99,36.3,update,87
gid://shopify/Product/15850283893061,APPLIQUE CUIVRE ANCIEN,gid://shopify/ProductVariant/57844870709573,98.9,50.99,39.49,update,95
gid://shopify/Product/15850283893061,APPLIQUE CUIVRE ANCIEN,gid://shopify/ProductVariant/57844870742341,97.9,53.99,39.17,update,94
gid://shopify/Product/15850283893061,APPLIQUE CUIVRE ANCIEN,gid://shopify/ProductVariant/57844870775109,88.9,45.99,35.44,update,85
gid://shopify/Product/15850283893061,APPLIQUE CUIVRE ANCIEN,gid://shopify/ProductVariant/57844870807877,86.9,44.99,34.95,update,84
gid://shopify/Product/15850283893061,APPLIQUE CUIVRE ANCIEN,gid://shopify/ProductVariant/57844870840645,89.9,45.99,36.07,update,87
gid://shopify/Product/15850283893061,APPLIQUE CUIVRE ANCIEN,gid://shopify/ProductVariant/57844870873413,88.9,44.99,35.46,update,85
gid://shopify/Product/15850283893061,APPLIQUE CUIVRE ANCIEN,gid://shopify/ProductVariant/57844870906181,80.9,42.99,32.38,update,78
gid://shopify/Product/15850283893061,APPLIQUE CUIVRE ANCIEN,gid://shopify/ProductVariant/57844870938949,84.9,46.99,34.13,update,82
gid://shopify/Product/15850283925829,LUSTRE CHEVET CIRCULAIRE,gid://shopify/ProductVariant/57844870971717,191.9,38.99,30.9,update,74
gid://shopify/Product/15850283925829,LUSTRE CHEVET CIRCULAIRE,gid://shopify/ProductVariant/57844871004485,191.9,41.99,30.88,update,74
gid://shopify/Product/15850283925829,LUSTRE CHEVET CIRCULAIRE,gid://shopify/ProductVariant/57844871037253,191.9,40.99,30.93,update,74
gid://shopify/Product/15850283925829,LUSTRE CHEVET CIRCULAIRE,gid://shopify/ProductVariant/57844871070021,196.9,44.99,31.74,update,76
gid://shopify/Product/15850283925829,LUSTRE CHEVET CIRCULAIRE,gid://shopify/ProductVariant/57844871102789,196.9,42.99,31.61,update,76
gid://shopify/Product/15850283925829,LUSTRE CHEVET CIRCULAIRE,gid://shopify/ProductVariant/57844871135557,196.9,43.99,31.56,update,76
gid://shopify/Product/15850283925829,LUSTRE CHEVET CIRCULAIRE,gid://shopify/ProductVariant/57844871168325,341.9,70.99,54.81,update,132
gid://shopify/Product/15850283925829,LUSTRE CHEVET CIRCULAIRE,gid://shopify/ProductVariant/57844871201093,349.9,79.99,56.18,update,135
gid://shopify/Product/15850283925829,LUSTRE CHEVET CIRCULAIRE,gid://shopify/ProductVariant/57844871233861,349.9,75.99,55.98,update,134
gid://shopify/Product/15850283925829,LUSTRE CHEVET CIRCULAIRE,gid://shopify/ProductVariant/57844871266629,341.9,77.99,54.86,update,132
gid://shopify/Product/15850283925829,LUSTRE CHEVET CIRCULAIRE,gid://shopify/ProductVariant/57844871299397,76.9,41.99,30.9,update,74
gid://shopify/Product/15850283925829,LUSTRE CHEVET CIRCULAIRE,gid://shopify/ProductVariant/57844871332165,133.9,72.99,53.7,update,129
gid://shopify/Product/15850283925829,LUSTRE CHEVET CIRCULAIRE,gid://shopify/ProductVariant/57844871364933,133.9,71.99,53.7,update,129
gid://shopify/Product/15850283925829,LUSTRE CHEVET CIRCULAIRE,gid://shopify/ProductVariant/57844871397701,133.9,69.99,53.7,update,129
gid://shopify/Product/15850283925829,LUSTRE CHEVET CIRCULAIRE,gid://shopify/ProductVariant/57844871430469,133.9,68.99,53.7,update,129
gid://shopify/Product/15850283925829,LUSTRE CHEVET CIRCULAIRE,gid://shopify/ProductVariant/57844871463237,133.9,76.99,53.7,update,129
gid://shopify/Product/15850283925829,LUSTRE CHEVET CIRCULAIRE,gid://shopify/ProductVariant/57844871496005,66.9,37.99,26.74,update,64
gid://shopify/Product/15850283925829,LUSTRE CHEVET CIRCULAIRE,gid://shopify/ProductVariant/57844871528773,72.9,43.99,29.2,update,70
gid://shopify/Product/15850283925829,LUSTRE CHEVET CIRCULAIRE,gid://shopify/ProductVariant/57844871561541,66.9,37.99,26.65,update,64
gid://shopify/Product/15850283925829,LUSTRE CHEVET CIRCULAIRE,gid://shopify/ProductVariant/57844871594309,138.9,70.99,55.66,update,134
gid://shopify/Product/15850283925829,LUSTRE CHEVET CIRCULAIRE,gid://shopify/ProductVariant/57844871627077,136.9,74.99,54.77,update,131
gid://shopify/Product/15850283925829,LUSTRE CHEVET CIRCULAIRE,gid://shopify/ProductVariant/57844871659845,136.9,69.99,54.87,update,132
gid://shopify/Product/15850283925829,LUSTRE CHEVET CIRCULAIRE,gid://shopify/ProductVariant/57844871692613,136.9,70.99,54.67,update,131
gid://shopify/Product/15850283925829,LUSTRE CHEVET CIRCULAIRE,gid://shopify/ProductVariant/57844871725381,76.9,41.99,30.9,update,74
gid://shopify/Product/15850283925829,LUSTRE CHEVET CIRCULAIRE,gid://shopify/ProductVariant/57844871758149,133.9,70.99,53.7,update,129
gid://shopify/Product/15850283925829,LUSTRE CHEVET CIRCULAIRE,gid://shopify/ProductVariant/57844871790917,133.9,76.99,53.7,update,129
gid://shopify/Product/15850283925829,LUSTRE CHEVET CIRCULAIRE,gid://shopify/ProductVariant/57844871823685,133.9,68.99,53.7,update,129
gid://shopify/Product/15850283925829,LUSTRE CHEVET CIRCULAIRE,gid://shopify/ProductVariant/57844871856453,72.9,42.99,29.2,update,70
gid://shopify/Product/15850283925829,LUSTRE CHEVET CIRCULAIRE,gid://shopify/ProductVariant/57844871889221,72.9,41.99,29.2,update,70
gid://shopify/Product/15850283925829,LUSTRE CHEVET CIRCULAIRE,gid://shopify/ProductVariant/57844871921989,72.9,43.99,29.2,update,70
gid://shopify/Product/15850283925829,LUSTRE CHEVET CIRCULAIRE,gid://shopify/ProductVariant/57844871954757,72.9,39.99,29.2,update,70
gid://shopify/Product/15850283925829,LUSTRE CHEVET CIRCULAIRE,gid://shopify/ProductVariant/57844871987525,72.9,41.99,29.2,update,70
gid://shopify/Product/15850283958597,HORLOGE MURALE PREMIUM,gid://shopify/ProductVariant/57844872053061,684.9,134.99,109.63,update,263
gid://shopify/Product/15850283958597,HORLOGE MURALE PREMIUM,gid://shopify/ProductVariant/57844872085829,581.9,115.99,93.28,update,224
gid://shopify/Product/15850283958597,HORLOGE MURALE PREMIUM,gid://shopify/ProductVariant/57844872118597,619.9,121.99,99.05,update,238
gid://shopify/Product/15850283958597,HORLOGE MURALE PREMIUM,gid://shopify/ProductVariant/57844872151365,654.9,135.99,104.82,update,252
gid://shopify/Product/15850283958597,HORLOGE MURALE PREMIUM,gid://shopify/ProductVariant/57844872184133,684.9,146.99,109.63,update,263
gid://shopify/Product/15850283958597,HORLOGE MURALE PREMIUM,gid://shopify/ProductVariant/57844872216901,581.9,115.99,93.28,update,224
gid://shopify/Product/15850283958597,HORLOGE MURALE PREMIUM,gid://shopify/ProductVariant/57844872249669,619.9,123.99,99.05,update,238
gid://shopify/Product/15850283958597,HORLOGE MURALE PREMIUM,gid://shopify/ProductVariant/57844872282437,654.9,135.99,104.82,update,252
gid://shopify/Product/15850283958597,HORLOGE MURALE PREMIUM,gid://shopify/ProductVariant/57844872315205,581.9,123.99,93.28,update,224
gid://shopify/Product/15850283958597,HORLOGE MURALE PREMIUM,gid://shopify/ProductVariant/57844872347973,684.9,149.99,109.63,update,263
gid://shopify/Product/15850283958597,HORLOGE MURALE PREMIUM,gid://shopify/ProductVariant/57844872380741,232.9,120.99,93.28,update,224
gid://shopify/Product/15850283958597,HORLOGE MURALE PREMIUM,gid://shopify/ProductVariant/57844872413509,247.9,124.99,99.05,update,238
gid://shopify/Product/15850283958597,HORLOGE MURALE PREMIUM,gid://shopify/ProductVariant/57844872446277,261.9,128.99,104.82,update,252
gid://shopify/Product/15850283958597,HORLOGE MURALE PREMIUM,gid://shopify/ProductVariant/57844872479045,273.9,136.99,109.63,update,263
gid://shopify/Product/15850283958597,HORLOGE MURALE PREMIUM,gid://shopify/ProductVariant/57844872511813,247.9,123.99,99.05,update,238
gid://shopify/Product/15850283958597,HORLOGE MURALE PREMIUM,gid://shopify/ProductVariant/57844872544581,261.9,129.99,104.82,update,252
gid://shopify/Product/15850283991365,CADRE LUMINEUX ABSTRAIT,gid://shopify/ProductVariant/57844872642885,749.9,147.99,120.13,update,288
gid://shopify/Product/15850283991365,CADRE LUMINEUX ABSTRAIT,gid://shopify/ProductVariant/57844872675653,779.9,164.99,124.66,update,299
gid://shopify/Product/15850283991365,CADRE LUMINEUX ABSTRAIT,gid://shopify/ProductVariant/57844872708421,749.9,157.99,120.13,update,288
gid://shopify/Product/15850283991365,CADRE LUMINEUX ABSTRAIT,gid://shopify/ProductVariant/57844872741189,779.9,153.99,124.66,update,299
gid://shopify/Product/15850283991365,CADRE LUMINEUX ABSTRAIT,gid://shopify/ProductVariant/57844872773957,909.9,194.99,145.43,update,349
gid://shopify/Product/15850283991365,CADRE LUMINEUX ABSTRAIT,gid://shopify/ProductVariant/57844872806725,779.9,168.99,124.66,update,299
gid://shopify/Product/15850283991365,CADRE LUMINEUX ABSTRAIT,gid://shopify/ProductVariant/57844872839493,779.9,163.99,124.66,update,299
gid://shopify/Product/15850283991365,CADRE LUMINEUX ABSTRAIT,gid://shopify/ProductVariant/57844872872261,1286.9,239.99,205.95,update,494
gid://shopify/Product/15850283991365,CADRE LUMINEUX ABSTRAIT,gid://shopify/ProductVariant/57844872905029,1099.9,241.99,176.14,update,423
gid://shopify/Product/15850283991365,CADRE LUMINEUX ABSTRAIT,gid://shopify/ProductVariant/57844872937797,1269.9,253.99,203.24,update,488
gid://shopify/Product/15850283991365,CADRE LUMINEUX ABSTRAIT,gid://shopify/ProductVariant/57844872970565,439.9,223.99,176.14,update,423
gid://shopify/Product/15850283991365,CADRE LUMINEUX ABSTRAIT,gid://shopify/ProductVariant/57844873003333,439.9,225.99,176.14,update,423
gid://shopify/Product/15850283991365,CADRE LUMINEUX ABSTRAIT,gid://shopify/ProductVariant/57844873036101,514.9,245.99,205.95,update,494
gid://shopify/Product/15850283991365,CADRE LUMINEUX ABSTRAIT,gid://shopify/ProductVariant/57844873068869,514.9,249.99,205.95,update,494
gid://shopify/Product/15850283991365,CADRE LUMINEUX ABSTRAIT,gid://shopify/ProductVariant/57844873101637,507.9,241.99,203.24,update,488
gid://shopify/Product/15850283991365,CADRE LUMINEUX ABSTRAIT,gid://shopify/ProductVariant/57844873134405,514.9,258.99,205.95,update,494
gid://shopify/Product/15850283991365,CADRE LUMINEUX ABSTRAIT,gid://shopify/ProductVariant/57844873167173,299.9,161.99,120.13,update,288
gid://shopify/Product/15850283991365,CADRE LUMINEUX ABSTRAIT,gid://shopify/ProductVariant/57844873199941,311.9,153.99,124.66,update,299
gid://shopify/Product/15850283991365,CADRE LUMINEUX ABSTRAIT,gid://shopify/ProductVariant/57844873232709,514.9,261.99,205.95,update,494
gid://shopify/Product/15850283991365,CADRE LUMINEUX ABSTRAIT,gid://shopify/ProductVariant/57844873265477,299.9,157.99,120.13,update,288
gid://shopify/Product/15850283991365,CADRE LUMINEUX ABSTRAIT,gid://shopify/ProductVariant/57844873298245,311.9,167.99,124.66,update,299
gid://shopify/Product/15850283991365,CADRE LUMINEUX ABSTRAIT,gid://shopify/ProductVariant/57844873331013,363.9,192.99,145.43,update,349
gid://shopify/Product/15850283991365,CADRE LUMINEUX ABSTRAIT,gid://shopify/ProductVariant/57844873363781,311.9,159.99,124.66,update,299
gid://shopify/Product/15850283991365,CADRE LUMINEUX ABSTRAIT,gid://shopify/ProductVariant/57844873396549,311.9,165.99,124.66,update,299
gid://shopify/Product/15850283991365,CADRE LUMINEUX ABSTRAIT,gid://shopify/ProductVariant/57844873429317,378.9,207.99,151.75,update,364
gid://shopify/Product/15850283991365,CADRE LUMINEUX ABSTRAIT,gid://shopify/ProductVariant/57844873462085,378.9,190.99,151.75,update,364
gid://shopify/Product/15850283991365,CADRE LUMINEUX ABSTRAIT,gid://shopify/ProductVariant/57844873494853,363.9,195.99,145.43,update,349
gid://shopify/Product/15850283991365,CADRE LUMINEUX ABSTRAIT,gid://shopify/ProductVariant/57844873527621,378.9,197.99,151.75,update,364
gid://shopify/Product/15850283991365,CADRE LUMINEUX ABSTRAIT,gid://shopify/ProductVariant/57844873560389,424.9,219.99,169.82,update,408
gid://shopify/Product/15850283991365,CADRE LUMINEUX ABSTRAIT,gid://shopify/ProductVariant/57844873593157,439.9,226.99,176.14,update,423
gid://shopify/Product/15850283991365,CADRE LUMINEUX ABSTRAIT,gid://shopify/ProductVariant/57844873625925,378.9,201.99,151.75,update,364
gid://shopify/Product/15850283991365,CADRE LUMINEUX ABSTRAIT,gid://shopify/ProductVariant/57844873658693,424.9,213.99,169.82,update,408
gid://shopify/Product/15850283991365,CADRE LUMINEUX ABSTRAIT,gid://shopify/ProductVariant/57844873691461,439.9,237.99,176.14,update,423
gid://shopify/Product/15850283991365,CADRE LUMINEUX ABSTRAIT,gid://shopify/ProductVariant/57844873724229,507.9,254.99,203.24,update,488
gid://shopify/Product/15850283991365,CADRE LUMINEUX ABSTRAIT,gid://shopify/ProductVariant/57844873756997,439.9,216.99,176.14,update,423
gid://shopify/Product/15850283991365,CADRE LUMINEUX ABSTRAIT,gid://shopify/ProductVariant/57844873789765,439.9,238.99,176.14,update,423
gid://shopify/Product/15850283991365,CADRE LUMINEUX ABSTRAIT,gid://shopify/ProductVariant/57844873822533,514.9,242.99,205.95,update,494
gid://shopify/Product/15850283991365,CADRE LUMINEUX ABSTRAIT,gid://shopify/ProductVariant/57844873855301,514.9,248.99,205.95,update,494
gid://shopify/Product/15850283991365,CADRE LUMINEUX ABSTRAIT,gid://shopify/ProductVariant/57844873888069,507.9,248.99,203.24,update,488
gid://shopify/Product/15850283991365,CADRE LUMINEUX ABSTRAIT,gid://shopify/ProductVariant/57844873920837,514.9,245.99,205.95,update,494
gid://shopify/Product/15850283991365,CADRE LUMINEUX ABSTRAIT,gid://shopify/ProductVariant/57844873953605,378.9,184.99,151.75,update,364
gid://shopify/Product/15850283991365,CADRE LUMINEUX ABSTRAIT,gid://shopify/ProductVariant/57844873986373,378.9,204.99,151.75,update,364
gid://shopify/Product/15850283991365,CADRE LUMINEUX ABSTRAIT,gid://shopify/ProductVariant/57844874019141,363.9,180.99,145.43,update,349
gid://shopify/Product/15850283991365,CADRE LUMINEUX ABSTRAIT,gid://shopify/ProductVariant/57844874051909,378.9,189.99,151.75,update,364
gid://shopify/Product/15850283991365,CADRE LUMINEUX ABSTRAIT,gid://shopify/ProductVariant/57844874084677,424.9,227.99,169.82,update,408
gid://shopify/Product/15850283991365,CADRE LUMINEUX ABSTRAIT,gid://shopify/ProductVariant/57844874117445,439.9,223.99,176.14,update,423
gid://shopify/Product/15850283991365,CADRE LUMINEUX ABSTRAIT,gid://shopify/ProductVariant/57844874150213,378.9,205.99,151.75,update,364
gid://shopify/Product/15850283991365,CADRE LUMINEUX ABSTRAIT,gid://shopify/ProductVariant/57844874182981,424.9,225.99,169.82,update,408
gid://shopify/Product/15850283991365,CADRE LUMINEUX ABSTRAIT,gid://shopify/ProductVariant/57844874215749,439.9,221.99,176.14,update,423
gid://shopify/Product/15850283991365,CADRE LUMINEUX ABSTRAIT,gid://shopify/ProductVariant/57844874248517,507.9,232.99,203.24,update,488
gid://shopify/Product/15850283991365,CADRE LUMINEUX ABSTRAIT,gid://shopify/ProductVariant/57844874281285,439.9,240.99,176.14,update,423
gid://shopify/Product/15850283991365,CADRE LUMINEUX ABSTRAIT,gid://shopify/ProductVariant/57844874314053,439.9,216.99,176.14,update,423
gid://shopify/Product/15850283991365,CADRE LUMINEUX ABSTRAIT,gid://shopify/ProductVariant/57844874346821,514.9,255.99,205.95,update,494
gid://shopify/Product/15850283991365,CADRE LUMINEUX ABSTRAIT,gid://shopify/ProductVariant/57844874379589,514.9,248.99,205.95,update,494
gid://shopify/Product/15850283991365,CADRE LUMINEUX ABSTRAIT,gid://shopify/ProductVariant/57844874412357,507.9,252.99,203.24,update,488
gid://shopify/Product/15850283991365,CADRE LUMINEUX ABSTRAIT,gid://shopify/ProductVariant/57844874445125,514.9,254.99,205.95,update,494
gid://shopify/Product/15850283991365,CADRE LUMINEUX ABSTRAIT,gid://shopify/ProductVariant/57844874477893,299.9,157.99,120.13,update,288
gid://shopify/Product/15850283991365,CADRE LUMINEUX ABSTRAIT,gid://shopify/ProductVariant/57844874510661,311.9,160.99,124.66,update,299
gid://shopify/Product/15850283991365,CADRE LUMINEUX ABSTRAIT,gid://shopify/ProductVariant/57844874543429,514.9,257.99,205.95,update,494
gid://shopify/Product/15850283991365,CADRE LUMINEUX ABSTRAIT,gid://shopify/ProductVariant/57844874576197,299.9,147.99,120.13,update,288
gid://shopify/Product/15850283991365,CADRE LUMINEUX ABSTRAIT,gid://shopify/ProductVariant/57844874608965,311.9,155.99,124.66,update,299
gid://shopify/Product/15850283991365,CADRE LUMINEUX ABSTRAIT,gid://shopify/ProductVariant/57844874641733,363.9,192.99,145.43,update,349
gid://shopify/Product/15850283991365,CADRE LUMINEUX ABSTRAIT,gid://shopify/ProductVariant/57844874674501,311.9,157.99,124.66,update,299
gid://shopify/Product/15850283991365,CADRE LUMINEUX ABSTRAIT,gid://shopify/ProductVariant/57844874707269,311.9,162.99,124.66,update,299
gid://shopify/Product/15850283991365,CADRE LUMINEUX ABSTRAIT,gid://shopify/ProductVariant/57844874740037,378.9,195.99,151.75,update,364
gid://shopify/Product/15850283991365,CADRE LUMINEUX ABSTRAIT,gid://shopify/ProductVariant/57844874772805,378.9,197.99,151.75,update,364
gid://shopify/Product/15850283991365,CADRE LUMINEUX ABSTRAIT,gid://shopify/ProductVariant/57844874805573,363.9,186.99,145.43,update,349
gid://shopify/Product/15850283991365,CADRE LUMINEUX ABSTRAIT,gid://shopify/ProductVariant/57844874838341,378.9,202.99,151.75,update,364
gid://shopify/Product/15850283991365,CADRE LUMINEUX ABSTRAIT,gid://shopify/ProductVariant/57844874871109,424.9,215.99,169.82,update,408
gid://shopify/Product/15850283991365,CADRE LUMINEUX ABSTRAIT,gid://shopify/ProductVariant/57844874903877,439.9,233.99,176.14,update,423
gid://shopify/Product/15850283991365,CADRE LUMINEUX ABSTRAIT,gid://shopify/ProductVariant/57844874936645,378.9,190.99,151.75,update,364
gid://shopify/Product/15850283991365,CADRE LUMINEUX ABSTRAIT,gid://shopify/ProductVariant/57844874969413,424.9,213.99,169.82,update,408
gid://shopify/Product/15850284056901,ARBRE LUMINEUX,gid://shopify/ProductVariant/57844875002181,87.9,18.99,14.14,update,34
gid://shopify/Product/15850284089669,SUSPENSION RESTAURANT,gid://shopify/ProductVariant/57844875690309,889.9,176.99,142.35,update,342
gid://shopify/Product/15850284089669,SUSPENSION RESTAURANT,gid://shopify/ProductVariant/57844875723077,819.9,168.99,131.28,update,315
gid://shopify/Product/15850284089669,SUSPENSION RESTAURANT,gid://shopify/ProductVariant/57844875755845,819.9,161.99,131.28,update,315
gid://shopify/Product/15850284089669,SUSPENSION RESTAURANT,gid://shopify/ProductVariant/57844875788613,819.9,172.99,131.28,update,315
gid://shopify/Product/15850284089669,SUSPENSION RESTAURANT,gid://shopify/ProductVariant/57844875821381,1096.9,213.99,175.52,update,421
gid://shopify/Product/15850284089669,SUSPENSION RESTAURANT,gid://shopify/ProductVariant/57844875854149,1026.9,210.99,164.46,update,395
gid://shopify/Product/15850284089669,SUSPENSION RESTAURANT,gid://shopify/ProductVariant/57844875886917,1026.9,214.99,164.46,update,395
gid://shopify/Product/15850284089669,SUSPENSION RESTAURANT,gid://shopify/ProductVariant/57844875919685,1026.9,200.99,164.46,update,395
gid://shopify/Product/15850284089669,SUSPENSION RESTAURANT,gid://shopify/ProductVariant/57844875952453,681.9,143.99,109.16,update,262
gid://shopify/Product/15850284089669,SUSPENSION RESTAURANT,gid://shopify/ProductVariant/57844875985221,611.9,120.99,98.1,update,235
gid://shopify/Product/15850284089669,SUSPENSION RESTAURANT,gid://shopify/ProductVariant/57844876017989,244.9,125.99,98.1,update,235
gid://shopify/Product/15850284089669,SUSPENSION RESTAURANT,gid://shopify/ProductVariant/57844876050757,244.9,119.99,98.1,update,235
gid://shopify/Product/15850284089669,SUSPENSION RESTAURANT,gid://shopify/ProductVariant/57844876083525,659.9,315.99,264.01,update,634
gid://shopify/Product/15850284089669,SUSPENSION RESTAURANT,gid://shopify/ProductVariant/57844876116293,631.9,296.99,252.95,update,607
gid://shopify/Product/15850284089669,SUSPENSION RESTAURANT,gid://shopify/ProductVariant/57844876149061,631.9,300.99,252.95,update,607
gid://shopify/Product/15850284089669,SUSPENSION RESTAURANT,gid://shopify/ProductVariant/57844876181829,631.9,314.99,252.95,update,607
gid://shopify/Product/15850284089669,SUSPENSION RESTAURANT,gid://shopify/ProductVariant/57844876214597,355.9,181.99,142.35,update,342
gid://shopify/Product/15850284089669,SUSPENSION RESTAURANT,gid://shopify/ProductVariant/57844876247365,327.9,174.99,131.28,update,315
gid://shopify/Product/15850284089669,SUSPENSION RESTAURANT,gid://shopify/ProductVariant/57844876280133,327.9,176.99,131.28,update,315
gid://shopify/Product/15850284089669,SUSPENSION RESTAURANT,gid://shopify/ProductVariant/57844876312901,327.9,164.99,131.28,update,315
gid://shopify/Product/15850284089669,SUSPENSION RESTAURANT,gid://shopify/ProductVariant/57844876345669,438.9,215.99,175.52,update,421
gid://shopify/Product/15850284089669,SUSPENSION RESTAURANT,gid://shopify/ProductVariant/57844876378437,410.9,200.99,164.46,update,395
gid://shopify/Product/15850284089669,SUSPENSION RESTAURANT,gid://shopify/ProductVariant/57844876411205,410.9,213.99,164.46,update,395
gid://shopify/Product/15850284089669,SUSPENSION RESTAURANT,gid://shopify/ProductVariant/57844876443973,410.9,225.99,164.46,update,395
gid://shopify/Product/15850284089669,SUSPENSION RESTAURANT,gid://shopify/ProductVariant/57844876476741,659.9,314.99,264.01,update,634
gid://shopify/Product/15850284089669,SUSPENSION RESTAURANT,gid://shopify/ProductVariant/57844876509509,631.9,311.99,252.95,update,607
gid://shopify/Product/15850284089669,SUSPENSION RESTAURANT,gid://shopify/ProductVariant/57844876542277,631.9,315.99,252.95,update,607
gid://shopify/Product/15850284089669,SUSPENSION RESTAURANT,gid://shopify/ProductVariant/57844876575045,631.9,311.99,252.95,update,607
gid://shopify/Product/15850284089669,SUSPENSION RESTAURANT,gid://shopify/ProductVariant/57844876607813,272.9,145.99,109.16,update,262
gid://shopify/Product/15850284089669,SUSPENSION RESTAURANT,gid://shopify/ProductVariant/57844876640581,244.9,133.99,98.1,update,235
gid://shopify/Product/15850284089669,SUSPENSION RESTAURANT,gid://shopify/ProductVariant/57844876673349,244.9,121.99,98.1,update,235
gid://shopify/Product/15850284089669,SUSPENSION RESTAURANT,gid://shopify/ProductVariant/57844876706117,244.9,119.99,98.1,update,235
gid://shopify/Product/15850284187973,PLAFONNIER DESIGNER NORDIQUE,gid://shopify/ProductVariant/57844876968261,484.9,103.99,77.61,update,186
gid://shopify/Product/15850284187973,PLAFONNIER DESIGNER NORDIQUE,gid://shopify/ProductVariant/57844877001029,476.9,108.99,76.3,update,183
gid://shopify/Product/15850284187973,PLAFONNIER DESIGNER NORDIQUE,gid://shopify/ProductVariant/57844877033797,579.9,120.99,92.77,update,223
gid://shopify/Product/15850284187973,PLAFONNIER DESIGNER NORDIQUE,gid://shopify/ProductVariant/57844877066565,579.9,122.99,92.77,update,223
gid://shopify/Product/15850284187973,PLAFONNIER DESIGNER NORDIQUE,gid://shopify/ProductVariant/57844877099333,771.9,166.99,123.59,update,297
gid://shopify/Product/15850284187973,PLAFONNIER DESIGNER NORDIQUE,gid://shopify/ProductVariant/57844877132101,589.9,125.99,94.29,update,226
gid://shopify/Product/15850284187973,PLAFONNIER DESIGNER NORDIQUE,gid://shopify/ProductVariant/57844877164869,789.9,160.99,126.43,update,303
gid://shopify/Product/15850284187973,PLAFONNIER DESIGNER NORDIQUE,gid://shopify/ProductVariant/57844877197637,771.9,149.99,123.59,update,297
gid://shopify/Product/15850284187973,PLAFONNIER DESIGNER NORDIQUE,gid://shopify/ProductVariant/57844877230405,804.9,163.99,128.74,update,309
gid://shopify/Product/15850284187973,PLAFONNIER DESIGNER NORDIQUE,gid://shopify/ProductVariant/57844877263173,804.9,171.99,128.74,update,309
gid://shopify/Product/15850284187973,PLAFONNIER DESIGNER NORDIQUE,gid://shopify/ProductVariant/57844877295941,363.9,196.99,145.42,update,349
gid://shopify/Product/15850284187973,PLAFONNIER DESIGNER NORDIQUE,gid://shopify/ProductVariant/57844877328709,326.9,178.99,130.7,update,314
gid://shopify/Product/15850284187973,PLAFONNIER DESIGNER NORDIQUE,gid://shopify/ProductVariant/57844877361477,387.9,198.99,155.2,update,372
gid://shopify/Product/15850284187973,PLAFONNIER DESIGNER NORDIQUE,gid://shopify/ProductVariant/57844877394245,363.9,193.99,145.42,update,349
gid://shopify/Product/15850284187973,PLAFONNIER DESIGNER NORDIQUE,gid://shopify/ProductVariant/57844877427013,171.9,93.99,68.73,update,165
gid://shopify/Product/15850284187973,PLAFONNIER DESIGNER NORDIQUE,gid://shopify/ProductVariant/57844877459781,171.9,94.99,68.73,update,165
gid://shopify/Product/15850284187973,PLAFONNIER DESIGNER NORDIQUE,gid://shopify/ProductVariant/57844877492549,190.9,99.99,76.3,update,183
gid://shopify/Product/15850284187973,PLAFONNIER DESIGNER NORDIQUE,gid://shopify/ProductVariant/57844877525317,174.9,91.99,70.03,update,168
gid://shopify/Product/15850284286277,CASCADE MULTI-LONGUEURS,gid://shopify/ProductVariant/57844878901573,789.9,155.99,126.27,update,303
gid://shopify/Product/15850284286277,CASCADE MULTI-LONGUEURS,gid://shopify/ProductVariant/57844878934341,884.9,181.99,141.64,update,340
gid://shopify/Product/15850284286277,CASCADE MULTI-LONGUEURS,gid://shopify/ProductVariant/57844878967109,742.9,161.99,118.6,update,285
gid://shopify/Product/15850284286277,CASCADE MULTI-LONGUEURS,gid://shopify/ProductVariant/57844878999877,789.9,166.99,126.27,update,303
gid://shopify/Product/15850284286277,CASCADE MULTI-LONGUEURS,gid://shopify/ProductVariant/57844879032645,597.9,129.99,95.55,update,229
gid://shopify/Product/15850284286277,CASCADE MULTI-LONGUEURS,gid://shopify/ProductVariant/57844879065413,691.9,145.99,110.91,update,266
gid://shopify/Product/15850284286277,CASCADE MULTI-LONGUEURS,gid://shopify/ProductVariant/57844879098181,3241.9,669.99,564.1,update,1354
gid://shopify/Product/15850284286277,CASCADE MULTI-LONGUEURS,gid://shopify/ProductVariant/57844879130949,596.9,123.99,95.55,update,229
gid://shopify/Product/15850284286277,CASCADE MULTI-LONGUEURS,gid://shopify/ProductVariant/57844879163717,3109.9,621.99,541.05,update,1299
gid://shopify/Product/15850284286277,CASCADE MULTI-LONGUEURS,gid://shopify/ProductVariant/57844879196485,3199.9,659.99,556.41,update,1335
gid://shopify/Product/15850284286277,CASCADE MULTI-LONGUEURS,gid://shopify/ProductVariant/57844879229253,1217.9,586.99,487.28,update,1169
gid://shopify/Product/15850284286277,CASCADE MULTI-LONGUEURS,gid://shopify/ProductVariant/57844879262021,1243.9,662.99,541.05,update,1299
gid://shopify/Product/15850284286277,CASCADE MULTI-LONGUEURS,gid://shopify/ProductVariant/57844879294789,1160.9,572.99,464.24,update,1114
gid://shopify/Product/15850284286277,CASCADE MULTI-LONGUEURS,gid://shopify/ProductVariant/57844879327557,1198.9,579.99,479.6,update,1151
gid://shopify/Product/15850284286277,CASCADE MULTI-LONGUEURS,gid://shopify/ProductVariant/57844879360325,833.9,401.99,333.66,update,801
gid://shopify/Product/15850284286277,CASCADE MULTI-LONGUEURS,gid://shopify/ProductVariant/57844879393093,1160.9,545.99,464.24,update,1114
gid://shopify/Product/15850284286277,CASCADE MULTI-LONGUEURS,gid://shopify/ProductVariant/57844879425861,1243.9,654.99,541.05,update,1299
gid://shopify/Product/15850284286277,CASCADE MULTI-LONGUEURS,gid://shopify/ProductVariant/57844879458629,1279.9,704.99,556.41,update,1335
gid://shopify/Product/15850284286277,CASCADE MULTI-LONGUEURS,gid://shopify/ProductVariant/57844879491397,1217.9,609.99,487.28,update,1169
gid://shopify/Product/15850284286277,CASCADE MULTI-LONGUEURS,gid://shopify/ProductVariant/57844879524165,1243.9,633.99,541.05,update,1299
gid://shopify/Product/15850284286277,CASCADE MULTI-LONGUEURS,gid://shopify/ProductVariant/57844879556933,1160.9,537.99,464.24,update,1114
gid://shopify/Product/15850284286277,CASCADE MULTI-LONGUEURS,gid://shopify/ProductVariant/57844879589701,1198.9,582.99,479.6,update,1151
gid://shopify/Product/15850284286277,CASCADE MULTI-LONGUEURS,gid://shopify/ProductVariant/57844879622469,833.9,410.99,333.66,update,801
gid://shopify/Product/15850284286277,CASCADE MULTI-LONGUEURS,gid://shopify/ProductVariant/57844879655237,1160.9,553.99,464.24,update,1114
gid://shopify/Product/15850284286277,CASCADE MULTI-LONGUEURS,gid://shopify/ProductVariant/57844879688005,776.9,389.99,310.62,update,745
gid://shopify/Product/15850284286277,CASCADE MULTI-LONGUEURS,gid://shopify/ProductVariant/57844879720773,814.9,405.99,325.98,update,782
gid://shopify/Product/15850284286277,CASCADE MULTI-LONGUEURS,gid://shopify/ProductVariant/57844879753541,449.9,238.99,180.05,update,432
gid://shopify/Product/15850284286277,CASCADE MULTI-LONGUEURS,gid://shopify/ProductVariant/57844879786309,776.9,365.99,310.62,update,745
gid://shopify/Product/15850284286277,CASCADE MULTI-LONGUEURS,gid://shopify/ProductVariant/57844879819077,391.9,195.99,156.99,update,377
gid://shopify/Product/15850284286277,CASCADE MULTI-LONGUEURS,gid://shopify/ProductVariant/57844879851845,430.9,209.99,172.37,update,414
gid://shopify/Product/15850284286277,CASCADE MULTI-LONGUEURS,gid://shopify/ProductVariant/57844879884613,372.9,187.99,149.32,update,358
gid://shopify/Product/15850284286277,CASCADE MULTI-LONGUEURS,gid://shopify/ProductVariant/57844879917381,391.9,202.99,156.99,update,377
gid://shopify/Product/15850284286277,CASCADE MULTI-LONGUEURS,gid://shopify/ProductVariant/57844879950149,1296.9,710.99,564.1,update,1354
gid://shopify/Product/15850284286277,CASCADE MULTI-LONGUEURS,gid://shopify/ProductVariant/57844879982917,776.9,359.99,310.62,update,745
gid://shopify/Product/15850284286277,CASCADE MULTI-LONGUEURS,gid://shopify/ProductVariant/57844880015685,814.9,391.99,325.98,update,782
gid://shopify/Product/15850284286277,CASCADE MULTI-LONGUEURS,gid://shopify/ProductVariant/57844880048453,449.9,236.99,180.05,update,432
gid://shopify/Product/15850284286277,CASCADE MULTI-LONGUEURS,gid://shopify/ProductVariant/57844880081221,776.9,364.99,310.62,update,745
gid://shopify/Product/15850284286277,CASCADE MULTI-LONGUEURS,gid://shopify/ProductVariant/57844880113989,391.9,208.99,156.99,update,377
gid://shopify/Product/15850284286277,CASCADE MULTI-LONGUEURS,gid://shopify/ProductVariant/57844880146757,430.9,222.99,172.37,update,414
gid://shopify/Product/15850284286277,CASCADE MULTI-LONGUEURS,gid://shopify/ProductVariant/57844880179525,372.9,186.99,149.32,update,358
gid://shopify/Product/15850284286277,CASCADE MULTI-LONGUEURS,gid://shopify/ProductVariant/57844880212293,391.9,207.99,156.99,update,377
gid://shopify/Product/15850284286277,CASCADE MULTI-LONGUEURS,gid://shopify/ProductVariant/57844880245061,315.9,153.99,126.27,update,303
gid://shopify/Product/15850284286277,CASCADE MULTI-LONGUEURS,gid://shopify/ProductVariant/57844880277829,353.9,188.99,141.64,update,340
gid://shopify/Product/15850284286277,CASCADE MULTI-LONGUEURS,gid://shopify/ProductVariant/57844880310597,296.9,158.99,118.6,update,285
gid://shopify/Product/15850284286277,CASCADE MULTI-LONGUEURS,gid://shopify/ProductVariant/57844880343365,315.9,155.99,126.27,update,303
gid://shopify/Product/15850284286277,CASCADE MULTI-LONGUEURS,gid://shopify/ProductVariant/57844880376133,238.9,122.99,95.55,update,229
gid://shopify/Product/15850284286277,CASCADE MULTI-LONGUEURS,gid://shopify/ProductVariant/57844880408901,276.9,137.99,110.91,update,266
gid://shopify/Product/15850284286277,CASCADE MULTI-LONGUEURS,gid://shopify/ProductVariant/57844880441669,238.9,130.99,95.55,update,229
gid://shopify/Product/15850284319045,SUSPENSION CRISTAL CUISINE,gid://shopify/ProductVariant/57844880539973,2119.9,403.99,339.17,update,814
gid://shopify/Product/15850284319045,SUSPENSION CRISTAL CUISINE,gid://shopify/ProductVariant/57844880572741,2119.9,402.99,339.17,update,814
gid://shopify/Product/15850284319045,SUSPENSION CRISTAL CUISINE,gid://shopify/ProductVariant/57844880605509,1776.9,357.99,284.47,update,683
gid://shopify/Product/15850284319045,SUSPENSION CRISTAL CUISINE,gid://shopify/ProductVariant/57844880638277,1776.9,352.99,284.47,update,683
gid://shopify/Product/15850284319045,SUSPENSION CRISTAL CUISINE,gid://shopify/ProductVariant/57844880671045,2119.9,402.99,339.17,update,814
gid://shopify/Product/15850284319045,SUSPENSION CRISTAL CUISINE,gid://shopify/ProductVariant/57844880703813,1776.9,337.99,284.47,update,683
gid://shopify/Product/15850284319045,SUSPENSION CRISTAL CUISINE,gid://shopify/ProductVariant/57844880736581,1339.9,256.99,214.24,update,514
gid://shopify/Product/15850284319045,SUSPENSION CRISTAL CUISINE,gid://shopify/ProductVariant/57844880769349,1339.9,256.99,214.24,update,514
gid://shopify/Product/15850284319045,SUSPENSION CRISTAL CUISINE,gid://shopify/ProductVariant/57844880802117,1339.9,253.99,214.24,update,514
gid://shopify/Product/15850284351813,SUSPENSION ILOT CUISINE,gid://shopify/ProductVariant/57844880867653,386.9,83.99,61.99,update,149
gid://shopify/Product/15850284351813,SUSPENSION ILOT CUISINE,gid://shopify/ProductVariant/57844880900421,304.9,64.99,48.94,update,117
gid://shopify/Product/15850284351813,SUSPENSION ILOT CUISINE,gid://shopify/ProductVariant/57844880933189,304.9,66.99,48.63,update,117
gid://shopify/Product/15850284351813,SUSPENSION ILOT CUISINE,gid://shopify/ProductVariant/57844880965957,286.9,59.99,45.88,update,110
gid://shopify/Product/15850284351813,SUSPENSION ILOT CUISINE,gid://shopify/ProductVariant/57844880998725,304.9,67.99,48.68,update,117
gid://shopify/Product/15850284351813,SUSPENSION ILOT CUISINE,gid://shopify/ProductVariant/57844881031493,301.9,60.99,48.36,update,116
gid://shopify/Product/15850284351813,SUSPENSION ILOT CUISINE,gid://shopify/ProductVariant/57844881064261,326.9,74.99,52.42,update,126
gid://shopify/Product/15850284351813,SUSPENSION ILOT CUISINE,gid://shopify/ProductVariant/57844881097029,289.9,62.99,46.58,update,112
gid://shopify/Product/15850284351813,SUSPENSION ILOT CUISINE,gid://shopify/ProductVariant/57844881129797,289.9,63.99,46.35,update,111
gid://shopify/Product/15850284351813,SUSPENSION ILOT CUISINE,gid://shopify/ProductVariant/57844881162565,399.9,88.99,63.99,update,154
gid://shopify/Product/15850284351813,SUSPENSION ILOT CUISINE,gid://shopify/ProductVariant/57844881195333,159.9,88.99,63.99,update,154
gid://shopify/Product/15850284351813,SUSPENSION ILOT CUISINE,gid://shopify/ProductVariant/57844881228101,150.9,80.99,60.53,update,145
gid://shopify/Product/15850284351813,SUSPENSION ILOT CUISINE,gid://shopify/ProductVariant/57844881260869,159.9,81.99,63.96,update,154
gid://shopify/Product/15850284351813,SUSPENSION ILOT CUISINE,gid://shopify/ProductVariant/57844881293637,150.9,83.99,60.46,update,145
gid://shopify/Product/15850284384581,PLAFONNIER MULTI-TETES ALU,gid://shopify/ProductVariant/57844881359173,806.9,174.99,129.36,update,310
gid://shopify/Product/15850284384581,PLAFONNIER MULTI-TETES ALU,gid://shopify/ProductVariant/57844881391941,806.9,176.99,129.36,update,310
gid://shopify/Product/15850284384581,PLAFONNIER MULTI-TETES ALU,gid://shopify/ProductVariant/57844881424709,851.9,171.99,136.28,update,327
gid://shopify/Product/15850284384581,PLAFONNIER MULTI-TETES ALU,gid://shopify/ProductVariant/57844881457477,806.9,170.99,129.36,update,310
gid://shopify/Product/15850284384581,PLAFONNIER MULTI-TETES ALU,gid://shopify/ProductVariant/57844881490245,671.9,137.99,107.62,update,258
gid://shopify/Product/15850284384581,PLAFONNIER MULTI-TETES ALU,gid://shopify/ProductVariant/57844881523013,634.9,138.99,101.64,update,244
gid://shopify/Product/15850284384581,PLAFONNIER MULTI-TETES ALU,gid://shopify/ProductVariant/57844881555781,671.9,139.99,107.62,update,258
gid://shopify/Product/15850284384581,PLAFONNIER MULTI-TETES ALU,gid://shopify/ProductVariant/57844881588549,671.9,146.99,107.62,update,258
gid://shopify/Product/15850284384581,PLAFONNIER MULTI-TETES ALU,gid://shopify/ProductVariant/57844881621317,589.9,116.99,94.59,update,227
gid://shopify/Product/15850284384581,PLAFONNIER MULTI-TETES ALU,gid://shopify/ProductVariant/57844881654085,589.9,129.99,94.59,update,227
gid://shopify/Product/15850284384581,PLAFONNIER MULTI-TETES ALU,gid://shopify/ProductVariant/57844881686853,253.9,125.99,101.64,update,244
gid://shopify/Product/15850284384581,PLAFONNIER MULTI-TETES ALU,gid://shopify/ProductVariant/57844881719621,253.9,138.99,101.64,update,244
gid://shopify/Product/15850284384581,PLAFONNIER MULTI-TETES ALU,gid://shopify/ProductVariant/57844881752389,216.9,108.99,86.83,update,208
gid://shopify/Product/15850284384581,PLAFONNIER MULTI-TETES ALU,gid://shopify/ProductVariant/57844881785157,216.9,106.99,86.83,update,208
gid://shopify/Product/15850284384581,PLAFONNIER MULTI-TETES ALU,gid://shopify/ProductVariant/57844881817925,235.9,120.99,94.59,update,227
gid://shopify/Product/15850284384581,PLAFONNIER MULTI-TETES ALU,gid://shopify/ProductVariant/57844881850693,216.9,115.99,86.83,update,208
gid://shopify/Product/15850284384581,PLAFONNIER MULTI-TETES ALU,gid://shopify/ProductVariant/57844881883461,340.9,172.99,136.28,update,327
gid://shopify/Product/15850284384581,PLAFONNIER MULTI-TETES ALU,gid://shopify/ProductVariant/57844881916229,340.9,178.99,136.28,update,327
gid://shopify/Product/15850284450117,PLAFONNIER COULOIR NORDIQUE,gid://shopify/ProductVariant/57844882047301,401.9,85.99,64.24,update,154
gid://shopify/Product/15850284450117,PLAFONNIER COULOIR NORDIQUE,gid://shopify/ProductVariant/57844882080069,291.9,58.99,46.64,update,112
gid://shopify/Product/15850284450117,PLAFONNIER COULOIR NORDIQUE,gid://shopify/ProductVariant/57844882112837,264.9,53.99,42.24,update,101
gid://shopify/Product/15850284450117,PLAFONNIER COULOIR NORDIQUE,gid://shopify/ProductVariant/57844882145605,264.9,59.99,42.24,update,101
gid://shopify/Product/15850284450117,PLAFONNIER COULOIR NORDIQUE,gid://shopify/ProductVariant/57844882178373,374.9,84.99,59.84,update,144
gid://shopify/Product/15850284450117,PLAFONNIER COULOIR NORDIQUE,gid://shopify/ProductVariant/57844882211141,264.9,56.99,42.24,update,101
gid://shopify/Product/15850284450117,PLAFONNIER COULOIR NORDIQUE,gid://shopify/ProductVariant/57844882243909,444.9,100.99,71.27,update,171
gid://shopify/Product/15850284450117,PLAFONNIER COULOIR NORDIQUE,gid://shopify/ProductVariant/57844882276677,374.9,81.99,59.84,update,144
gid://shopify/Product/15850284450117,PLAFONNIER COULOIR NORDIQUE,gid://shopify/ProductVariant/57844882309445,594.9,117.99,95.03,update,228
gid://shopify/Product/15850284450117,PLAFONNIER COULOIR NORDIQUE,gid://shopify/ProductVariant/57844882342213,291.9,59.99,46.64,update,112
gid://shopify/Product/15850284450117,PLAFONNIER COULOIR NORDIQUE,gid://shopify/ProductVariant/57844882374981,237.9,119.99,95.03,update,228
gid://shopify/Product/15850284450117,PLAFONNIER COULOIR NORDIQUE,gid://shopify/ProductVariant/57844882407749,188.9,107.99,75.67,update,182
gid://shopify/Product/15850284450117,PLAFONNIER COULOIR NORDIQUE,gid://shopify/ProductVariant/57844882440517,248.9,132.99,99.43,update,239
gid://shopify/Product/15850284450117,PLAFONNIER COULOIR NORDIQUE,gid://shopify/ProductVariant/57844882473285,237.9,128.99,95.03,update,228
gid://shopify/Product/15850284450117,PLAFONNIER COULOIR NORDIQUE,gid://shopify/ProductVariant/57844882506053,177.9,101.99,71.27,update,171
gid://shopify/Product/15850284450117,PLAFONNIER COULOIR NORDIQUE,gid://shopify/ProductVariant/57844882538821,177.9,92.99,71.27,update,171
gid://shopify/Product/15850284450117,PLAFONNIER COULOIR NORDIQUE,gid://shopify/ProductVariant/57844882571589,105.9,54.99,42.24,update,101
gid://shopify/Product/15850284450117,PLAFONNIER COULOIR NORDIQUE,gid://shopify/ProductVariant/57844882604357,105.9,53.99,42.24,update,101
gid://shopify/Product/15850284450117,PLAFONNIER COULOIR NORDIQUE,gid://shopify/ProductVariant/57844882637125,149.9,83.99,59.84,update,144
gid://shopify/Product/15850284450117,PLAFONNIER COULOIR NORDIQUE,gid://shopify/ProductVariant/57844882669893,116.9,65.99,46.64,update,112
gid://shopify/Product/15850284450117,PLAFONNIER COULOIR NORDIQUE,gid://shopify/ProductVariant/57844882702661,149.9,79.99,59.84,update,144
gid://shopify/Product/15850284450117,PLAFONNIER COULOIR NORDIQUE,gid://shopify/ProductVariant/57844882735429,149.9,81.99,59.84,update,144
gid://shopify/Product/15850284450117,PLAFONNIER COULOIR NORDIQUE,gid://shopify/ProductVariant/57844882768197,177.9,92.99,71.27,update,171
gid://shopify/Product/15850284450117,PLAFONNIER COULOIR NORDIQUE,gid://shopify/ProductVariant/57844882800965,160.9,91.99,64.24,update,154
gid://shopify/Product/15850284450117,PLAFONNIER COULOIR NORDIQUE,gid://shopify/ProductVariant/57844882833733,237.9,128.99,95.03,update,228
gid://shopify/Product/15850284450117,PLAFONNIER COULOIR NORDIQUE,gid://shopify/ProductVariant/57844882866501,177.9,102.99,71.27,update,171
gid://shopify/Product/15850284450117,PLAFONNIER COULOIR NORDIQUE,gid://shopify/ProductVariant/57844882899269,188.9,106.99,75.67,update,182
gid://shopify/Product/15850284450117,PLAFONNIER COULOIR NORDIQUE,gid://shopify/ProductVariant/57844882932037,177.9,100.99,71.27,update,171
gid://shopify/Product/15850284450117,PLAFONNIER COULOIR NORDIQUE,gid://shopify/ProductVariant/57844882964805,248.9,120.99,99.43,update,239
gid://shopify/Product/15850284450117,PLAFONNIER COULOIR NORDIQUE,gid://shopify/ProductVariant/57844882997573,237.9,126.99,95.03,update,228
gid://shopify/Product/15850284450117,PLAFONNIER COULOIR NORDIQUE,gid://shopify/ProductVariant/57844883030341,237.9,119.99,95.03,update,228
gid://shopify/Product/15850284450117,PLAFONNIER COULOIR NORDIQUE,gid://shopify/ProductVariant/57844883063109,188.9,107.99,75.67,update,182
gid://shopify/Product/15850284450117,PLAFONNIER COULOIR NORDIQUE,gid://shopify/ProductVariant/57844883095877,105.9,58.99,42.24,update,101
gid://shopify/Product/15850284450117,PLAFONNIER COULOIR NORDIQUE,gid://shopify/ProductVariant/57844883128645,160.9,90.99,64.24,update,154
gid://shopify/Product/15850284450117,PLAFONNIER COULOIR NORDIQUE,gid://shopify/ProductVariant/57844883161413,237.9,127.99,95.03,update,228
gid://shopify/Product/15850284450117,PLAFONNIER COULOIR NORDIQUE,gid://shopify/ProductVariant/57844883194181,149.9,78.99,59.84,update,144
gid://shopify/Product/15850284450117,PLAFONNIER COULOIR NORDIQUE,gid://shopify/ProductVariant/57844883226949,149.9,83.99,59.84,update,144
gid://shopify/Product/15850284450117,PLAFONNIER COULOIR NORDIQUE,gid://shopify/ProductVariant/57844883259717,237.9,116.99,95.03,update,228
gid://shopify/Product/15850284450117,PLAFONNIER COULOIR NORDIQUE,gid://shopify/ProductVariant/57844883292485,177.9,100.99,71.27,update,171
gid://shopify/Product/15850284450117,PLAFONNIER COULOIR NORDIQUE,gid://shopify/ProductVariant/57844883325253,177.9,100.99,71.27,update,171
gid://shopify/Product/15850284450117,PLAFONNIER COULOIR NORDIQUE,gid://shopify/ProductVariant/57844883358021,237.9,118.99,95.03,update,228
gid://shopify/Product/15850284450117,PLAFONNIER COULOIR NORDIQUE,gid://shopify/ProductVariant/57844883390789,177.9,100.99,71.27,update,171
gid://shopify/Product/15850284450117,PLAFONNIER COULOIR NORDIQUE,gid://shopify/ProductVariant/57844883423557,248.9,127.99,99.43,update,239
gid://shopify/Product/15850284450117,PLAFONNIER COULOIR NORDIQUE,gid://shopify/ProductVariant/57844883456325,105.9,55.99,42.24,update,101
gid://shopify/Product/15850284450117,PLAFONNIER COULOIR NORDIQUE,gid://shopify/ProductVariant/57844883489093,149.9,83.99,59.84,update,144
gid://shopify/Product/15850284450117,PLAFONNIER COULOIR NORDIQUE,gid://shopify/ProductVariant/57844883521861,105.9,54.99,42.24,update,101
gid://shopify/Product/15850284450117,PLAFONNIER COULOIR NORDIQUE,gid://shopify/ProductVariant/57844883554629,149.9,75.99,59.84,update,144
gid://shopify/Product/15850284450117,PLAFONNIER COULOIR NORDIQUE,gid://shopify/ProductVariant/57844883587397,105.9,54.99,42.24,update,101
gid://shopify/Product/15850284482885,PLAFONNIER 10 FLAMMES,gid://shopify/ProductVariant/57844883620165,1179.9,246.99,188.95,update,453
gid://shopify/Product/15850284515653,LUSTRE VERRE LUXE,gid://shopify/ProductVariant/57844883685701,966.9,202.99,154.65,update,371
gid://shopify/Product/15850284515653,LUSTRE VERRE LUXE,gid://shopify/ProductVariant/57844883718469,966.9,205.99,154.65,update,371
gid://shopify/Product/15850284515653,LUSTRE VERRE LUXE,gid://shopify/ProductVariant/57844883751237,669.9,133.99,107.0,update,257
gid://shopify/Product/15850284515653,LUSTRE VERRE LUXE,gid://shopify/ProductVariant/57844883784005,669.9,140.99,107.0,update,257
gid://shopify/Product/15850284515653,LUSTRE VERRE LUXE,gid://shopify/ProductVariant/57844883816773,966.9,194.99,154.65,update,371
gid://shopify/Product/15850284515653,LUSTRE VERRE LUXE,gid://shopify/ProductVariant/57844883849541,966.9,199.99,154.65,update,371
gid://shopify/Product/15850284515653,LUSTRE VERRE LUXE,gid://shopify/ProductVariant/57844883882309,506.9,109.99,81.08,update,195
gid://shopify/Product/15850284515653,LUSTRE VERRE LUXE,gid://shopify/ProductVariant/57844883915077,506.9,108.99,81.08,update,195
gid://shopify/Product/15850284515653,LUSTRE VERRE LUXE,gid://shopify/ProductVariant/57844883947845,669.9,131.99,107.0,update,257
gid://shopify/Product/15850284515653,LUSTRE VERRE LUXE,gid://shopify/ProductVariant/57844883980613,669.9,136.99,107.0,update,257
gid://shopify/Product/15850284515653,LUSTRE VERRE LUXE,gid://shopify/ProductVariant/57844884013381,152.9,79.99,61.02,update,146
gid://shopify/Product/15850284515653,LUSTRE VERRE LUXE,gid://shopify/ProductVariant/57844884046149,152.9,77.99,61.02,update,146
gid://shopify/Product/15850284515653,LUSTRE VERRE LUXE,gid://shopify/ProductVariant/57844884078917,202.9,107.99,81.08,update,195
gid://shopify/Product/15850284515653,LUSTRE VERRE LUXE,gid://shopify/ProductVariant/57844884111685,202.9,106.99,81.08,update,195
gid://shopify/Product/15850284515653,LUSTRE VERRE LUXE,gid://shopify/ProductVariant/57844884144453,152.9,79.99,61.02,update,146
gid://shopify/Product/15850284515653,LUSTRE VERRE LUXE,gid://shopify/ProductVariant/57844884177221,152.9,84.99,61.02,update,146
gid://shopify/Product/15850284548421,BOUQUET PISSENLIT,gid://shopify/ProductVariant/57844884275525,712.9,143.99,113.82,update,273
gid://shopify/Product/15850284548421,BOUQUET PISSENLIT,gid://shopify/ProductVariant/57844884308293,547.9,115.99,87.61,update,210
gid://shopify/Product/15850284548421,BOUQUET PISSENLIT,gid://shopify/ProductVariant/57844884341061,547.9,119.99,87.61,update,210
gid://shopify/Product/15850284548421,BOUQUET PISSENLIT,gid://shopify/ProductVariant/57844884373829,712.9,140.99,113.82,update,273
gid://shopify/Product/15850284548421,BOUQUET PISSENLIT,gid://shopify/ProductVariant/57844884406597,547.9,107.99,87.61,update,210
gid://shopify/Product/15850284548421,BOUQUET PISSENLIT,gid://shopify/ProductVariant/57844884439365,546.9,107.99,87.61,update,210
gid://shopify/Product/15850284548421,BOUQUET PISSENLIT,gid://shopify/ProductVariant/57844884472133,711.9,147.99,113.82,update,273
gid://shopify/Product/15850284548421,BOUQUET PISSENLIT,gid://shopify/ProductVariant/57844884504901,711.9,142.99,113.82,update,273
gid://shopify/Product/15850284581189,PLAFONNIER VILLA DUPLEX,gid://shopify/ProductVariant/57844887388485,856.9,182.99,137.28,update,329
gid://shopify/Product/15850284581189,PLAFONNIER VILLA DUPLEX,gid://shopify/ProductVariant/57844887421253,869.9,170.99,139.32,update,334
gid://shopify/Product/15850284581189,PLAFONNIER VILLA DUPLEX,gid://shopify/ProductVariant/57844887454021,836.9,174.99,133.94,update,321
gid://shopify/Product/15850284581189,PLAFONNIER VILLA DUPLEX,gid://shopify/ProductVariant/57844887486789,916.9,190.99,146.93,update,353
gid://shopify/Product/15850284581189,PLAFONNIER VILLA DUPLEX,gid://shopify/ProductVariant/57844887519557,374.9,84.99,60.17,update,144
gid://shopify/Product/15850284581189,PLAFONNIER VILLA DUPLEX,gid://shopify/ProductVariant/57844887552325,371.9,77.99,59.76,update,143
gid://shopify/Product/15850284581189,PLAFONNIER VILLA DUPLEX,gid://shopify/ProductVariant/57844887585093,374.9,85.99,59.8,update,144
gid://shopify/Product/15850284581189,PLAFONNIER VILLA DUPLEX,gid://shopify/ProductVariant/57844887617861,409.9,83.99,65.52,update,157
gid://shopify/Product/15850284581189,PLAFONNIER VILLA DUPLEX,gid://shopify/ProductVariant/57844887650629,724.9,144.99,116.03,update,278
gid://shopify/Product/15850284581189,PLAFONNIER VILLA DUPLEX,gid://shopify/ProductVariant/57844887683397,856.9,179.99,137.08,update,329
gid://shopify/Product/15850284581189,PLAFONNIER VILLA DUPLEX,gid://shopify/ProductVariant/57844887716165,286.9,151.99,114.96,update,276
gid://shopify/Product/15850284581189,PLAFONNIER VILLA DUPLEX,gid://shopify/ProductVariant/57844887748933,344.9,172.99,137.89,update,331
gid://shopify/Product/15850284581189,PLAFONNIER VILLA DUPLEX,gid://shopify/ProductVariant/57844887781701,293.9,144.99,117.43,update,282
gid://shopify/Product/15850284581189,PLAFONNIER VILLA DUPLEX,gid://shopify/ProductVariant/57844887814469,334.9,181.99,133.94,update,321
gid://shopify/Product/15850284581189,PLAFONNIER VILLA DUPLEX,gid://shopify/ProductVariant/57844887847237,302.9,151.99,121.31,update,291
gid://shopify/Product/15850284581189,PLAFONNIER VILLA DUPLEX,gid://shopify/ProductVariant/57844887880005,361.9,189.99,144.67,update,347
gid://shopify/Product/15850284581189,PLAFONNIER VILLA DUPLEX,gid://shopify/ProductVariant/57844887912773,232.9,121.99,93.0,update,223
gid://shopify/Product/15850284581189,PLAFONNIER VILLA DUPLEX,gid://shopify/ProductVariant/57844887945541,233.9,119.99,93.42,update,224
gid://shopify/Product/15850284581189,PLAFONNIER VILLA DUPLEX,gid://shopify/ProductVariant/57844887978309,234.9,122.99,94.06,update,226
gid://shopify/Product/15850284581189,PLAFONNIER VILLA DUPLEX,gid://shopify/ProductVariant/57844888011077,252.9,131.99,101.34,update,243
gid://shopify/Product/15850284581189,PLAFONNIER VILLA DUPLEX,gid://shopify/ProductVariant/57844888043845,163.9,93.99,65.47,update,157
gid://shopify/Product/15850284581189,PLAFONNIER VILLA DUPLEX,gid://shopify/ProductVariant/57844888076613,281.9,140.99,112.9,update,271
gid://shopify/Product/15850284581189,PLAFONNIER VILLA DUPLEX,gid://shopify/ProductVariant/57844888109381,164.9,91.99,65.85,update,158
gid://shopify/Product/15850284581189,PLAFONNIER VILLA DUPLEX,gid://shopify/ProductVariant/57844888142149,281.9,141.99,112.9,update,271
gid://shopify/Product/15850284581189,PLAFONNIER VILLA DUPLEX,gid://shopify/ProductVariant/57844888174917,164.9,87.99,65.92,update,158
gid://shopify/Product/15850284581189,PLAFONNIER VILLA DUPLEX,gid://shopify/ProductVariant/57844888207685,281.9,148.99,112.9,update,271
gid://shopify/Product/15850284581189,PLAFONNIER VILLA DUPLEX,gid://shopify/ProductVariant/57844888240453,183.9,96.99,73.5,update,176
gid://shopify/Product/15850284581189,PLAFONNIER VILLA DUPLEX,gid://shopify/ProductVariant/57844888273221,297.9,150.99,118.87,update,285
gid://shopify/Product/15850284581189,PLAFONNIER VILLA DUPLEX,gid://shopify/ProductVariant/57844888305989,197.9,110.99,79.36,update,190
gid://shopify/Product/15850284581189,PLAFONNIER VILLA DUPLEX,gid://shopify/ProductVariant/57844888338757,234.9,114.99,94.0,update,226
gid://shopify/Product/15850284581189,PLAFONNIER VILLA DUPLEX,gid://shopify/ProductVariant/57844888371525,196.9,106.99,78.98,update,190
gid://shopify/Product/15850284581189,PLAFONNIER VILLA DUPLEX,gid://shopify/ProductVariant/57844888404293,232.9,127.99,93.39,update,224
gid://shopify/Product/15850284581189,PLAFONNIER VILLA DUPLEX,gid://shopify/ProductVariant/57844888437061,200.9,110.99,80.57,update,193
gid://shopify/Product/15850284581189,PLAFONNIER VILLA DUPLEX,gid://shopify/ProductVariant/57844888469829,233.9,114.99,93.59,update,225
gid://shopify/Product/15850284581189,PLAFONNIER VILLA DUPLEX,gid://shopify/ProductVariant/57844888502597,207.9,103.99,83.21,update,200
gid://shopify/Product/15850284581189,PLAFONNIER VILLA DUPLEX,gid://shopify/ProductVariant/57844888535365,254.9,127.99,101.96,update,245
gid://shopify/Product/15850284581189,PLAFONNIER VILLA DUPLEX,gid://shopify/ProductVariant/57844888568133,165.9,94.99,66.29,update,159
gid://shopify/Product/15850284581189,PLAFONNIER VILLA DUPLEX,gid://shopify/ProductVariant/57844888600901,166.9,94.99,66.68,update,160
gid://shopify/Product/15850284581189,PLAFONNIER VILLA DUPLEX,gid://shopify/ProductVariant/57844888633669,166.9,94.99,66.62,update,160
gid://shopify/Product/15850284581189,PLAFONNIER VILLA DUPLEX,gid://shopify/ProductVariant/57844888666437,184.9,98.99,74.09,update,178
gid://shopify/Product/15850284581189,PLAFONNIER VILLA DUPLEX,gid://shopify/ProductVariant/57844888699205,149.9,77.99,59.81,update,144
gid://shopify/Product/15850284581189,PLAFONNIER VILLA DUPLEX,gid://shopify/ProductVariant/57844888731973,197.9,111.99,79.04,update,190
gid://shopify/Product/15850284581189,PLAFONNIER VILLA DUPLEX,gid://shopify/ProductVariant/57844888764741,149.9,83.99,60.19,update,144
gid://shopify/Product/15850284581189,PLAFONNIER VILLA DUPLEX,gid://shopify/ProductVariant/57844888797509,196.9,108.99,78.88,update,189
gid://shopify/Product/15850284581189,PLAFONNIER VILLA DUPLEX,gid://shopify/ProductVariant/57844888830277,148.9,85.99,59.42,update,143
gid://shopify/Product/15850284581189,PLAFONNIER VILLA DUPLEX,gid://shopify/ProductVariant/57844888863045,196.9,108.99,78.91,update,189
gid://shopify/Product/15850284581189,PLAFONNIER VILLA DUPLEX,gid://shopify/ProductVariant/57844888895813,162.9,82.99,65.24,update,157
gid://shopify/Product/15850284581189,PLAFONNIER VILLA DUPLEX,gid://shopify/ProductVariant/57844888928581,213.9,114.99,85.69,update,206
gid://shopify/Product/15850284646725,LUSTRE ESCALIER CRISTAL DORE,gid://shopify/ProductVariant/57844884799813,8279.9,1791.99,1440.0,update,3456
gid://shopify/Product/15850284646725,LUSTRE ESCALIER CRISTAL DORE,gid://shopify/ProductVariant/57844884832581,8279.9,1692.99,1440.0,update,3456
gid://shopify/Product/15850284646725,LUSTRE ESCALIER CRISTAL DORE,gid://shopify/ProductVariant/57844884865349,8279.9,1713.99,1440.0,update,3456
gid://shopify/Product/15850284646725,LUSTRE ESCALIER CRISTAL DORE,gid://shopify/ProductVariant/57844884898117,8279.9,1841.99,1440.0,update,3456
gid://shopify/Product/15850284646725,LUSTRE ESCALIER CRISTAL DORE,gid://shopify/ProductVariant/57844884930885,8279.9,1776.99,1440.0,update,3456
gid://shopify/Product/15850284646725,LUSTRE ESCALIER CRISTAL DORE,gid://shopify/ProductVariant/57844884963653,8279.9,1737.99,1440.0,update,3456
gid://shopify/Product/15850284646725,LUSTRE ESCALIER CRISTAL DORE,gid://shopify/ProductVariant/57844884996421,6709.9,1419.99,1166.99,update,2801
gid://shopify/Product/15850284646725,LUSTRE ESCALIER CRISTAL DORE,gid://shopify/ProductVariant/57844885029189,6709.9,1359.99,1166.99,update,2801
gid://shopify/Product/15850284646725,LUSTRE ESCALIER CRISTAL DORE,gid://shopify/ProductVariant/57844885061957,6709.9,1375.99,1166.99,update,2801
gid://shopify/Product/15850284646725,LUSTRE ESCALIER CRISTAL DORE,gid://shopify/ProductVariant/57844885094725,6709.9,1392.99,1166.99,update,2801
gid://shopify/Product/15850284646725,LUSTRE ESCALIER CRISTAL DORE,gid://shopify/ProductVariant/57844885127493,2282.9,1216.99,992.59,update,2382
gid://shopify/Product/15850284646725,LUSTRE ESCALIER CRISTAL DORE,gid://shopify/ProductVariant/57844885160261,2282.9,1170.99,992.59,update,2382
gid://shopify/Product/15850284646725,LUSTRE ESCALIER CRISTAL DORE,gid://shopify/ProductVariant/57844885193029,2683.9,1374.99,1166.99,update,2801
gid://shopify/Product/15850284646725,LUSTRE ESCALIER CRISTAL DORE,gid://shopify/ProductVariant/57844885225797,2683.9,1351.99,1166.99,update,2801
gid://shopify/Product/15850284646725,LUSTRE ESCALIER CRISTAL DORE,gid://shopify/ProductVariant/57844885258565,2282.9,1221.99,992.59,update,2382
gid://shopify/Product/15850284646725,LUSTRE ESCALIER CRISTAL DORE,gid://shopify/ProductVariant/57844885291333,2282.9,1170.99,992.59,update,2382
gid://shopify/Product/15850284646725,LUSTRE ESCALIER CRISTAL DORE,gid://shopify/ProductVariant/57844885324101,2282.9,1257.99,992.59,update,2382
gid://shopify/Product/15850284646725,LUSTRE ESCALIER CRISTAL DORE,gid://shopify/ProductVariant/57844885356869,2282.9,1251.99,992.59,update,2382
gid://shopify/Product/15850284646725,LUSTRE ESCALIER CRISTAL DORE,gid://shopify/ProductVariant/57844885389637,1997.9,1006.99,868.72,update,2085
gid://shopify/Product/15850284646725,LUSTRE ESCALIER CRISTAL DORE,gid://shopify/ProductVariant/57844885422405,1997.9,1024.99,868.72,update,2085
gid://shopify/Product/15850284646725,LUSTRE ESCALIER CRISTAL DORE,gid://shopify/ProductVariant/57844885455173,1997.9,1073.99,868.72,update,2085
gid://shopify/Product/15850284646725,LUSTRE ESCALIER CRISTAL DORE,gid://shopify/ProductVariant/57844885487941,1997.9,1022.99,868.72,update,2085
gid://shopify/Product/15850284646725,LUSTRE ESCALIER CRISTAL DORE,gid://shopify/ProductVariant/57844885520709,494.9,244.99,198.03,update,475
gid://shopify/Product/15850284646725,LUSTRE ESCALIER CRISTAL DORE,gid://shopify/ProductVariant/57844885553477,494.9,270.99,198.03,update,475
gid://shopify/Product/15850284646725,LUSTRE ESCALIER CRISTAL DORE,gid://shopify/ProductVariant/57844885586245,494.9,258.99,198.03,update,475
gid://shopify/Product/15850284646725,LUSTRE ESCALIER CRISTAL DORE,gid://shopify/ProductVariant/57844885619013,494.9,255.99,198.03,update,475
gid://shopify/Product/15850284646725,LUSTRE ESCALIER CRISTAL DORE,gid://shopify/ProductVariant/57844885651781,370.9,198.99,148.32,update,356
gid://shopify/Product/15850284646725,LUSTRE ESCALIER CRISTAL DORE,gid://shopify/ProductVariant/57844885684549,370.9,199.99,148.32,update,356
gid://shopify/Product/15850284646725,LUSTRE ESCALIER CRISTAL DORE,gid://shopify/ProductVariant/57844885717317,494.9,246.99,198.03,update,475
gid://shopify/Product/15850284646725,LUSTRE ESCALIER CRISTAL DORE,gid://shopify/ProductVariant/57844885750085,494.9,243.99,198.03,update,475
gid://shopify/Product/15850284646725,LUSTRE ESCALIER CRISTAL DORE,gid://shopify/ProductVariant/57844885782853,370.9,190.99,148.32,update,356
gid://shopify/Product/15850284646725,LUSTRE ESCALIER CRISTAL DORE,gid://shopify/ProductVariant/57844885815621,370.9,190.99,148.32,update,356
gid://shopify/Product/15850284646725,LUSTRE ESCALIER CRISTAL DORE,gid://shopify/ProductVariant/57844885848389,370.9,191.99,148.32,update,356
gid://shopify/Product/15850284646725,LUSTRE ESCALIER CRISTAL DORE,gid://shopify/ProductVariant/57844885881157,370.9,197.99,148.32,update,356
gid://shopify/Product/15850284646725,LUSTRE ESCALIER CRISTAL DORE,gid://shopify/ProductVariant/57844885913925,221.9,116.99,88.83,update,213
gid://shopify/Product/15850284646725,LUSTRE ESCALIER CRISTAL DORE,gid://shopify/ProductVariant/57844885946693,221.9,121.99,88.83,update,213
gid://shopify/Product/15850284646725,LUSTRE ESCALIER CRISTAL DORE,gid://shopify/ProductVariant/57844885979461,221.9,108.99,88.83,update,213
gid://shopify/Product/15850284646725,LUSTRE ESCALIER CRISTAL DORE,gid://shopify/ProductVariant/57844886012229,221.9,113.99,88.83,update,213
gid://shopify/Product/15850284646725,LUSTRE ESCALIER CRISTAL DORE,gid://shopify/ProductVariant/57844886044997,221.9,112.99,88.83,update,213
gid://shopify/Product/15850284646725,LUSTRE ESCALIER CRISTAL DORE,gid://shopify/ProductVariant/57844886077765,221.9,119.99,88.83,update,213
gid://shopify/Product/15850284646725,LUSTRE ESCALIER CRISTAL DORE,gid://shopify/ProductVariant/57844886110533,1712.9,879.99,744.85,update,1788
gid://shopify/Product/15850284646725,LUSTRE ESCALIER CRISTAL DORE,gid://shopify/ProductVariant/57844886143301,1712.9,873.99,744.85,update,1788
gid://shopify/Product/15850284646725,LUSTRE ESCALIER CRISTAL DORE,gid://shopify/ProductVariant/57844886176069,1997.9,1048.99,868.72,update,2085
gid://shopify/Product/15850284646725,LUSTRE ESCALIER CRISTAL DORE,gid://shopify/ProductVariant/57844886208837,1997.9,1045.99,868.72,update,2085
gid://shopify/Product/15850284646725,LUSTRE ESCALIER CRISTAL DORE,gid://shopify/ProductVariant/57844886241605,1712.9,882.99,744.85,update,1788
gid://shopify/Product/15850284646725,LUSTRE ESCALIER CRISTAL DORE,gid://shopify/ProductVariant/57844886274373,1712.9,879.99,744.85,update,1788
gid://shopify/Product/15850284646725,LUSTRE ESCALIER CRISTAL DORE,gid://shopify/ProductVariant/57844886307141,1712.9,944.99,744.85,update,1788
gid://shopify/Product/15850284646725,LUSTRE ESCALIER CRISTAL DORE,gid://shopify/ProductVariant/57844886339909,1712.9,898.99,744.85,update,1788
gid://shopify/Product/15850284646725,LUSTRE ESCALIER CRISTAL DORE,gid://shopify/ProductVariant/57844886372677,1425.9,781.99,620.16,update,1488
gid://shopify/Product/15850284646725,LUSTRE ESCALIER CRISTAL DORE,gid://shopify/ProductVariant/57844886405445,1425.9,756.99,620.16,update,1488
gid://shopify/Product/15850284646725,LUSTRE ESCALIER CRISTAL DORE,gid://shopify/ProductVariant/57844886438213,1425.9,716.99,620.16,update,1488
gid://shopify/Product/15850284646725,LUSTRE ESCALIER CRISTAL DORE,gid://shopify/ProductVariant/57844886470981,1425.9,792.99,620.16,update,1488
gid://shopify/Product/15850284646725,LUSTRE ESCALIER CRISTAL DORE,gid://shopify/ProductVariant/57844886503749,1240.9,623.99,496.3,update,1191
gid://shopify/Product/15850284646725,LUSTRE ESCALIER CRISTAL DORE,gid://shopify/ProductVariant/57844886536517,1240.9,632.99,496.3,update,1191
gid://shopify/Product/15850284646725,LUSTRE ESCALIER CRISTAL DORE,gid://shopify/ProductVariant/57844886569285,1425.9,786.99,620.16,update,1488
gid://shopify/Product/15850284646725,LUSTRE ESCALIER CRISTAL DORE,gid://shopify/ProductVariant/57844886602053,1425.9,780.99,620.16,update,1488
gid://shopify/Product/15850284646725,LUSTRE ESCALIER CRISTAL DORE,gid://shopify/ProductVariant/57844886634821,1240.9,580.99,496.3,update,1191
gid://shopify/Product/15850284646725,LUSTRE ESCALIER CRISTAL DORE,gid://shopify/ProductVariant/57844886667589,1240.9,601.99,496.3,update,1191
gid://shopify/Product/15850284646725,LUSTRE ESCALIER CRISTAL DORE,gid://shopify/ProductVariant/57844886700357,1240.9,583.99,496.3,update,1191
gid://shopify/Product/15850284646725,LUSTRE ESCALIER CRISTAL DORE,gid://shopify/ProductVariant/57844886733125,1240.9,595.99,496.3,update,1191
gid://shopify/Product/15850284646725,LUSTRE ESCALIER CRISTAL DORE,gid://shopify/ProductVariant/57844886765893,1052.9,486.99,421.32,update,1011
gid://shopify/Product/15850284646725,LUSTRE ESCALIER CRISTAL DORE,gid://shopify/ProductVariant/57844886798661,1052.9,504.99,421.32,update,1011
gid://shopify/Product/15850284646725,LUSTRE ESCALIER CRISTAL DORE,gid://shopify/ProductVariant/57844886831429,1052.9,537.99,421.32,update,1011
gid://shopify/Product/15850284646725,LUSTRE ESCALIER CRISTAL DORE,gid://shopify/ProductVariant/57844886864197,1052.9,498.99,421.32,update,1011
gid://shopify/Product/15850284646725,LUSTRE ESCALIER CRISTAL DORE,gid://shopify/ProductVariant/57844886896965,743.9,371.99,297.45,update,714
gid://shopify/Product/15850284646725,LUSTRE ESCALIER CRISTAL DORE,gid://shopify/ProductVariant/57844886929733,743.9,358.99,297.45,update,714
gid://shopify/Product/15850284646725,LUSTRE ESCALIER CRISTAL DORE,gid://shopify/ProductVariant/57844886962501,1052.9,506.99,421.32,update,1011
gid://shopify/Product/15850284646725,LUSTRE ESCALIER CRISTAL DORE,gid://shopify/ProductVariant/57844886995269,1052.9,535.99,421.32,update,1011
gid://shopify/Product/15850284646725,LUSTRE ESCALIER CRISTAL DORE,gid://shopify/ProductVariant/57844887028037,743.9,379.99,297.45,update,714
gid://shopify/Product/15850284646725,LUSTRE ESCALIER CRISTAL DORE,gid://shopify/ProductVariant/57844887060805,743.9,362.99,297.45,update,714
gid://shopify/Product/15850284646725,LUSTRE ESCALIER CRISTAL DORE,gid://shopify/ProductVariant/57844887093573,743.9,368.99,297.45,update,714
gid://shopify/Product/15850284646725,LUSTRE ESCALIER CRISTAL DORE,gid://shopify/ProductVariant/57844887126341,743.9,347.99,297.45,update,714
gid://shopify/Product/15850284777797,SUSPENSION VESTIAIRE MODERNE,gid://shopify/ProductVariant/57844889157957,521.9,109.99,83.78,update,201
gid://shopify/Product/15850284777797,SUSPENSION VESTIAIRE MODERNE,gid://shopify/ProductVariant/57844889190725,411.9,90.99,65.89,update,158
gid://shopify/Product/15850284777797,SUSPENSION VESTIAIRE MODERNE,gid://shopify/ProductVariant/57844889223493,446.9,92.99,71.54,update,172
gid://shopify/Product/15850284777797,SUSPENSION VESTIAIRE MODERNE,gid://shopify/ProductVariant/57844889256261,484.9,108.99,77.66,update,186
gid://shopify/Product/15850284777797,SUSPENSION VESTIAIRE MODERNE,gid://shopify/ProductVariant/57844889289029,484.9,105.99,77.66,update,186
gid://shopify/Product/15850284777797,SUSPENSION VESTIAIRE MODERNE,gid://shopify/ProductVariant/57844889321797,446.9,100.99,71.54,update,172
gid://shopify/Product/15850284777797,SUSPENSION VESTIAIRE MODERNE,gid://shopify/ProductVariant/57844889354565,411.9,89.99,65.89,update,158
gid://shopify/Product/15850284777797,SUSPENSION VESTIAIRE MODERNE,gid://shopify/ProductVariant/57844889387333,446.9,90.99,71.54,update,172
gid://shopify/Product/15850284777797,SUSPENSION VESTIAIRE MODERNE,gid://shopify/ProductVariant/57844889420101,521.9,105.99,83.78,update,201
gid://shopify/Product/15850284777797,SUSPENSION VESTIAIRE MODERNE,gid://shopify/ProductVariant/57844889452869,446.9,90.99,71.54,update,172
gid://shopify/Product/15850284777797,SUSPENSION VESTIAIRE MODERNE,gid://shopify/ProductVariant/57844889485637,193.9,110.99,77.66,update,186
gid://shopify/Product/15850284777797,SUSPENSION VESTIAIRE MODERNE,gid://shopify/ProductVariant/57844889518405,193.9,110.99,77.66,update,186
gid://shopify/Product/15850284777797,SUSPENSION VESTIAIRE MODERNE,gid://shopify/ProductVariant/57844889551173,178.9,100.99,71.54,update,172
gid://shopify/Product/15850284777797,SUSPENSION VESTIAIRE MODERNE,gid://shopify/ProductVariant/57844889583941,164.9,86.99,65.89,update,158
gid://shopify/Product/15850284777797,SUSPENSION VESTIAIRE MODERNE,gid://shopify/ProductVariant/57844889616709,178.9,91.99,71.54,update,172
gid://shopify/Product/15850284777797,SUSPENSION VESTIAIRE MODERNE,gid://shopify/ProductVariant/57844889649477,164.9,93.99,65.89,update,158
gid://shopify/Product/15850284777797,SUSPENSION VESTIAIRE MODERNE,gid://shopify/ProductVariant/57844889682245,208.9,113.99,83.78,update,201
gid://shopify/Product/15850284777797,SUSPENSION VESTIAIRE MODERNE,gid://shopify/ProductVariant/57844889715013,164.9,84.99,65.89,update,158
gid://shopify/Product/15850284777797,SUSPENSION VESTIAIRE MODERNE,gid://shopify/ProductVariant/57844889747781,178.9,96.99,71.54,update,172
gid://shopify/Product/15850284777797,SUSPENSION VESTIAIRE MODERNE,gid://shopify/ProductVariant/57844889780549,193.9,99.99,77.66,update,186
gid://shopify/Product/15850284777797,SUSPENSION VESTIAIRE MODERNE,gid://shopify/ProductVariant/57844889813317,193.9,108.99,77.66,update,186
gid://shopify/Product/15850284777797,SUSPENSION VESTIAIRE MODERNE,gid://shopify/ProductVariant/57844889846085,178.9,99.99,71.54,update,172
gid://shopify/Product/15850284777797,SUSPENSION VESTIAIRE MODERNE,gid://shopify/ProductVariant/57844889878853,164.9,84.99,65.89,update,158
gid://shopify/Product/15850284777797,SUSPENSION VESTIAIRE MODERNE,gid://shopify/ProductVariant/57844889911621,178.9,96.99,71.54,update,172
gid://shopify/Product/15850284810565,LAMPADAIRE ARC NORDIQUE,gid://shopify/ProductVariant/57844889977157,571.9,124.99,91.41,update,219
gid://shopify/Product/15850284810565,LAMPADAIRE ARC NORDIQUE,gid://shopify/ProductVariant/57844890009925,621.9,134.99,99.47,update,239
gid://shopify/Product/15850284810565,LAMPADAIRE ARC NORDIQUE,gid://shopify/ProductVariant/57844890042693,571.9,114.99,91.41,update,219
gid://shopify/Product/15850284810565,LAMPADAIRE ARC NORDIQUE,gid://shopify/ProductVariant/57844890075461,621.9,128.99,99.47,update,239
gid://shopify/Product/15850284810565,LAMPADAIRE ARC NORDIQUE,gid://shopify/ProductVariant/57844890108229,14.9,2.99,2.31,skipped(suspect),
gid://shopify/Product/15850284810565,LAMPADAIRE ARC NORDIQUE,gid://shopify/ProductVariant/57844890140997,14.9,2.99,2.31,skipped(suspect),
gid://shopify/Product/15850284810565,LAMPADAIRE ARC NORDIQUE,gid://shopify/ProductVariant/57844890173765,729.9,157.99,116.7,update,280
gid://shopify/Product/15850284810565,LAMPADAIRE ARC NORDIQUE,gid://shopify/ProductVariant/57844890206533,811.9,163.99,130.03,update,312
gid://shopify/Product/15850284876101,VORYN,gid://shopify/ProductVariant/57844895154501,249.9,125.99,56.59,update,136
gid://shopify/Product/15850284876101,VORYN,gid://shopify/ProductVariant/57844894236997,274.9,143.99,60.94,update,146
gid://shopify/Product/15850284876101,VORYN,gid://shopify/ProductVariant/57844894204229,299.9,162.99,69.45,update,167
gid://shopify/Product/15850284876101,VORYN,gid://shopify/ProductVariant/57844894335301,324.9,165.99,76.16,update,183
gid://shopify/Product/15850284876101,VORYN,gid://shopify/ProductVariant/57844893942085,349.9,174.99,83.69,update,201
gid://shopify/Product/15850284876101,VORYN,gid://shopify/ProductVariant/57844894007621,374.9,205.99,87.6,update,210
gid://shopify/Product/15850284876101,VORYN,gid://shopify/ProductVariant/57844894073157,399.9,207.99,98.81,update,237
gid://shopify/Product/15850284876101,VORYN,gid://shopify/ProductVariant/57844894466373,424.9,208.99,107.19,update,257
gid://shopify/Product/15850284876101,VORYN,gid://shopify/ProductVariant/57844894892357,249.9,71.99,56.59,update,136
gid://shopify/Product/15850284876101,VORYN,gid://shopify/ProductVariant/57844894597445,274.9,78.99,60.94,update,146
gid://shopify/Product/15850284876101,VORYN,gid://shopify/ProductVariant/57844894564677,120.0,95.99,69.45,update,167
gid://shopify/Product/15850284876101,VORYN,gid://shopify/ProductVariant/57844894695749,130.0,106.99,76.16,update,183
gid://shopify/Product/15850284876101,VORYN,gid://shopify/ProductVariant/57844894761285,140.0,106.99,83.69,update,201
gid://shopify/Product/15850284876101,VORYN,gid://shopify/ProductVariant/57844895416645,150.0,106.99,87.6,update,210
gid://shopify/Product/15850284876101,VORYN,gid://shopify/ProductVariant/57844895482181,160.0,125.99,98.81,update,237
gid://shopify/Product/15850284876101,VORYN,gid://shopify/ProductVariant/57844895088965,170.0,146.99,107.19,update,257
gid://shopify/Product/15850284876101,VORYN,gid://shopify/ProductVariant/57844895613253,100.0,129.99,56.59,update,136
gid://shopify/Product/15850284876101,VORYN,gid://shopify/ProductVariant/57844895711557,110.0,150.99,60.94,update,146
gid://shopify/Product/15850284876101,VORYN,gid://shopify/ProductVariant/57844896039237,120.0,161.99,69.45,update,167
gid://shopify/Product/15850284876101,VORYN,gid://shopify/ProductVariant/57844896170309,130.0,157.99,76.16,update,183
gid://shopify/Product/15850284876101,VORYN,gid://shopify/ProductVariant/57844895777093,140.0,185.99,83.69,update,201
gid://shopify/Product/15850284876101,VORYN,gid://shopify/ProductVariant/57844895842629,150.0,198.99,87.6,update,210
gid://shopify/Product/15850284876101,VORYN,gid://shopify/ProductVariant/57844895908165,160.0,207.99,98.81,update,237
gid://shopify/Product/15850284876101,VORYN,gid://shopify/ProductVariant/57844894826821,170.0,213.99,107.19,update,257
gid://shopify/Product/15850284941637,AEVYX,gid://shopify/ProductVariant/57844890468677,62.9,0.00,15.45,update,37
gid://shopify/Product/15850284941637,AEVYX,gid://shopify/ProductVariant/57844890501445,62.9,0.00,0.0,skipped(suspect),
gid://shopify/Product/15850284941637,AEVYX,gid://shopify/ProductVariant/57844890534213,62.9,0.00,15.78,update,38
gid://shopify/Product/15850284941637,AEVYX,gid://shopify/ProductVariant/57844890566981,62.9,0.00,14.49,update,35
gid://shopify/Product/15850285007173,VÉON,gid://shopify/ProductVariant/57844890796357,749.9,372.99,178.47,update,428
gid://shopify/Product/15850285007173,VÉON,gid://shopify/ProductVariant/57844891124037,749.9,350.99,178.47,update,428
gid://shopify/Product/15850285007173,VÉON,gid://shopify/ProductVariant/57844891255109,1124.9,538.99,321.09,update,771
gid://shopify/Product/15850285007173,VÉON,gid://shopify/ProductVariant/57844890927429,1124.9,574.99,321.09,update,771
gid://shopify/Product/15850285007173,VÉON,gid://shopify/ProductVariant/57844890861893,1374.9,677.99,428.66,update,1029
gid://shopify/Product/15850285007173,VÉON,gid://shopify/ProductVariant/57844890992965,1374.9,671.99,428.66,update,1029
gid://shopify/Product/15850285007173,VÉON,gid://shopify/ProductVariant/57844891648325,1624.9,804.99,536.23,update,1287
gid://shopify/Product/15850285007173,VÉON,gid://shopify/ProductVariant/57844891681093,1624.9,817.99,536.23,update,1287
gid://shopify/Product/15850285007173,VÉON,gid://shopify/ProductVariant/57844891451717,1999.9,999.99,642.99,update,1543
gid://shopify/Product/15850285007173,VÉON,gid://shopify/ProductVariant/57844891386181,1999.9,942.99,642.99,update,1543
gid://shopify/Product/15850285007173,VÉON,gid://shopify/ProductVariant/57844891517253,950.0,1095.99,786.42,update,1887
gid://shopify/Product/15850285007173,VÉON,gid://shopify/ProductVariant/57844891550021,950.0,1130.99,786.42,update,1887
gid://shopify/Product/15850285007173,VÉON,gid://shopify/ProductVariant/57844892107077,1250.0,1480.99,1072.46,update,2574
gid://shopify/Product/15850285007173,VÉON,gid://shopify/ProductVariant/57844892238149,1250.0,1470.99,1072.46,update,2574
gid://shopify/Product/15850285007173,VÉON,gid://shopify/ProductVariant/57844891910469,1600.0,2035.99,1430.22,update,3433
gid://shopify/Product/15850285007173,VÉON,gid://shopify/ProductVariant/57844891943237,1600.0,2021.99,1430.22,update,3433
gid://shopify/Product/15850285039941,NYRO,gid://shopify/ProductVariant/57844892369221,124.9,66.99,26.12,update,63
gid://shopify/Product/15850285039941,NYRO,gid://shopify/ProductVariant/57844892434757,199.9,101.99,53.77,update,129
gid://shopify/Product/15850285039941,NYRO,gid://shopify/ProductVariant/57844892467525,124.9,64.99,26.12,update,63
gid://shopify/Product/15850285039941,NYRO,gid://shopify/ProductVariant/57844892565829,199.9,100.99,53.77,update,129
gid://shopify/Product/15850285039941,NYRO,gid://shopify/ProductVariant/57844892795205,199.9,108.99,53.77,update,129
gid://shopify/Product/15850285039941,NYRO,gid://shopify/ProductVariant/57844892827973,199.9,104.99,53.77,update,129
gid://shopify/Product/15850285039941,NYRO,gid://shopify/ProductVariant/57844893090117,124.9,68.99,26.12,update,63
gid://shopify/Product/15850285039941,NYRO,gid://shopify/ProductVariant/57844893811013,124.9,64.99,26.12,update,63
gid://shopify/Product/15850285171013,ZYEL,gid://shopify/ProductVariant/57844897644869,124.9,69.99,9.64,skipped(suspect),
gid://shopify/Product/15850285171013,ZYEL,gid://shopify/ProductVariant/57844897251653,124.9,67.99,9.64,skipped(suspect),
gid://shopify/Product/15850285171013,ZYEL,gid://shopify/ProductVariant/57844897579333,149.9,85.99,22.25,update,53
gid://shopify/Product/15850285171013,ZYEL,gid://shopify/ProductVariant/57844897186117,149.9,79.99,22.25,update,53
gid://shopify/Product/15850285171013,ZYEL,gid://shopify/ProductVariant/57844897349957,174.9,95.99,32.19,update,77
gid://shopify/Product/15850285171013,ZYEL,gid://shopify/ProductVariant/57844897513797,174.9,98.99,32.19,update,77
gid://shopify/Product/15850285171013,ZYEL,gid://shopify/ProductVariant/57844897284421,249.9,130.99,68.39,update,164
gid://shopify/Product/15850285171013,ZYEL,gid://shopify/ProductVariant/57844897448261,249.9,134.99,68.39,update,164
gid://shopify/Product/15850285171013,ZYEL,gid://shopify/ProductVariant/57844897612101,149.9,81.99,11.13,skipped(suspect),
gid://shopify/Product/15850285171013,ZYEL,gid://shopify/ProductVariant/57844897218885,149.9,82.99,11.13,skipped(suspect),
gid://shopify/Product/15850285171013,ZYEL,gid://shopify/ProductVariant/57844897382725,70.0,89.99,25.54,update,61
gid://shopify/Product/15850285171013,ZYEL,gid://shopify/ProductVariant/57844897546565,70.0,91.99,25.54,update,61
gid://shopify/Product/15850285171013,ZYEL,gid://shopify/ProductVariant/57844897317189,80.0,100.99,34.93,update,84
gid://shopify/Product/15850285171013,ZYEL,gid://shopify/ProductVariant/57844897481029,80.0,97.99,34.93,update,84
gid://shopify/Product/15850285171013,ZYEL,gid://shopify/ProductVariant/57844897415493,110.0,137.99,72.19,update,173
gid://shopify/Product/15850285171013,ZYEL,gid://shopify/ProductVariant/57844897677637,110.0,134.99,72.19,update,173
gid://shopify/Product/15850285203781,SUSPENSION CRISTAL DIAMETRE,gid://shopify/ProductVariant/57844897743173,1044.9,205.99,167.06,update,401
gid://shopify/Product/15850285203781,SUSPENSION CRISTAL DIAMETRE,gid://shopify/ProductVariant/57844897775941,1286.9,238.99,206.18,update,495
gid://shopify/Product/15850285203781,SUSPENSION CRISTAL DIAMETRE,gid://shopify/ProductVariant/57844897808709,2326.9,468.99,372.43,update,894
gid://shopify/Product/15850285203781,SUSPENSION CRISTAL DIAMETRE,gid://shopify/ProductVariant/57844897841477,3111.9,663.99,541.12,update,1299
gid://shopify/Product/15850285203781,SUSPENSION CRISTAL DIAMETRE,gid://shopify/ProductVariant/57844897874245,4066.9,886.99,707.36,update,1698
gid://shopify/Product/15850285302085,VIOR,gid://shopify/ProductVariant/57844900626757,149.9,85.99,16.09,skipped(suspect),
gid://shopify/Product/15850285302085,VIOR,gid://shopify/ProductVariant/57844900659525,149.9,79.99,18.4,skipped(suspect),
gid://shopify/Product/15850285334853,LYXEN,gid://shopify/ProductVariant/57844900954437,299.9,156.99,34.85,skipped(suspect),
gid://shopify/Product/15850285334853,LYXEN,gid://shopify/ProductVariant/57844901019973,424.9,228.99,79.11,update,190
gid://shopify/Product/15850285334853,LYXEN,gid://shopify/ProductVariant/57844901052741,549.9,252.99,124.87,update,300
gid://shopify/Product/15850285334853,LYXEN,gid://shopify/ProductVariant/57844901183813,649.9,325.99,168.34,update,404
gid://shopify/Product/15850285334853,LYXEN,gid://shopify/ProductVariant/57844901216581,449.9,238.99,80.28,update,193
gid://shopify/Product/15850285334853,LYXEN,gid://shopify/ProductVariant/57844901413189,749.9,357.99,211.82,update,508
gid://shopify/Product/15850285334853,LYXEN,gid://shopify/ProductVariant/57844901544261,249.9,123.99,34.85,skipped(suspect),
gid://shopify/Product/15850285433157,KAOR,gid://shopify/ProductVariant/57844903084357,149.9,76.99,44.81,update,108
gid://shopify/Product/15850285433157,KAOR,gid://shopify/ProductVariant/57844903346501,149.9,80.99,40.46,update,97
gid://shopify/Product/15850285433157,KAOR,gid://shopify/ProductVariant/57844902854981,374.9,182.99,102.04,update,245
gid://shopify/Product/15850285433157,KAOR,gid://shopify/ProductVariant/57844902920517,374.9,187.99,110.76,update,266
